2000-09-18 00:00:00	1485.25	1489.75	1462.25	1467.5	104794
2000-09-19 00:00:00	1467.0	1482.75	1466.75	1478.5	103371
2000-09-20 00:00:00	1478.75	1480.5	1450.25	1469.5	109667
2000-09-21 00:00:00	1470.25	1474.0	1455.5	1469.5	98528
2000-09-22 00:00:00	1454.75	1471.0	1436.75	1468.5	97416
2000-09-25 00:00:00	1469.5	1477.75	1455.5	1461.0	85491
2000-09-26 00:00:00	1461.0	1467.0	1442.5	1443.0	99803
2000-09-27 00:00:00	1444.0	1456.0	1438.25	1446.75	101996
2000-09-28 00:00:00	1447.75	1481.0	1445.0	1476.0	84280
2000-09-29 00:00:00	1473.0	1473.25	1454.0	1454.0	78277
2000-10-02 00:00:00	1453.75	1464.25	1447.5	1456.25	84100
2000-10-03 00:00:00	1457.25	1474.0	1438.75	1441.5	89440
2000-10-04 00:00:00	1442.0	1457.25	1432.5	1450.25	101607
2000-10-05 00:00:00	1449.5	1462.0	1447.25	1456.0	92232
2000-10-06 00:00:00	1456.0	1460.5	1411.5	1426.25	95257
2000-10-09 00:00:00	1425.25	1426.75	1408.0	1416.5	67432
2000-10-10 00:00:00	1417.5	1424.5	1390.0	1391.0	106613
2000-10-11 00:00:00	1393.5	1398.0	1361.75	1378.5	132059
2000-10-12 00:00:00	1379.5	1387.75	1339.0	1344.0	110135
2000-10-13 00:00:00	1346.25	1387.75	1339.5	1386.25	86048
2000-10-16 00:00:00	1386.0	1393.75	1378.25	1392.0	85209
2000-10-17 00:00:00	1391.0	1395.5	1355.0	1359.75	99618
2000-10-18 00:00:00	1362.75	1372.0	1324.0	1353.75	112021
2000-10-19 00:00:00	1356.0	1404.0	1356.0	1401.75	88966
2000-10-20 00:00:00	1402.0	1422.0	1394.5	1411.0	71889
2000-10-23 00:00:00	1411.0	1419.75	1399.75	1417.0	85786
2000-10-24 00:00:00	1415.25	1428.75	1399.0	1404.25	99159
2000-10-25 00:00:00	1405.25	1405.5	1370.5	1374.0	110358
2000-10-26 00:00:00	1374.75	1384.25	1348.5	1371.0	118287
2000-10-27 00:00:00	1370.0	1402.0	1368.0	1401.0	81305
2000-10-30 00:00:00	1398.0	1419.5	1387.0	1411.25	101978
2000-10-31 00:00:00	1413.25	1445.5	1408.25	1440.75	89660
2000-11-01 00:00:00	1441.0	1441.0	1419.5	1432.5	92961
2000-11-02 00:00:00	1432.25	1444.5	1430.0	1435.0	77315
2000-11-03 00:00:00	1434.25	1444.5	1430.5	1436.75	66960
2000-11-06 00:00:00	1436.0	1452.5	1436.0	1445.5	57591
2000-11-07 00:00:00	1444.5	1446.0	1432.0	1444.0	63778
2000-11-08 00:00:00	1443.75	1455.0	1410.5	1412.0	88328
2000-11-09 00:00:00	1413.75	1420.75	1378.5	1403.5	110522
2000-11-10 00:00:00	1404.75	1408.0	1370.5	1372.25	90707
2000-11-13 00:00:00	1369.0	1373.0	1335.0	1358.75	121521
2000-11-14 00:00:00	1359.0	1399.75	1358.5	1394.0	101344
2000-11-15 00:00:00	1394.25	1404.5	1381.5	1397.5	89420
2000-11-16 00:00:00	1396.75	1402.75	1376.5	1379.25	180156
2000-11-17 00:00:00	1378.75	1393.5	1360.25	1370.5	90660
2000-11-20 00:00:00	1369.75	1373.5	1345.25	1347.75	82907
2000-11-21 00:00:00	1348.25	1362.75	1336.5	1356.0	82365
2000-11-22 00:00:00	1356.0	1361.0	1322.0	1323.0	76824
2000-11-24 00:00:00	1323.25	1349.5	1320.25	1346.5	24125
2000-11-27 00:00:00	1348.5	1367.75	1348.5	1359.0	89335
2000-11-28 00:00:00	1358.5	1364.5	1337.5	1338.5	89335
2000-11-29 00:00:00	1338.0	1357.5	1333.0	1335.25	112125
2000-11-30 00:00:00	1332.75	1333.75	1296.75	1321.0	121701
2000-12-01 00:00:00	1321.5	1338.25	1310.0	1320.75	93584
2000-12-04 00:00:00	1323.0	1337.5	1313.25	1329.5	92525
2000-12-05 00:00:00	1331.5	1380.25	1329.0	1374.25	95863
2000-12-06 00:00:00	1373.0	1379.5	1339.25	1354.5	99873
2000-12-07 00:00:00	1354.25	1362.0	1335.25	1337.0	12054
2000-12-08 00:00:00	1332.0	1384.25	1332.0	1353.25	6007
2000-12-11 00:00:00	1368.5	1392.0	1362.5	1383.0	3868
2000-12-12 00:00:00	1380.5	1381.25	1355.0	1378.25	1616
2000-12-13 00:00:00	1378.25	1387.75	1358.0	1358.0	2668
2000-12-14 00:00:00	1358.25	1362.75	1335.25	1337.0	1376
2000-12-15 00:00:00	1317.75	1340.75	1317.75	1332.0	98832
2000-12-18 00:00:00	1330.0	1352.75	1329.5	1346.0	91761
2000-12-19 00:00:00	1346.75	1366.75	1317.25	1317.75	98115
2000-12-20 00:00:00	1318.75	1326.0	1276.0	1280.25	107160
2000-12-21 00:00:00	1280.5	1304.25	1270.25	1288.5	99016
2000-12-22 00:00:00	1289.75	1327.5	1289.75	1327.25	55440
2000-12-26 00:00:00	1324.0	1338.0	1318.5	1336.5	44482
2000-12-27 00:00:00	1337.5	1351.5	1327.5	1350.5	65382
2000-12-28 00:00:00	1349.75	1354.25	1341.5	1353.0	56807
2000-12-29 00:00:00	1352.75	1356.5	1326.0	1327.0	50363
2001-01-02 00:00:00	1331.0	1336.75	1289.25	1300.0	92668
2001-01-03 00:00:00	1301.0	1367.25	1288.75	1359.0	130684
2001-01-04 00:00:00	1360.0	1365.5	1341.5	1349.0	110846
2001-01-05 00:00:00	1345.75	1380.0	1303.0	1304.0	117776
2001-01-08 00:00:00	1308.25	1312.5	1287.5	1309.5	120010
2001-01-09 00:00:00	1312.0	1325.5	1303.75	1308.75	115968
2001-01-10 00:00:00	1309.5	1328.75	1297.25	1327.0	131074
2001-01-11 00:00:00	1325.75	1343.5	1319.5	1335.0	96098
2001-01-12 00:00:00	1332.0	1344.75	1322.0	1330.0	109664
2001-01-16 00:00:00	1328.75	1339.5	1323.5	1335.25	103751
2001-01-17 00:00:00	1337.25	1357.75	1334.5	1341.5	120321
2001-01-18 00:00:00	1342.5	1364.0	1337.0	1356.0	119657
2001-01-19 00:00:00	1359.0	1371.75	1345.75	1348.5	111098
2001-01-22 00:00:00	1346.0	1364.0	1341.25	1358.0	111996
2001-01-23 00:00:00	1356.75	1372.75	1348.5	1366.0	105167
2001-01-24 00:00:00	1366.25	1379.0	1365.25	1370.25	104969
2001-01-25 00:00:00	1369.75	1378.75	1362.75	1365.0	100601
2001-01-26 00:00:00	1364.25	1366.75	1350.25	1363.25	128918
2001-01-29 00:00:00	1363.0	1374.0	1358.5	1370.0	64459
2001-01-30 00:00:00	1370.25	1384.25	1363.25	1382.75	75169
2001-01-31 00:00:00	1381.0	1394.0	1371.25	1373.5	89199
2001-02-01 00:00:00	1373.5	1383.5	1366.25	1382.5	101160
2001-02-02 00:00:00	1382.5	1386.0	1352.75	1353.25	185372
2001-02-05 00:00:00	1354.25	1363.0	1351.25	1362.0	92786
2001-02-06 00:00:00	1362.75	1370.5	1356.0	1356.25	91631
2001-02-07 00:00:00	1355.0	1356.5	1339.5	1349.5	105779
2001-02-08 00:00:00	1348.75	1356.5	1333.75	1335.25	102130
2001-02-09 00:00:00	1336.25	1338.5	1318.75	1321.0	90360
2001-02-12 00:00:00	1321.75	1338.0	1319.25	1333.75	109773
2001-02-13 00:00:00	1334.25	1342.0	1322.25	1326.0	115469
2001-02-14 00:00:00	1326.25	1326.75	1308.5	1319.75	138185
2001-02-15 00:00:00	1320.0	1335.75	1318.5	1333.0	102102
2001-02-16 00:00:00	1330.25	1330.25	1296.25	1305.0	96917
2001-02-20 00:00:00	1304.25	1311.5	1281.75	1285.25	111887
2001-02-21 00:00:00	1284.5	1288.5	1255.0	1256.5	147007
2001-02-22 00:00:00	1258.0	1264.75	1230.25	1257.25	160101
2001-02-23 00:00:00	1257.5	1261.75	1217.0	1247.5	145235
2001-02-26 00:00:00	1251.25	1274.25	1243.75	1273.25	121672
2001-02-27 00:00:00	1273.0	1277.0	1254.25	1264.0	142507
2001-02-28 00:00:00	1263.75	1269.0	1230.75	1242.0	153327
2001-03-01 00:00:00	1239.25	1244.0	1215.5	1243.5	148305
2001-03-02 00:00:00	1243.0	1254.25	1221.0	1234.0	145749
2001-03-05 00:00:00	1236.25	1244.5	1234.75	1243.75	104974
2001-03-06 00:00:00	1243.5	1270.5	1242.5	1256.75	128365
2001-03-07 00:00:00	1257.0	1266.75	1254.75	1265.75	136392
2001-03-08 00:00:00	1267.0	1269.25	1258.25	1265.5	12348
2001-03-09 00:00:00	1266.5	1266.5	1227.25	1231.75	4320
2001-03-12 00:00:00	1230.0	1233.25	1173.0	1178.0	3154
2001-03-13 00:00:00	1178.25	1199.25	1171.25	1196.5	3349
2001-03-14 00:00:00	1199.0	1199.0	1154.0	1167.0	2228
2001-03-15 00:00:00	1169.5	1182.0	1164.0	1171.25	1490
2001-03-16 00:00:00	1175.0	1181.75	1165.0	1169.75	150117
2001-03-19 00:00:00	1164.75	1186.75	1158.25	1180.5	116313
2001-03-20 00:00:00	1180.5	1193.25	1151.25	1152.5	148873
2001-03-21 00:00:00	1153.0	1161.25	1127.0	1132.75	184502
2001-03-22 00:00:00	1133.0	1136.75	1088.0	1119.0	201555
2001-03-23 00:00:00	1122.25	1155.0	1120.5	1153.25	159208
2001-03-26 00:00:00	1153.25	1170.75	1150.75	1166.5	124308
2001-03-27 00:00:00	1166.25	1194.5	1160.75	1189.75	133168
2001-03-28 00:00:00	1189.25	1189.25	1155.5	1159.5	143824
2001-03-29 00:00:00	1160.5	1173.25	1143.75	1161.5	147604
2001-03-30 00:00:00	1161.0	1175.0	1151.5	1174.0	124217
2001-04-02 00:00:00	1173.0	1178.75	1145.25	1149.75	141934
2001-04-03 00:00:00	1150.75	1153.75	1106.5	1108.5	188781
2001-04-04 00:00:00	1109.0	1126.25	1098.5	1112.5	186025
2001-04-05 00:00:00	1113.0	1161.25	1113.0	1155.0	161660
2001-04-06 00:00:00	1156.0	1165.25	1126.5	1140.5	182660
2001-04-09 00:00:00	1138.0	1155.25	1133.5	1150.25	179040
2001-04-10 00:00:00	1149.75	1182.5	1149.5	1172.0	179040
2001-04-11 00:00:00	1173.0	1194.0	1166.0	1173.25	169708
2001-04-12 00:00:00	1173.5	1194.0	1163.0	1192.25	144921
2001-04-16 00:00:00	1192.5	1195.25	1173.75	1182.0	131826
2001-04-17 00:00:00	1180.25	1200.75	1167.0	1195.5	169897
2001-04-18 00:00:00	1206.0	1267.5	1206.0	1246.25	170538
2001-04-19 00:00:00	1249.0	1262.5	1238.5	1258.75	155757
2001-04-20 00:00:00	1260.25	1268.0	1240.25	1251.5	140825
2001-04-23 00:00:00	1251.0	1252.0	1222.5	1226.0	133867
2001-04-24 00:00:00	1226.0	1239.5	1213.75	1216.5	143201
2001-04-25 00:00:00	1216.5	1238.5	1212.75	1232.0	143786
2001-04-26 00:00:00	1231.0	1254.0	1225.5	1240.5	130242
2001-04-27 00:00:00	1241.0	1259.75	1238.0	1258.0	106105
2001-04-30 00:00:00	1258.75	1274.75	1248.25	1254.25	135317
2001-05-01 00:00:00	1253.25	1273.25	1245.75	1272.25	165317
2001-05-02 00:00:00	1271.5	1278.25	1261.5	1271.0	140114
2001-05-03 00:00:00	1270.75	1272.25	1243.5	1254.25	140114
2001-05-04 00:00:00	1253.75	1274.0	1235.0	1272.75	155024
2001-05-07 00:00:00	1273.5	1274.75	1262.75	1263.5	134219
2001-05-08 00:00:00	1266.25	1277.0	1256.0	1263.5	125078
2001-05-09 00:00:00	1265.5	1265.5	1250.75	1257.75	135964
2001-05-10 00:00:00	1257.0	1273.75	1256.25	1261.5	118278
2001-05-11 00:00:00	1261.5	1265.25	1243.5	1251.75	111010
2001-05-14 00:00:00	1252.0	1254.0	1244.0	1252.0	82948
2001-05-15 00:00:00	1252.25	1262.0	1245.75	1257.5	119095
2001-05-16 00:00:00	1256.5	1291.25	1236.0	1288.5	166551
2001-05-17 00:00:00	1289.0	1299.5	1284.75	1291.5	142637
2001-05-18 00:00:00	1291.5	1296.0	1283.5	1295.75	116856
2001-05-21 00:00:00	1295.5	1317.0	1290.25	1314.75	116856
2001-05-22 00:00:00	1314.75	1319.25	1309.0	1312.5	143922
2001-05-23 00:00:00	1312.5	1313.25	1290.25	1290.75	152405
2001-05-24 00:00:00	1290.25	1297.5	1283.0	1294.5	91508
2001-05-25 00:00:00	1295.25	1300.0	1275.75	1279.5	91808
2001-05-29 00:00:00	1280.25	1283.5	1266.5	1268.5	91808
2001-05-30 00:00:00	1267.25	1268.25	1246.75	1250.5	148287
2001-05-31 00:00:00	1251.0	1264.25	1249.25	1254.5	126946
2001-06-01 00:00:00	1255.75	1267.25	1247.25	1265.0	132432
2001-06-04 00:00:00	1264.5	1270.0	1257.0	1269.25	103840
2001-06-05 00:00:00	1269.25	1288.5	1267.25	1284.5	118497
2001-06-06 00:00:00	1284.75	1286.25	1269.5	1273.5	154186
2001-06-07 00:00:00	1271.75	1279.0	1265.75	1277.0	15353
2001-06-08 00:00:00	1277.25	1285.25	1256.5	1268.75	5273
2001-06-11 00:00:00	1264.25	1267.0	1249.0	1255.25	4024
2001-06-12 00:00:00	1255.75	1261.75	1235.5	1253.75	3885
2001-06-13 00:00:00	1253.0	1260.0	1241.5	1242.0	2000
2001-06-14 00:00:00	1242.0	1252.5	1212.5	1215.0	2380
2001-06-15 00:00:00	1213.5	1219.5	1204.25	1207.5	145621
2001-06-18 00:00:00	1226.0	1230.5	1215.75	1220.25	129875
2001-06-19 00:00:00	1220.0	1235.5	1215.5	1224.5	164920
2001-06-20 00:00:00	1223.5	1234.75	1216.5	1229.5	180882
2001-06-21 00:00:00	1229.0	1249.25	1226.25	1243.0	155020
2001-06-22 00:00:00	1242.5	1244.25	1228.0	1235.0	122986
2001-06-25 00:00:00	1234.0	1240.0	1220.75	1223.5	112757
2001-06-26 00:00:00	1223.75	1229.5	1206.0	1220.75	148487
2001-06-27 00:00:00	1220.75	1227.5	1213.75	1219.0	140324
2001-06-28 00:00:00	1220.0	1244.75	1213.25	1227.25	151191
2001-06-29 00:00:00	1227.75	1245.5	1227.75	1237.75	134631
2001-07-02 00:00:00	1233.5	1248.25	1229.0	1246.0	57913
2001-07-03 00:00:00	1246.0	1247.25	1235.75	1245.25	57913
2001-07-05 00:00:00	1245.25	1245.25	1221.5	1222.25	70416
2001-07-06 00:00:00	1222.0	1223.5	1193.0	1193.5	128218
2001-07-09 00:00:00	1194.5	1209.25	1189.0	1200.75	139075
2001-07-10 00:00:00	1202.5	1210.75	1186.0	1186.5	164772
2001-07-11 00:00:00	1185.25	1193.25	1174.0	1185.25	186472
2001-07-12 00:00:00	1187.5	1217.5	1186.25	1214.25	152005
2001-07-13 00:00:00	1214.5	1225.75	1209.5	1225.0	127109
2001-07-16 00:00:00	1224.5	1225.5	1205.75	1210.5	133609
2001-07-17 00:00:00	1210.25	1222.5	1201.5	1220.5	163156
2001-07-18 00:00:00	1219.25	1221.0	1202.5	1212.0	170044
2001-07-19 00:00:00	1210.0	1231.5	1207.75	1223.0	182607
2001-07-20 00:00:00	1217.75	1221.25	1211.25	1214.75	116044
2001-07-23 00:00:00	1215.0	1223.5	1191.5	1192.0	147690
2001-07-24 00:00:00	1193.75	1196.75	1168.5	1178.5	173722
2001-07-25 00:00:00	1179.0	1195.75	1176.0	1191.5	172106
2001-07-26 00:00:00	1192.5	1209.75	1186.0	1205.25	149254
2001-07-27 00:00:00	1205.75	1214.25	1200.0	1210.0	127497
2001-07-30 00:00:00	1210.0	1214.5	1203.0	1209.75	125524
2001-07-31 00:00:00	1210.25	1227.75	1209.0	1215.25	131948
2001-08-01 00:00:00	1214.0	1227.5	1210.75	1221.5	138248
2001-08-02 00:00:00	1220.25	1234.25	1219.0	1226.0	119946
2001-08-03 00:00:00	1226.25	1227.75	1209.0	1219.75	140720
2001-08-06 00:00:00	1219.75	1221.0	1200.75	1203.0	116564
2001-08-07 00:00:00	1203.75	1212.25	1198.25	1207.75	118342
2001-08-08 00:00:00	1210.0	1211.5	1183.75	1185.5	165090
2001-08-09 00:00:00	1185.75	1189.25	1177.75	1187.75	167818
2001-08-10 00:00:00	1188.0	1197.5	1172.0	1191.25	174116
2001-08-13 00:00:00	1193.0	1197.75	1186.75	1192.5	129706
2001-08-14 00:00:00	1193.0	1202.75	1187.25	1192.25	135535
2001-08-15 00:00:00	1192.5	1195.25	1179.5	1181.0	147574
2001-08-16 00:00:00	1181.25	1186.0	1168.25	1184.75	201078
2001-08-17 00:00:00	1185.0	1185.0	1158.25	1166.0	161599
2001-08-20 00:00:00	1164.75	1177.0	1161.0	1175.75	133864
2001-08-21 00:00:00	1176.25	1183.5	1155.75	1156.75	143288
2001-08-22 00:00:00	1156.25	1172.0	1155.25	1167.75	199995
2001-08-23 00:00:00	1169.0	1172.75	1162.25	1163.0	150673
2001-08-24 00:00:00	1164.75	1189.0	1164.75	1187.5	159590
2001-08-27 00:00:00	1187.75	1192.0	1179.5	1180.25	131497
2001-08-28 00:00:00	1180.5	1182.5	1162.75	1163.25	154466
2001-08-29 00:00:00	1163.0	1168.75	1148.25	1152.0	165135
2001-08-30 00:00:00	1152.25	1156.25	1125.5	1129.5	200188
2001-08-31 00:00:00	1129.75	1144.25	1127.0	1138.5	122586
2001-09-04 00:00:00	1137.5	1158.5	1128.25	1131.0	199048
2001-09-05 00:00:00	1131.0	1138.5	1115.0	1133.0	242276
2001-09-06 00:00:00	1133.5	1137.0	1103.0	1103.5	205503
2001-09-07 00:00:00	1106.75	1109.0	1081.75	1083.25	231563
2001-09-10 00:00:00	1084.0	1099.0	1067.5	1095.75	243100
2001-09-11 00:00:00	1096.25	1103.0	1068.0	1095.75	0
2001-09-17 00:00:00	1035.75	1058.25	1018.5	1039.0	230918
2001-09-18 00:00:00	1042.0	1047.5	1028.5	1035.0	19408
2001-09-19 00:00:00	1037.0	1045.0	980.75	1013.0	11300
2001-09-20 00:00:00	1014.5	1018.5	980.25	980.25	5461
2001-09-21 00:00:00	976.75	989.0	939.0	940.0	310764
2001-09-24 00:00:00	976.25	1012.25	973.25	1007.75	237775
2001-09-25 00:00:00	1008.0	1021.0	997.0	1018.25	248202
2001-09-26 00:00:00	1018.0	1025.25	1004.5	1014.5	216020
2001-09-27 00:00:00	1014.0	1023.75	1000.25	1022.5	195769
2001-09-28 00:00:00	1022.75	1045.25	1021.75	1043.75	210521
2001-10-01 00:00:00	1044.25	1044.25	1028.75	1043.25	198018
2001-10-02 00:00:00	1042.0	1056.0	1034.25	1055.5	205915
2001-10-03 00:00:00	1054.25	1078.75	1041.25	1074.5	271455
2001-10-04 00:00:00	1072.5	1087.5	1068.5	1075.5	281825
2001-10-05 00:00:00	1073.75	1081.75	1055.25	1071.75	243154
2001-10-08 00:00:00	1067.0	1072.75	1055.75	1065.25	175904
2001-10-09 00:00:00	1064.25	1071.5	1055.75	1060.0	208269
2001-10-10 00:00:00	1060.0	1085.25	1054.75	1083.25	240136
2001-10-11 00:00:00	1083.75	1102.75	1079.5	1099.75	248488
2001-10-12 00:00:00	1102.25	1106.0	1073.0	1094.0	265381
2001-10-15 00:00:00	1092.75	1093.75	1080.25	1092.5	193478
2001-10-16 00:00:00	1091.25	1105.0	1088.75	1098.75	226480
2001-10-17 00:00:00	1097.5	1114.5	1075.5	1076.0	293529
2001-10-18 00:00:00	1075.75	1081.0	1065.75	1073.75	234202
2001-10-19 00:00:00	1073.75	1078.0	1058.75	1072.5	205611
2001-10-22 00:00:00	1072.5	1094.5	1068.0	1093.5	183283
2001-10-23 00:00:00	1093.0	1101.75	1081.5	1088.25	232132
2001-10-24 00:00:00	1087.0	1099.25	1080.25	1085.0	219638
2001-10-25 00:00:00	1085.75	1104.5	1065.75	1103.0	271959
2001-10-26 00:00:00	1103.0	1112.5	1095.0	1102.0	190117
2001-10-29 00:00:00	1103.25	1103.25	1072.25	1073.0	227696
2001-10-30 00:00:00	1074.25	1074.75	1053.5	1059.25	237684
2001-10-31 00:00:00	1059.0	1076.25	1055.5	1056.25	241692
2001-11-01 00:00:00	1057.5	1087.75	1053.25	1082.0	275542
2001-11-02 00:00:00	1082.5	1091.25	1075.0	1089.5	211978
2001-11-05 00:00:00	1089.25	1108.25	1088.0	1103.75	183836
2001-11-06 00:00:00	1106.0	1121.75	1095.25	1121.0	179207
2001-11-07 00:00:00	1120.5	1128.0	1108.75	1119.0	237184
2001-11-08 00:00:00	1118.5	1137.5	1116.0	1123.5	242657
2001-11-09 00:00:00	1122.75	1126.5	1111.25	1123.5	182124
2001-11-12 00:00:00	1122.5	1127.0	1096.5	1117.25	214790
2001-11-13 00:00:00	1116.75	1142.0	1115.25	1141.75	229310
2001-11-14 00:00:00	1141.5	1152.25	1133.75	1143.5	226973
2001-11-15 00:00:00	1142.25	1152.0	1135.25	1145.25	230883
2001-11-16 00:00:00	1145.5	1151.5	1130.25	1140.0	194296
2001-11-19 00:00:00	1140.5	1154.75	1140.25	1154.0	173058
2001-11-20 00:00:00	1154.25	1155.5	1142.25	1144.25	170204
2001-11-21 00:00:00	1143.25	1149.0	1131.0	1137.0	57065
2001-11-23 00:00:00	1137.0	1153.75	1131.5	1152.75	57065
2001-11-26 00:00:00	1152.5	1159.0	1146.25	1155.0	198769
2001-11-27 00:00:00	1155.5	1164.75	1140.75	1150.5	259831
2001-11-28 00:00:00	1150.0	1151.0	1128.25	1129.25	267883
2001-11-29 00:00:00	1129.75	1144.5	1125.0	1144.5	220853
2001-11-30 00:00:00	1144.5	1144.5	1135.0	1135.25	169772
2001-12-03 00:00:00	1137.25	1138.25	1125.25	1129.5	193563
2001-12-04 00:00:00	1129.0	1148.0	1127.75	1147.75	209468
2001-12-05 00:00:00	1147.5	1175.25	1145.5	1169.0	220546
2001-12-06 00:00:00	1168.5	1174.5	1164.0	1168.5	203750
2001-12-07 00:00:00	1168.75	1170.5	1152.25	1160.5	178238
2001-12-10 00:00:00	1160.5	1162.5	1138.5	1138.75	184921
2001-12-11 00:00:00	1139.25	1151.75	1133.5	1136.25	201757
2001-12-12 00:00:00	1136.75	1143.5	1125.75	1137.75	230980
2001-12-13 00:00:00	1138.0	1138.5	1114.5	1115.75	25640
2001-12-14 00:00:00	1115.5	1138.0	1114.25	1126.0	9597
2001-12-17 00:00:00	1124.25	1138.0	1119.25	1136.0	5185
2001-12-18 00:00:00	1138.75	1145.75	1134.5	1143.5	5623
2001-12-19 00:00:00	1142.75	1153.25	1134.25	1151.75	6045
2001-12-20 00:00:00	1151.0	1152.25	1139.0	1139.0	4786
2001-12-21 00:00:00	1142.75	1152.0	1138.75	1149.75	19350
2001-12-24 00:00:00	1148.25	1149.25	1142.75	1146.75	19350
2001-12-26 00:00:00	1145.25	1161.0	1143.25	1153.0	68154
2001-12-27 00:00:00	1152.5	1159.75	1150.5	1159.5	73349
2001-12-28 00:00:00	1159.0	1166.25	1157.75	1159.25	81393
2001-12-31 00:00:00	1159.25	1163.0	1141.25	1149.25	96049
2002-01-02 00:00:00	1143.75	1156.25	1136.5	1154.0	216814
2002-01-03 00:00:00	1154.0	1168.0	1150.75	1166.75	209639
2002-01-04 00:00:00	1167.0	1178.25	1163.75	1175.25	217254
2002-01-07 00:00:00	1173.25	1178.5	1163.75	1166.75	252385
2002-01-08 00:00:00	1166.5	1170.25	1158.0	1163.5	214929
2002-01-09 00:00:00	1163.0	1175.75	1151.5	1154.5	244405
2002-01-10 00:00:00	1153.75	1161.5	1151.0	1159.5	240437
2002-01-11 00:00:00	1159.0	1163.5	1145.25	1147.75	210448
2002-01-14 00:00:00	1147.5	1148.0	1137.5	1140.5	211627
2002-01-15 00:00:00	1140.25	1150.0	1136.75	1148.5	237659
2002-01-16 00:00:00	1144.0	1145.25	1124.75	1125.75	287021
2002-01-17 00:00:00	1126.5	1140.0	1126.5	1134.5	228632
2002-01-18 00:00:00	1131.25	1136.0	1124.25	1129.0	207991
2002-01-22 00:00:00	1129.25	1136.75	1117.75	1121.25	232639
2002-01-23 00:00:00	1122.5	1132.75	1117.5	1129.0	225856
2002-01-24 00:00:00	1129.25	1139.75	1128.75	1133.25	213161
2002-01-25 00:00:00	1132.75	1139.0	1127.5	1133.25	188073
2002-01-28 00:00:00	1132.5	1139.0	1126.25	1135.5	192217
2002-01-29 00:00:00	1136.0	1138.25	1097.5	1100.5	317488
2002-01-30 00:00:00	1100.5	1115.75	1080.75	1115.25	351667
2002-01-31 00:00:00	1115.5	1130.0	1113.0	1130.5	232762
2002-02-01 00:00:00	1128.75	1132.25	1118.5	1123.25	193618
2002-02-04 00:00:00	1123.25	1124.0	1091.0	1095.5	265893
2002-02-05 00:00:00	1095.5	1101.5	1082.25	1089.0	320617
2002-02-06 00:00:00	1089.25	1094.5	1077.0	1083.25	344677
2002-02-07 00:00:00	1086.25	1095.0	1076.25	1077.0	306289
2002-02-08 00:00:00	1076.25	1096.75	1075.5	1095.25	244390
2002-02-11 00:00:00	1097.0	1112.75	1094.25	1110.0	226677
2002-02-12 00:00:00	1110.5	1113.25	1102.5	1107.5	203828
2002-02-13 00:00:00	1107.25	1121.5	1105.25	1118.75	246722
2002-02-14 00:00:00	1119.0	1125.5	1111.75	1116.75	229777
2002-02-15 00:00:00	1116.5	1118.0	1103.0	1104.75	229777
2002-02-18 00:00:00	1104.0	1108.0	1103.5	1104.75	221738
2002-02-19 00:00:00	1104.0	1108.0	1081.75	1083.75	249155
2002-02-20 00:00:00	1084.0	1101.5	1073.75	1101.0	321713
2002-02-21 00:00:00	1100.5	1102.0	1078.25	1079.0	323446
2002-02-22 00:00:00	1079.25	1095.0	1074.25	1091.75	356770
2002-02-25 00:00:00	1092.0	1113.5	1087.0	1109.75	285520
2002-02-26 00:00:00	1109.25	1116.0	1100.5	1108.0	298360
2002-02-27 00:00:00	1108.0	1123.75	1101.75	1111.75	366137
2002-02-28 00:00:00	1112.0	1122.75	1105.75	1107.0	330573
2002-03-01 00:00:00	1106.25	1133.5	1106.0	1132.75	272762
2002-03-04 00:00:00	1131.0	1154.75	1130.0	1152.25	346406
2002-03-05 00:00:00	1152.5	1158.75	1144.5	1149.0	340314
2002-03-06 00:00:00	1148.5	1166.25	1145.25	1162.75	360072
2002-03-07 00:00:00	1162.25	1168.75	1150.25	1159.75	36221
2002-03-08 00:00:00	1158.75	1173.25	1158.0	1164.0	10314
2002-03-11 00:00:00	1164.0	1173.5	1158.75	1166.5	6534
2002-03-12 00:00:00	1165.25	1167.25	1153.75	1167.25	7070
2002-03-13 00:00:00	1166.0	1170.75	1150.5	1154.5	3770
2002-03-14 00:00:00	1151.5	1158.25	1147.25	1155.75	4051
2002-03-15 00:00:00	1154.25	1159.0	1152.5	1158.5999755859375	227876
2002-03-18 00:00:00	1166.0	1175.75	1161.0	1167.25	274847
2002-03-19 00:00:00	1167.0	1177.5	1166.75	1174.25	261004
2002-03-20 00:00:00	1174.25	1175.25	1151.75	1152.25	302166
2002-03-21 00:00:00	1152.25	1158.5	1141.25	1152.75	290501
2002-03-22 00:00:00	1153.0	1159.0	1146.75	1149.75	231494
2002-03-25 00:00:00	1149.0	1153.25	1133.0	1135.5	255031
2002-03-26 00:00:00	1135.5	1149.5	1134.0	1142.5	289497
2002-03-27 00:00:00	1142.0	1149.25	1136.75	1145.0	265959
2002-03-28 00:00:00	1144.5	1156.75	1143.25	1144.75	190233
2002-04-01 00:00:00	1145.25	1150.0	1134.25	1144.5	226002
2002-04-02 00:00:00	1145.0	1145.0	1137.0	1138.5	270855
2002-04-03 00:00:00	1137.5	1141.25	1120.75	1130.25	297820
2002-04-04 00:00:00	1129.75	1132.75	1121.0	1126.0	335576
2002-04-05 00:00:00	1127.25	1135.0	1120.5	1125.5	290784
2002-04-08 00:00:00	1126.0	1128.75	1110.0	1128.0	354121
2002-04-09 00:00:00	1129.25	1131.5	1117.75	1120.5	333302
2002-04-10 00:00:00	1120.5	1133.5	1119.0	1132.25	417344
2002-04-11 00:00:00	1132.0	1133.0	1103.0	1104.0	435034
2002-04-12 00:00:00	1103.5	1114.5	1103.5	1112.0	350240
2002-04-15 00:00:00	1112.5	1116.75	1100.0	1104.25	348581
2002-04-16 00:00:00	1104.0	1131.0	1104.0	1129.75	298111
2002-04-17 00:00:00	1131.5	1135.75	1123.75	1128.0	281483
2002-04-18 00:00:00	1127.25	1132.75	1108.5	1123.0	359020
2002-04-19 00:00:00	1119.0	1130.75	1116.5	1126.5	210311
2002-04-22 00:00:00	1127.5	1128.0	1106.0	1108.5	274229
2002-04-23 00:00:00	1109.25	1113.75	1099.25	1102.75	355381
2002-04-24 00:00:00	1102.75	1109.75	1091.5	1091.75	345431
2002-04-25 00:00:00	1092.75	1095.0	1083.5	1092.5	371957
2002-04-26 00:00:00	1093.0	1097.75	1070.25	1071.25	359819
2002-04-29 00:00:00	1072.25	1079.75	1063.5	1065.0	325832
2002-04-30 00:00:00	1065.5	1083.25	1063.5	1076.0	323154
2002-05-01 00:00:00	1076.75	1089.25	1064.75	1088.25	379536
2002-05-02 00:00:00	1088.25	1092.25	1079.25	1084.75	310755
2002-05-03 00:00:00	1085.0	1088.0	1068.75	1073.0	312252
2002-05-06 00:00:00	1073.75	1076.5	1050.0	1051.75	357636
2002-05-07 00:00:00	1051.75	1059.75	1045.75	1047.5	355300
2002-05-08 00:00:00	1051.75	1090.0	1051.25	1086.0	420083
2002-05-09 00:00:00	1085.5	1090.0	1072.25	1074.25	334526
2002-05-10 00:00:00	1074.0	1079.5	1052.5	1054.0	350010
2002-05-13 00:00:00	1054.0	1076.0	1053.5	1075.5	353661
2002-05-14 00:00:00	1075.5	1099.75	1074.25	1098.25	365501
2002-05-15 00:00:00	1098.75	1105.25	1089.0	1094.25	433309
2002-05-16 00:00:00	1093.5	1100.75	1089.25	1099.0	349976
2002-05-17 00:00:00	1099.5	1109.0	1097.0	1105.25	296585
2002-05-20 00:00:00	1104.75	1106.5	1090.75	1093.5	264978
2002-05-21 00:00:00	1093.25	1100.75	1079.25	1082.75	346435
2002-05-22 00:00:00	1083.0	1086.75	1075.5	1085.0	336004
2002-05-23 00:00:00	1084.5	1099.25	1080.5	1096.5	349488
2002-05-24 00:00:00	1097.5	1101.0	1082.0	1082.5	349488
2002-05-27 00:00:00	1083.25	1090.0	1082.75	1085.5	248708
2002-05-28 00:00:00	1083.25	1090.0	1070.0	1076.5	358643
2002-05-29 00:00:00	1076.5	1077.5	1066.75	1068.25	309031
2002-05-30 00:00:00	1068.25	1073.0	1054.25	1065.5	395294
2002-05-31 00:00:00	1065.5	1080.75	1062.75	1064.0	333444
2002-06-03 00:00:00	1066.25	1071.0	1036.5	1038.5	452872
2002-06-04 00:00:00	1038.75	1047.0	1030.75	1042.0	568362
2002-06-05 00:00:00	1042.5	1051.5	1038.5	1050.5	400761
2002-06-06 00:00:00	1051.5	1053.75	1025.25	1029.5	484645
2002-06-07 00:00:00	1016.0	1034.0	1010.25	1028.25	429243
2002-06-10 00:00:00	1029.25	1039.25	1025.0	1032.25	319397
2002-06-11 00:00:00	1031.75	1045.0	1012.0	1014.0	445770
2002-06-12 00:00:00	1014.0	1022.75	1002.5	1020.5	607619
2002-06-13 00:00:00	1020.0	1027.0	1007.75	1010.5	43143
2002-06-14 00:00:00	1010.75	1011.0	978.75	1009.0	27686
2002-06-17 00:00:00	1010.75	1037.75	1003.5	1035.25	10492
2002-06-18 00:00:00	1035.75	1044.75	1029.5	1044.75	14533
2002-06-19 00:00:00	1040.25	1041.5	1017.25	1019.5	10205
2002-06-20 00:00:00	1021.75	1025.0	1004.5	1006.5	12715
2002-06-21 00:00:00	1006.5	1012.5	996.0	998.0	442517
2002-06-24 00:00:00	992.5	1005.5	971.0	996.75	647193
2002-06-25 00:00:00	995.75	1007.25	973.75	974.5	527896
2002-06-26 00:00:00	975.0	979.75	945.5	974.75	699054
2002-06-27 00:00:00	975.5	993.0	964.0	991.75	616024
2002-06-28 00:00:00	992.25	1003.25	986.0	988.0	366376
2002-07-01 00:00:00	989.0	996.25	967.0	969.0	420864
2002-07-02 00:00:00	969.75	974.25	945.5	947.75	587772
2002-07-03 00:00:00	948.25	955.5	934.75	953.0	587772
2002-07-04 00:00:00	953.25	954.25	950.25	952.5	417776
2002-07-05 00:00:00	953.25	993.0	950.25	991.0	203364
2002-07-08 00:00:00	990.5	995.75	973.25	978.25	504371
2002-07-09 00:00:00	978.25	981.75	951.5	954.75	524564
2002-07-10 00:00:00	954.5	961.5	917.75	918.75	716068
2002-07-11 00:00:00	919.75	930.5	900.5	927.0	791119
2002-07-12 00:00:00	928.0	938.0	912.75	916.75	520596
2002-07-15 00:00:00	916.75	921.75	875.75	920.5	806721
2002-07-16 00:00:00	920.5	924.0	894.75	903.25	812924
2002-07-17 00:00:00	901.0	929.75	891.5	904.5	698809
2002-07-18 00:00:00	906.5	918.75	874.25	875.5	608179
2002-07-19 00:00:00	874.5	879.0	839.75	844.5	658101
2002-07-22 00:00:00	842.75	856.25	810.75	819.0	925735
2002-07-23 00:00:00	820.5	836.25	794.25	796.25	877937
2002-07-24 00:00:00	795.25	847.5	771.0	844.75	975947
2002-07-25 00:00:00	844.75	854.75	812.5	836.5	881267
2002-07-26 00:00:00	837.25	855.75	824.75	852.75	544176
2002-07-29 00:00:00	855.0	900.0	852.5	893.5	532257
2002-07-30 00:00:00	894.25	910.25	883.5	905.5	697449
2002-07-31 00:00:00	904.5	916.0	888.75	908.0	570156
2002-08-01 00:00:00	909.25	911.5	879.0	883.75	652038
2002-08-02 00:00:00	883.5	885.5	852.5	864.0	534536
2002-08-05 00:00:00	865.0	867.75	831.5	833.75	553381
2002-08-06 00:00:00	833.25	875.0	828.5	861.75	585765
2002-08-07 00:00:00	859.5	880.5	853.5	876.25	637127
2002-08-08 00:00:00	876.5	906.75	873.75	905.5	618677
2002-08-09 00:00:00	904.75	914.75	889.75	907.75	494097
2002-08-12 00:00:00	906.5	908.25	891.25	902.25	406946
2002-08-13 00:00:00	902.5	912.25	882.0	885.5	576910
2002-08-14 00:00:00	884.25	921.25	875.75	918.0	703547
2002-08-15 00:00:00	918.75	935.75	915.75	930.0	591566
2002-08-16 00:00:00	929.75	936.0	915.0	927.5	430166
2002-08-19 00:00:00	928.25	952.5	921.5	948.75	427142
2002-08-20 00:00:00	948.25	949.5	931.5	939.75	473767
2002-08-21 00:00:00	939.75	953.0	931.0	952.0	526005
2002-08-22 00:00:00	951.25	966.0	946.0	961.0	440714
2002-08-23 00:00:00	961.0	962.25	936.5	940.75	344364
2002-08-26 00:00:00	940.25	951.5	929.75	947.75	458916
2002-08-27 00:00:00	947.25	956.5	929.75	936.25	510032
2002-08-28 00:00:00	936.75	937.0	913.0	916.5	469850
2002-08-29 00:00:00	916.5	925.25	902.5	916.5	476152
2002-08-30 00:00:00	915.5	928.75	909.0	912.25	476152
2002-09-02 00:00:00	913.25	913.25	907.5	908.5	286234
2002-09-03 00:00:00	913.25	913.25	876.0	877.75	504632
2002-09-04 00:00:00	877.25	896.75	875.0	890.5	613561
2002-09-05 00:00:00	890.0	891.0	869.25	883.25	644464
2002-09-06 00:00:00	884.5	900.0	881.5	894.75	479200
2002-09-09 00:00:00	892.5	908.0	882.5	900.75	521686
2002-09-10 00:00:00	900.25	912.25	898.5	911.25	510950
2002-09-11 00:00:00	911.0	927.5	905.5	905.75	427006
2002-09-12 00:00:00	906.25	908.75	884.25	889.5	72342
2002-09-13 00:00:00	889.0	893.25	876.0	891.5	26965
2002-09-16 00:00:00	891.25	894.0	879.0	892.5	14078
2002-09-17 00:00:00	893.5	915.75	871.75	872.25	30590
2002-09-18 00:00:00	870.0	879.0	856.75	863.75	17740
2002-09-19 00:00:00	863.25	863.5	841.5	841.75	16870
2002-09-20 00:00:00	842.75	849.5	841.25	847.0	517443
2002-09-23 00:00:00	843.5	846.0	824.5	833.75	596003
2002-09-24 00:00:00	835.5	835.75	815.5	820.75	689228
2002-09-25 00:00:00	821.75	845.0	810.25	841.25	715420
2002-09-26 00:00:00	842.75	857.25	837.25	854.5	700147
2002-09-27 00:00:00	853.0	857.0	824.25	825.25	620681
2002-09-30 00:00:00	825.25	826.0	798.25	815.0	753340
2002-10-01 00:00:00	816.5	854.5	810.25	854.5	746897
2002-10-02 00:00:00	853.75	854.75	823.0	830.75	804722
2002-10-03 00:00:00	829.0	840.5	816.25	820.0	795709
2002-10-04 00:00:00	819.75	830.25	792.25	806.0	850508
2002-10-07 00:00:00	804.75	808.75	782.0	788.5	752007
2002-10-08 00:00:00	788.25	810.0	778.5	800.5	977753
2002-10-09 00:00:00	801.5	803.5	774.5	778.25	991686
2002-10-10 00:00:00	778.5	807.25	767.25	803.0	878748
2002-10-11 00:00:00	803.0	844.0	799.25	838.25	733504
2002-10-14 00:00:00	836.75	845.0	827.5	842.25	497294
2002-10-15 00:00:00	842.25	884.0	841.5	883.75	910545
2002-10-16 00:00:00	874.5	885.25	855.5	862.75	737766
2002-10-17 00:00:00	865.5	888.75	863.5	878.75	621766
2002-10-18 00:00:00	885.5	889.5	865.75	883.25	609515
2002-10-21 00:00:00	882.0	901.75	872.5	898.75	646050
2002-10-22 00:00:00	897.25	897.25	881.5	891.5	608452
2002-10-23 00:00:00	890.5	899.0	873.0	898.25	769969
2002-10-24 00:00:00	897.75	905.0	877.5	880.5	781977
2002-10-25 00:00:00	879.0	900.0	875.25	898.75	628869
2002-10-28 00:00:00	900.25	909.25	885.0	891.75	614252
2002-10-29 00:00:00	891.75	893.25	866.0	881.5	742826
2002-10-30 00:00:00	881.5	895.75	877.0	889.75	788491
2002-10-31 00:00:00	889.0	898.75	877.75	885.5	684690
2002-11-01 00:00:00	882.0	904.0	875.0	898.5	617612
2002-11-04 00:00:00	905.75	925.0	904.75	907.5	546383
2002-11-05 00:00:00	906.5	915.75	903.75	914.0	517610
2002-11-06 00:00:00	915.25	926.5	903.0	925.75	743375
2002-11-07 00:00:00	926.0	926.25	897.0	902.75	634244
2002-11-08 00:00:00	905.75	910.75	890.5	891.5	587172
2002-11-11 00:00:00	892.0	894.0	873.0	877.75	407126
2002-11-12 00:00:00	877.75	894.5	875.75	884.75	602744
2002-11-13 00:00:00	885.0	892.75	870.25	885.75	757522
2002-11-14 00:00:00	886.0	905.75	881.25	902.5	631810
2002-11-15 00:00:00	902.25	910.5	894.5	909.0	557849
2002-11-18 00:00:00	909.0	917.5	898.5	900.0	526690
2002-11-19 00:00:00	899.5	905.75	892.25	898.0	598001
2002-11-20 00:00:00	898.25	919.25	893.25	918.75	620615
2002-11-21 00:00:00	919.0	936.75	916.5	935.5	628101
2002-11-22 00:00:00	935.75	937.5	927.25	928.75	464042
2002-11-25 00:00:00	929.0	937.25	922.5	929.75	505244
2002-11-26 00:00:00	930.0	932.5	910.75	911.5	523417
2002-11-27 00:00:00	912.75	941.0	912.0	937.75	523417
2002-11-28 00:00:00	938.25	941.5	935.0	939.5	430465
2002-11-29 00:00:00	938.25	942.5	930.75	936.0	151426
2002-12-02 00:00:00	934.0	955.25	926.75	935.25	653891
2002-12-03 00:00:00	935.75	939.5	917.75	923.75	629913
2002-12-04 00:00:00	923.25	925.75	908.75	919.0	758699
2002-12-05 00:00:00	919.25	926.25	905.25	908.5	651673
2002-12-06 00:00:00	909.75	916.0	891.75	913.75	726066
2002-12-09 00:00:00	913.75	917.75	889.0	889.5	568754
2002-12-10 00:00:00	889.5	905.25	888.75	902.0	536345
2002-12-11 00:00:00	902.25	910.25	895.5	902.25	523288
2002-12-12 00:00:00	902.25	908.75	896.25	902.0	72865
2002-12-13 00:00:00	901.75	903.25	887.0	887.5	37485
2002-12-16 00:00:00	886.25	912.0	885.5	910.25	21798
2002-12-17 00:00:00	910.25	912.0	901.25	902.75	21595
2002-12-18 00:00:00	903.5	904.0	887.0	892.25	11154
2002-12-19 00:00:00	893.25	908.75	879.75	886.0	15003
2002-12-20 00:00:00	884.5	895.25	884.5	891.1099853515625	361821
2002-12-23 00:00:00	896.25	902.0	890.25	897.0	247476
2002-12-24 00:00:00	897.0	900.0	890.0	891.5	95319
2002-12-26 00:00:00	890.25	903.25	885.75	890.75	193489
2002-12-27 00:00:00	890.25	891.5	871.25	871.75	256017
2002-12-30 00:00:00	872.25	881.5	869.0	877.5	327933
2002-12-31 00:00:00	878.0	881.0	868.0	879.0	302443
2003-01-02 00:00:00	883.0	909.75	882.5	907.5	469308
2003-01-03 00:00:00	907.5	910.75	901.75	910.0	420723
2003-01-06 00:00:00	911.0	931.5	903.75	926.5	541644
2003-01-07 00:00:00	926.0	930.5	918.75	923.75	670729
2003-01-08 00:00:00	923.75	923.75	907.25	910.0	642338
2003-01-09 00:00:00	910.25	928.5	908.0	924.75	618017
2003-01-10 00:00:00	925.75	933.0	915.0	926.5	693024
2003-01-13 00:00:00	926.5	937.0	920.75	926.5	690749
2003-01-14 00:00:00	926.25	931.5	920.5	929.25	529887
2003-01-15 00:00:00	927.25	932.75	915.5	921.0	593761
2003-01-16 00:00:00	919.75	925.75	910.75	916.5	629942
2003-01-17 00:00:00	917.0	923.5	897.75	903.0	629942
2003-01-20 00:00:00	903.25	907.25	901.75	903.75	487767
2003-01-21 00:00:00	903.25	907.25	886.0	888.5	548963
2003-01-22 00:00:00	888.5	891.75	876.0	877.5	638614
2003-01-23 00:00:00	878.25	889.75	875.5	883.0	689708
2003-01-24 00:00:00	883.0	885.5	857.5	860.25	770020
2003-01-27 00:00:00	860.25	863.75	842.25	847.25	811260
2003-01-28 00:00:00	848.25	860.0	845.0	854.5	744867
2003-01-29 00:00:00	855.25	867.75	836.0	860.75	837194
2003-01-30 00:00:00	861.0	866.75	839.75	840.0	749161
2003-01-31 00:00:00	840.5	857.75	836.5	854.75	803363
2003-02-03 00:00:00	854.75	864.0	854.0	858.5	570817
2003-02-04 00:00:00	858.5	861.0	838.25	849.25	745702
2003-02-05 00:00:00	847.5	861.0	840.5	844.5	772112
2003-02-06 00:00:00	844.25	845.5	832.0	840.5	796603
2003-02-07 00:00:00	839.5	849.5	825.25	830.5	685741
2003-02-10 00:00:00	831.5	836.75	822.25	836.0	651782
2003-02-11 00:00:00	836.5	842.75	823.5	829.75	662308
2003-02-12 00:00:00	829.75	831.5	816.25	816.75	621031
2003-02-13 00:00:00	817.5	822.5	805.25	819.0	738507
2003-02-14 00:00:00	819.75	837.25	813.75	837.0	738507
2003-02-17 00:00:00	839.25	842.0	836.0	841.25	728304
2003-02-18 00:00:00	839.25	853.25	836.0	851.5	547104
2003-02-19 00:00:00	851.25	852.0	837.75	846.75	504111
2003-02-20 00:00:00	846.75	851.75	835.75	838.75	591809
2003-02-21 00:00:00	838.75	852.25	829.75	847.25	678201
2003-02-24 00:00:00	847.5	850.5	831.0	832.5	543074
2003-02-25 00:00:00	832.5	840.0	817.25	839.75	819005
2003-02-26 00:00:00	839.75	843.25	825.75	827.75	669295
2003-02-27 00:00:00	827.5	842.75	825.25	838.25	727683
2003-02-28 00:00:00	838.25	847.0	833.75	841.0	570659
2003-03-03 00:00:00	844.0	853.0	832.0	835.5	543604
2003-03-04 00:00:00	835.25	836.75	821.25	822.25	537918
2003-03-05 00:00:00	822.25	830.0	818.25	829.5	718141
2003-03-06 00:00:00	829.5	830.5	819.0	821.75	740696
2003-03-07 00:00:00	819.75	829.75	809.0	828.5	863148
2003-03-10 00:00:00	827.5	828.25	805.5	807.75	615741
2003-03-11 00:00:00	807.5	814.75	799.5	800.25	756699
2003-03-12 00:00:00	800.5	806.0	788.5	805.75	870057
2003-03-13 00:00:00	805.75	833.75	804.0	833.25	150077
2003-03-14 00:00:00	833.0	843.5	828.0	834.25	59767
2003-03-17 00:00:00	831.5	864.0	823.5	862.0	49994
2003-03-18 00:00:00	862.5	873.75	857.25	867.25	43349
2003-03-19 00:00:00	867.75	875.5	861.0	873.5	30850
2003-03-20 00:00:00	873.25	880.0	858.25	875.75	24984
2003-03-21 00:00:00	875.75	888.5	874.5	887.1599731445312	795953
2003-03-24 00:00:00	885.5	885.5	860.5	863.5	687937
2003-03-25 00:00:00	863.75	879.25	856.0	872.25	732576
2003-03-26 00:00:00	872.75	875.5	864.75	868.0	579032
2003-03-27 00:00:00	868.0	873.5	856.75	867.5	585527
2003-03-28 00:00:00	867.5	869.5	859.25	863.0	458814
2003-03-31 00:00:00	858.5	859.75	840.0	847.0	633339
2003-04-01 00:00:00	844.5	860.5	843.0	856.75	760265
2003-04-02 00:00:00	856.0	884.25	855.0	877.25	611726
2003-04-03 00:00:00	877.75	888.75	873.0	873.25	639921
2003-04-04 00:00:00	873.5	884.25	870.75	878.5	666105
2003-04-07 00:00:00	883.0	905.0	876.25	877.0	765439
2003-04-08 00:00:00	877.25	888.0	873.5	878.25	602987
2003-04-09 00:00:00	878.5	887.25	864.25	866.75	833414
2003-04-10 00:00:00	867.0	872.5	861.5	871.75	559969
2003-04-11 00:00:00	871.75	883.5	864.75	868.25	593582
2003-04-14 00:00:00	871.0	886.5	865.5	886.0	544169
2003-04-15 00:00:00	886.5	894.0	880.0	893.75	604335
2003-04-16 00:00:00	896.25	903.5	876.5	878.75	664044
2003-04-17 00:00:00	879.5	893.5	877.75	891.25	507684
2003-04-21 00:00:00	893.0	897.75	886.75	893.0	472416
2003-04-22 00:00:00	892.5	912.0	885.0	909.5	818667
2003-04-23 00:00:00	910.25	919.5	908.5	917.5	605926
2003-04-24 00:00:00	917.5	918.5	905.5	909.75	594369
2003-04-25 00:00:00	909.75	912.75	896.0	898.5	538212
2003-04-28 00:00:00	899.0	918.0	895.25	913.5	651701
2003-04-29 00:00:00	913.25	923.75	909.75	916.0	764864
2003-04-30 00:00:00	916.25	921.5	910.0	916.0	708681
2003-05-01 00:00:00	915.5	916.0	900.5	915.0	276331
2003-05-02 00:00:00	916.75	930.25	910.75	927.5	593443
2003-05-05 00:00:00	927.0	933.5	923.5	926.25	588037
2003-05-06 00:00:00	925.75	939.5	924.25	934.75	716168
2003-05-07 00:00:00	934.5	937.0	925.25	929.5	650834
2003-05-08 00:00:00	929.0	929.25	918.25	920.5	733728
2003-05-09 00:00:00	920.25	933.5	919.25	932.25	522708
2003-05-12 00:00:00	933.25	946.75	928.25	944.25	590987
2003-05-13 00:00:00	943.75	947.25	938.25	942.75	566810
2003-05-14 00:00:00	942.5	948.25	934.5	940.25	603259
2003-05-15 00:00:00	940.0	948.75	938.0	946.25	638934
2003-05-16 00:00:00	945.75	949.75	938.0	944.25	494993
2003-05-19 00:00:00	941.75	941.75	919.5	922.5	629154
2003-05-20 00:00:00	922.5	925.75	911.25	919.25	771576
2003-05-21 00:00:00	919.75	924.25	913.25	922.0	817480
2003-05-22 00:00:00	922.5	935.5	919.75	930.75	615742
2003-05-23 00:00:00	930.5	935.25	926.5	932.25	615742
2003-05-26 00:00:00	932.25	935.0	931.5	934.5	366154
2003-05-27 00:00:00	932.25	953.25	927.0	949.5	620984
2003-05-28 00:00:00	949.5	959.5	948.75	952.0	658453
2003-05-29 00:00:00	951.5	962.25	945.75	949.25	741751
2003-05-30 00:00:00	949.0	966.0	948.25	963.25	635391
2003-06-02 00:00:00	963.75	979.5	963.5	968.25	876317
2003-06-03 00:00:00	966.75	973.25	963.5	972.25	701725
2003-06-04 00:00:00	972.5	988.0	970.25	986.25	786903
2003-06-05 00:00:00	986.0	991.25	977.5	990.75	769694
2003-06-06 00:00:00	990.5	1008.5	986.0	987.75	889043
2003-06-09 00:00:00	986.25	992.0	972.25	977.0	708826
2003-06-10 00:00:00	977.0	987.0	976.25	986.75	574081
2003-06-11 00:00:00	986.5	998.25	981.75	997.25	740467
2003-06-12 00:00:00	997.0	1004.5	990.25	1000.5	145388
2003-06-13 00:00:00	999.75	1002.25	983.75	989.75	55625
2003-06-16 00:00:00	989.0	1011.25	986.5	1010.5	66207
2003-06-17 00:00:00	1010.25	1016.75	1006.5	1010.75	41033
2003-06-18 00:00:00	1008.75	1015.5	1004.0	1009.5	26690
2003-06-19 00:00:00	1009.25	1014.25	993.0	995.25	43016
2003-06-20 00:00:00	995.5	1003.5	994.25	1001.5599975585938	571235
2003-06-23 00:00:00	992.25	992.75	975.5	981.0	592917
2003-06-24 00:00:00	981.0	986.75	977.0	981.5	697285
2003-06-25 00:00:00	981.75	990.25	970.0	972.0	753408
2003-06-26 00:00:00	971.5	986.25	971.25	983.5	671388
2003-06-27 00:00:00	983.75	988.0	972.0	973.25	575973
2003-06-30 00:00:00	974.5	982.75	971.0	973.25	625846
2003-07-01 00:00:00	972.75	982.5	960.25	981.25	839555
2003-07-02 00:00:00	981.5	993.75	981.25	993.0	585594
2003-07-03 00:00:00	993.0	994.25	974.5	982.5	433116
2003-07-07 00:00:00	983.75	1005.0	983.25	1002.5	600528
2003-07-08 00:00:00	1002.75	1008.5	997.25	1007.5	571296
2003-07-09 00:00:00	1007.25	1010.0	996.0	1001.0	657389
2003-07-10 00:00:00	999.5	1000.0	982.0	988.75	710298
2003-07-11 00:00:00	988.75	1000.25	985.25	997.25	585789
2003-07-14 00:00:00	997.25	1014.75	996.0	1002.75	771550
2003-07-15 00:00:00	1002.25	1011.0	995.0	1001.0	708550
2003-07-16 00:00:00	1002.5	1007.25	987.5	995.0	682840
2003-07-17 00:00:00	993.75	994.0	976.75	980.75	741064
2003-07-18 00:00:00	982.0	993.25	977.5	990.5	538653
2003-07-21 00:00:00	991.25	992.25	973.5	978.0	657728
2003-07-22 00:00:00	977.5	989.5	974.25	986.75	820053
2003-07-23 00:00:00	987.75	991.0	977.75	987.5	601019
2003-07-24 00:00:00	987.25	998.25	978.75	980.25	737463
2003-07-25 00:00:00	979.0	997.75	975.0	996.75	700564
2003-07-28 00:00:00	998.0	1000.5	991.5	994.0	674472
2003-07-29 00:00:00	993.75	998.0	981.5	989.0	817545
2003-07-30 00:00:00	988.75	993.75	984.0	986.5	560639
2003-07-31 00:00:00	986.25	1004.0	985.5	989.25	850836
2003-08-01 00:00:00	988.75	992.75	977.0	979.5	620181
2003-08-04 00:00:00	979.25	985.0	964.75	980.25	704289
2003-08-05 00:00:00	980.25	982.25	958.25	959.5	716130
2003-08-06 00:00:00	959.0	975.25	958.5	965.0	722594
2003-08-07 00:00:00	965.0	975.25	962.0	974.5	652919
2003-08-08 00:00:00	974.0	980.0	972.25	978.0	471856
2003-08-11 00:00:00	978.0	984.75	972.75	981.25	487374
2003-08-12 00:00:00	981.25	990.5	978.75	990.0	474326
2003-08-13 00:00:00	989.5	993.5	979.75	984.75	498772
2003-08-14 00:00:00	984.25	991.75	979.25	987.75	546656
2003-08-15 00:00:00	979.75	992.5	973.25	990.5	311435
2003-08-18 00:00:00	990.0	1000.25	989.75	998.75	377711
2003-08-19 00:00:00	998.75	1003.25	994.25	1003.0	471439
2003-08-20 00:00:00	1001.75	1003.25	995.75	999.0	404406
2003-08-21 00:00:00	999.0	1009.5	998.25	1002.0	606183
2003-08-22 00:00:00	1002.25	1012.25	991.75	992.5	600576
2003-08-25 00:00:00	991.75	994.25	987.0	993.75	404564
2003-08-26 00:00:00	993.75	998.0	982.5	995.5	653620
2003-08-27 00:00:00	995.75	997.75	992.5	995.75	318614
2003-08-28 00:00:00	995.25	1004.0	990.25	1001.25	434530
2003-08-29 00:00:00	1001.25	1009.25	999.0	1007.75	0
2003-09-01 00:00:00	1008.25	1012.5	1006.25	1012.0	370483
2003-09-02 00:00:00	1008.25	1022.75	1004.5	1022.0	820276
2003-09-03 00:00:00	1022.0	1029.75	1020.25	1027.0	761140
2003-09-04 00:00:00	1027.0	1029.5	1021.25	1028.25	577262
2003-09-05 00:00:00	1029.0	1029.75	1017.75	1022.25	661744
2003-09-08 00:00:00	1021.75	1032.75	1021.25	1030.5	671760
2003-09-09 00:00:00	1031.0	1034.75	1020.5	1024.0	621684
2003-09-10 00:00:00	1023.25	1024.25	1009.25	1013.5	773685
2003-09-11 00:00:00	1013.75	1021.25	1010.75	1016.75	162052
2003-09-12 00:00:00	1017.0	1020.0	1007.0	1018.0	86942
2003-09-15 00:00:00	1019.0	1020.75	1013.5	1014.5	55431
2003-09-16 00:00:00	1015.25	1030.0	1010.0	1029.5	57658
2003-09-17 00:00:00	1029.25	1031.5	1024.25	1027.25	34792
2003-09-18 00:00:00	1027.0	1040.5	1025.5	1039.25	34455
2003-09-19 00:00:00	1039.25	1041.75	1036.5	1039.5999755859375	583482
2003-09-22 00:00:00	1031.75	1031.75	1015.75	1021.25	752271
2003-09-23 00:00:00	1021.25	1028.5	1019.25	1025.5	623754
2003-09-24 00:00:00	1025.5	1028.25	1006.25	1007.25	923217
2003-09-25 00:00:00	1007.25	1014.5	997.25	997.75	805260
2003-09-26 00:00:00	997.75	1002.0	994.0	994.5	745028
2003-09-29 00:00:00	995.25	1005.5	992.75	1004.25	756865
2003-09-30 00:00:00	1003.75	1005.0	987.75	994.0	1004864
2003-10-01 00:00:00	995.5	1017.0	995.0	1016.5	915508
2003-10-02 00:00:00	1016.25	1021.0	1011.5	1019.5	727229
2003-10-03 00:00:00	1019.5	1038.0	1018.0	1028.5	831490
2003-10-06 00:00:00	1027.0	1035.0	1026.25	1033.5	332455
2003-10-07 00:00:00	1033.5	1038.25	1024.25	1037.25	834746
2003-10-08 00:00:00	1037.75	1039.75	1029.0	1035.0	658006
2003-10-09 00:00:00	1035.0	1047.25	1033.0	1038.5	771553
2003-10-10 00:00:00	1037.75	1042.5	1034.0	1040.5	503349
2003-10-13 00:00:00	1040.5	1048.0	1039.5	1044.5	307181
2003-10-14 00:00:00	1044.5	1049.5	1039.0	1047.5	567501
2003-10-15 00:00:00	1048.25	1055.75	1041.5	1044.5	661440
2003-10-16 00:00:00	1043.0	1052.25	1041.25	1049.25	733689
2003-10-17 00:00:00	1047.75	1052.0	1034.75	1037.75	608788
2003-10-20 00:00:00	1037.5	1045.5	1034.25	1045.25	549399
2003-10-21 00:00:00	1045.25	1049.5	1040.75	1043.5	572797
2003-10-22 00:00:00	1043.75	1044.25	1026.5	1030.5	682947
2003-10-23 00:00:00	1029.75	1034.5	1019.75	1028.5	693849
2003-10-24 00:00:00	1028.25	1030.25	1016.25	1030.0	644041
2003-10-27 00:00:00	1028.25	1036.75	1027.25	1030.75	541229
2003-10-28 00:00:00	1030.0	1046.0	1029.75	1044.75	648859
2003-10-29 00:00:00	1044.25	1048.75	1040.0	1046.25	569839
2003-10-30 00:00:00	1046.0	1054.5	1042.25	1048.5	744512
2003-10-31 00:00:00	1048.5	1052.25	1046.5	1049.5	452365
2003-11-03 00:00:00	1047.25	1060.5	1046.5	1054.25	609967
2003-11-04 00:00:00	1054.25	1057.0	1050.0	1052.25	554811
2003-11-05 00:00:00	1052.25	1054.5	1043.25	1053.5	556444
2003-11-06 00:00:00	1053.75	1058.75	1045.25	1058.5	618281
2003-11-07 00:00:00	1058.25	1064.5	1050.0	1050.5	614109
2003-11-10 00:00:00	1051.25	1053.75	1044.25	1046.25	495923
2003-11-11 00:00:00	1046.25	1047.75	1041.5	1045.75	403191
2003-11-12 00:00:00	1045.25	1059.0	1044.5	1057.0	645534
2003-11-13 00:00:00	1056.75	1060.0	1052.0	1058.0	575631
2003-11-14 00:00:00	1058.25	1064.25	1047.0	1049.0	649695
2003-11-17 00:00:00	1048.0	1048.0	1034.25	1043.5	686497
2003-11-18 00:00:00	1043.25	1048.5	1031.0	1032.75	773553
2003-11-19 00:00:00	1033.0	1043.75	1031.0	1041.0	644049
2003-11-20 00:00:00	1041.25	1046.25	1031.0	1032.0	797586
2003-11-21 00:00:00	1031.75	1037.0	1030.25	1036.25	534013
2003-11-24 00:00:00	1035.75	1051.5	1035.25	1049.5	658516
2003-11-25 00:00:00	1049.5	1057.75	1047.5	1053.25	562943
2003-11-26 00:00:00	1053.0	1058.5	1047.25	1056.75	562943
2003-11-27 00:00:00	1057.25	1059.75	1055.5	1059.0	480652
2003-11-28 00:00:00	1057.25	1060.25	1053.75	1057.75	135440
2003-12-01 00:00:00	1059.0	1070.5	1055.75	1069.0	663167
2003-12-02 00:00:00	1069.0	1071.0	1064.25	1067.0	564852
2003-12-03 00:00:00	1066.5	1074.25	1064.25	1065.0	677047
2003-12-04 00:00:00	1064.75	1070.5	1062.75	1069.5	574760
2003-12-05 00:00:00	1067.0	1068.75	1059.5	1062.25	638116
2003-12-08 00:00:00	1061.0	1069.5	1057.75	1069.0	498544
2003-12-09 00:00:00	1069.25	1072.75	1058.75	1060.5	680486
2003-12-10 00:00:00	1060.75	1063.0	1053.0	1060.75	636587
2003-12-11 00:00:00	1060.5	1074.0	1059.25	1072.25	148185
2003-12-12 00:00:00	1074.25	1075.0	1067.0	1074.25	57159
2003-12-15 00:00:00	1087.25	1090.25	1067.75	1068.75	76639
2003-12-16 00:00:00	1069.0	1076.0	1067.25	1075.0	25299
2003-12-17 00:00:00	1074.25	1078.0	1070.75	1077.5	25303
2003-12-18 00:00:00	1078.0	1090.75	1076.5	1090.75	29303
2003-12-19 00:00:00	1090.0	1092.25	1088.75	1091.6099853515625	539361
2003-12-22 00:00:00	1082.5	1093.0	1080.5	1092.75	292581
2003-12-23 00:00:00	1092.5	1095.75	1090.25	1093.5	267667
2003-12-24 00:00:00	1093.5	1095.25	1089.5	1093.0	94667
2003-12-26 00:00:00	1093.5	1097.0	1092.5	1093.5	68120
2003-12-29 00:00:00	1093.5	1109.25	1093.0	1107.75	301478
2003-12-30 00:00:00	1107.75	1109.0	1105.0	1107.75	218431
2003-12-31 00:00:00	1107.75	1111.5	1104.75	1110.5	322533
2004-01-02 00:00:00	1111.0	1118.0	1103.5	1109.0	452889
2004-01-05 00:00:00	1108.75	1121.5	1108.75	1120.0	609539
2004-01-06 00:00:00	1119.75	1123.5	1115.5	1122.0	520267
2004-01-07 00:00:00	1121.75	1126.75	1114.75	1125.5	623738
2004-01-08 00:00:00	1125.5	1130.5	1123.75	1129.5	655254
2004-01-09 00:00:00	1129.5	1131.0	1119.0	1120.0	870229
2004-01-12 00:00:00	1119.5	1128.5	1118.25	1128.25	636419
2004-01-13 00:00:00	1128.25	1129.25	1113.75	1121.25	739977
2004-01-14 00:00:00	1121.25	1132.5	1119.25	1131.25	530133
2004-01-15 00:00:00	1129.75	1136.5	1123.0	1133.25	876169
2004-01-16 00:00:00	1133.0	1139.0	1132.0	1138.0	876169
2004-01-19 00:00:00	1137.75	1140.75	1135.5	1136.25	574795
2004-01-20 00:00:00	1137.75	1142.25	1134.0	1137.5	563145
2004-01-21 00:00:00	1137.25	1148.75	1132.75	1146.0	683620
2004-01-22 00:00:00	1146.0	1149.25	1141.5	1144.0	556580
2004-01-23 00:00:00	1141.75	1149.25	1135.25	1140.25	641861
2004-01-26 00:00:00	1140.0	1155.0	1138.0	1154.25	588066
2004-01-27 00:00:00	1154.25	1154.75	1142.0	1142.5	655547
2004-01-28 00:00:00	1142.25	1148.0	1124.75	1129.25	821903
2004-01-29 00:00:00	1128.5	1133.75	1120.75	1130.25	886218
2004-01-30 00:00:00	1131.0	1132.25	1126.0	1130.0	585391
2004-02-02 00:00:00	1130.25	1142.25	1126.5	1134.5	675576
2004-02-03 00:00:00	1134.5	1136.5	1129.5	1133.0	594482
2004-02-04 00:00:00	1133.0	1133.5	1122.0	1124.0	771930
2004-02-05 00:00:00	1123.75	1130.25	1122.5	1126.5	579920
2004-02-06 00:00:00	1126.75	1142.0	1125.0	1139.0	646603
2004-02-09 00:00:00	1139.25	1143.75	1137.75	1140.0	472032
2004-02-10 00:00:00	1140.25	1146.75	1137.5	1143.25	506464
2004-02-11 00:00:00	1143.25	1158.75	1141.25	1155.25	735265
2004-02-12 00:00:00	1155.25	1157.5	1150.5	1151.0	447641
2004-02-13 00:00:00	1151.5	1156.75	1142.0	1145.75	447641
2004-02-16 00:00:00	1145.5	1148.25	1145.25	1148.0	534255
2004-02-17 00:00:00	1145.5	1158.75	1145.25	1156.5	472647
2004-02-18 00:00:00	1156.5	1158.75	1148.25	1151.25	534794
2004-02-19 00:00:00	1151.25	1158.5	1145.25	1147.25	645777
2004-02-20 00:00:00	1146.75	1151.0	1137.75	1143.75	686761
2004-02-23 00:00:00	1144.0	1147.5	1136.0	1140.25	611027
2004-02-24 00:00:00	1144.0	1144.25	1133.25	1138.5	742235
2004-02-25 00:00:00	1139.0	1145.0	1137.0	1143.0	556898
2004-02-26 00:00:00	1143.25	1147.25	1137.75	1143.25	528708
2004-02-27 00:00:00	1143.75	1152.0	1140.5	1144.5	593104
2004-03-01 00:00:00	1144.25	1157.5	1144.25	1155.5	533975
2004-03-02 00:00:00	1155.5	1156.75	1146.5	1149.0	588494
2004-03-03 00:00:00	1149.25	1152.75	1143.25	1150.75	640846
2004-03-04 00:00:00	1150.5	1155.25	1149.25	1154.25	410537
2004-03-05 00:00:00	1153.25	1163.75	1146.5	1157.75	1078580
2004-03-08 00:00:00	1158.0	1160.0	1143.25	1144.0	644665
2004-03-09 00:00:00	1144.0	1147.0	1136.25	1139.5	777885
2004-03-10 00:00:00	1139.5	1141.75	1119.5	1120.25	930475
2004-03-11 00:00:00	1120.25	1126.5	1104.5	1105.5	306870
2004-03-12 00:00:00	1105.75	1120.75	1102.25	1119.25	119451
2004-03-15 00:00:00	1117.5	1122.0	1102.5	1106.25	67433
2004-03-16 00:00:00	1106.5	1114.25	1102.5	1111.5	58429
2004-03-17 00:00:00	1111.75	1126.0	1110.75	1123.75	57211
2004-03-18 00:00:00	1123.75	1126.75	1112.75	1124.25	54851
2004-03-19 00:00:00	1124.75	1128.0	1122.0	1120.1800537109375	649991
2004-03-22 00:00:00	1107.5	1107.5	1087.5	1093.25	972312
2004-03-23 00:00:00	1093.25	1100.25	1089.75	1091.25	753983
2004-03-24 00:00:00	1091.5	1097.5	1084.75	1091.5	827573
2004-03-25 00:00:00	1091.75	1109.25	1090.0	1106.0	664861
2004-03-26 00:00:00	1106.25	1114.0	1104.25	1106.0	664861
2004-03-29 00:00:00	1106.0	1123.5	1106.0	1121.75	669922
2004-03-30 00:00:00	1121.75	1126.75	1117.5	1126.0	562087
2004-03-31 00:00:00	1126.0	1129.75	1119.75	1125.0	693645
2004-04-01 00:00:00	1126.75	1134.75	1123.5	1133.5	640574
2004-04-02 00:00:00	1133.25	1145.0	1132.0	1142.0	773288
2004-04-05 00:00:00	1141.5	1149.5	1138.0	1148.25	479671
2004-04-06 00:00:00	1148.25	1148.5	1141.5	1144.75	469548
2004-04-07 00:00:00	1144.5	1146.5	1137.0	1142.25	632450
2004-04-08 00:00:00	1142.25	1154.5	1133.0	1139.5	640090
2004-04-12 00:00:00	1139.0	1146.5	1136.0	1144.0	384108
2004-04-13 00:00:00	1144.25	1150.0	1126.25	1128.25	828295
2004-04-14 00:00:00	1128.0	1132.0	1120.75	1129.75	972966
2004-04-15 00:00:00	1129.25	1133.5	1119.0	1125.0	880208
2004-04-16 00:00:00	1124.5	1136.0	1122.0	1134.0	681187
2004-04-19 00:00:00	1132.5	1135.25	1128.25	1133.75	507413
2004-04-20 00:00:00	1133.5	1138.5	1113.25	1114.5	774369
2004-04-21 00:00:00	1115.5	1124.75	1114.25	1122.5	861177
2004-04-22 00:00:00	1124.0	1142.0	1118.25	1136.75	848340
2004-04-23 00:00:00	1140.0	1142.25	1133.25	1139.5	515762
2004-04-26 00:00:00	1138.25	1144.25	1131.0	1138.0	554092
2004-04-27 00:00:00	1137.75	1146.25	1134.75	1138.0	743858
2004-04-28 00:00:00	1138.0	1138.25	1120.0	1123.5	837185
2004-04-29 00:00:00	1123.0	1128.0	1106.5	1114.0	1145900
2004-04-30 00:00:00	1113.25	1119.0	1103.75	1106.0	817525
2004-05-03 00:00:00	1105.25	1118.0	1104.25	1116.0	609878
2004-05-04 00:00:00	1116.0	1127.5	1111.5	1115.5	781489
2004-05-05 00:00:00	1115.5	1124.5	1112.5	1122.0	665017
2004-05-06 00:00:00	1122.0	1122.25	1104.75	1113.0	782294
2004-05-07 00:00:00	1113.0	1117.0	1094.5	1095.5	986625
2004-05-10 00:00:00	1095.0	1097.0	1078.0	1083.5	1231780
2004-05-11 00:00:00	1083.5	1095.25	1081.25	1092.25	755064
2004-05-12 00:00:00	1092.5	1099.75	1075.25	1098.75	1189880
2004-05-13 00:00:00	1098.5	1102.5	1090.75	1093.75	868300
2004-05-14 00:00:00	1093.5	1102.0	1085.75	1094.75	857016
2004-05-17 00:00:00	1094.0	1094.75	1078.25	1085.5	819851
2004-05-18 00:00:00	1085.25	1094.5	1084.5	1090.25	644992
2004-05-19 00:00:00	1090.75	1105.75	1085.75	1086.75	1029552
2004-05-20 00:00:00	1087.0	1092.75	1084.0	1090.5	659182
2004-05-21 00:00:00	1090.0	1099.75	1088.75	1092.5	674780
2004-05-24 00:00:00	1092.75	1101.75	1091.0	1096.5	725025
2004-05-25 00:00:00	1096.5	1113.75	1090.0	1112.5	914619
2004-05-26 00:00:00	1112.0	1117.0	1108.75	1116.0	605407
2004-05-27 00:00:00	1116.0	1124.5	1114.5	1122.75	706751
2004-05-28 00:00:00	1122.25	1123.75	1117.5	1120.25	706751
2004-05-31 00:00:00	1121.5	1123.0	1118.75	1121.5	359808
2004-06-01 00:00:00	1121.25	1122.75	1112.5	1121.25	621570
2004-06-02 00:00:00	1121.5	1128.5	1118.25	1125.5	570289
2004-06-03 00:00:00	1125.25	1126.0	1114.5	1115.0	613526
2004-06-04 00:00:00	1116.0	1129.5	1115.5	1123.25	623184
2004-06-07 00:00:00	1122.5	1142.0	1122.5	1140.25	578498
2004-06-08 00:00:00	1140.25	1142.75	1135.5	1142.0	518265
2004-06-09 00:00:00	1141.75	1143.0	1130.5	1131.5	615183
2004-06-10 00:00:00	1131.75	1137.0	1128.5	1136.5	615183
2004-06-11 00:00:00	1136.25	1137.0	1132.75	1136.5	615183
2004-06-14 00:00:00	1134.75	1135.0	1122.0	1125.5	109840
2004-06-15 00:00:00	1125.75	1138.0	1125.5	1134.0	117868
2004-06-16 00:00:00	1133.5	1137.0	1130.25	1133.0	61834
2004-06-17 00:00:00	1133.0	1134.25	1126.5	1131.75	54769
2004-06-18 00:00:00	1131.5	1132.0	1127.0	1129.5999755859375	522615
2004-06-21 00:00:00	1134.75	1139.25	1128.25	1129.25	407234
2004-06-22 00:00:00	1129.25	1135.75	1123.75	1135.0	585314
2004-06-23 00:00:00	1134.75	1145.25	1131.0	1144.0	553760
2004-06-24 00:00:00	1144.0	1146.25	1139.5	1141.25	477243
2004-06-25 00:00:00	1141.5	1146.0	1133.5	1135.25	476509
2004-06-28 00:00:00	1136.75	1145.75	1131.0	1131.75	569180
2004-06-29 00:00:00	1132.0	1138.5	1127.75	1135.75	515740
2004-06-30 00:00:00	1135.75	1144.5	1133.0	1140.5	708253
2004-07-01 00:00:00	1140.75	1143.75	1122.25	1126.25	886319
2004-07-02 00:00:00	1126.5	1129.5	1122.5	1125.75	886319
2004-07-05 00:00:00	1125.75	1126.25	1122.75	1124.25	457987
2004-07-06 00:00:00	1125.75	1129.0	1112.5	1115.0	750511
2004-07-07 00:00:00	1115.0	1122.0	1113.5	1118.0	518030
2004-07-08 00:00:00	1117.5	1119.25	1108.0	1110.75	733944
2004-07-09 00:00:00	1110.75	1115.5	1110.0	1112.75	489827
2004-07-12 00:00:00	1113.75	1116.25	1106.0	1113.5	660826
2004-07-13 00:00:00	1113.5	1116.0	1111.0	1114.25	484624
2004-07-14 00:00:00	1111.75	1119.75	1106.75	1111.25	800975
2004-07-15 00:00:00	1111.5	1115.0	1103.0	1103.5	681355
2004-07-16 00:00:00	1105.0	1112.5	1100.0	1102.75	655474
2004-07-19 00:00:00	1103.0	1106.0	1095.5	1098.75	687796
2004-07-20 00:00:00	1098.75	1114.75	1095.75	1112.0	661956
2004-07-21 00:00:00	1112.0	1116.0	1089.5	1090.5	891225
2004-07-22 00:00:00	1090.25	1099.25	1083.0	1093.75	854998
2004-07-23 00:00:00	1092.0	1094.0	1082.25	1085.5	638928
2004-07-26 00:00:00	1085.75	1089.5	1077.0	1083.0	728731
2004-07-27 00:00:00	1083.0	1096.0	1082.75	1092.5	744885
2004-07-28 00:00:00	1092.5	1098.5	1080.75	1095.5	802235
2004-07-29 00:00:00	1095.75	1103.75	1092.5	1100.25	671856
2004-07-30 00:00:00	1100.25	1104.0	1096.0	1101.0	493272
2004-08-02 00:00:00	1098.0	1108.25	1095.5	1105.5	584118
2004-08-03 00:00:00	1105.75	1106.5	1096.5	1097.25	575958
2004-08-04 00:00:00	1097.5	1102.25	1089.0	1097.0	644751
2004-08-05 00:00:00	1097.0	1098.75	1077.25	1078.5	657904
2004-08-06 00:00:00	1078.75	1083.0	1060.75	1063.5	896597
2004-08-09 00:00:00	1064.25	1069.25	1062.5	1064.25	480071
2004-08-10 00:00:00	1064.5	1078.75	1064.0	1076.25	603931
2004-08-11 00:00:00	1076.25	1077.25	1065.25	1075.75	682787
2004-08-12 00:00:00	1075.75	1078.0	1060.0	1063.75	718858
2004-08-13 00:00:00	1064.5	1067.75	1060.0	1066.25	592108
2004-08-16 00:00:00	1065.5	1080.75	1061.0	1077.5	627915
2004-08-17 00:00:00	1077.25	1087.0	1075.5	1083.0	593673
2004-08-18 00:00:00	1083.0	1096.0	1078.0	1094.5	717331
2004-08-19 00:00:00	1094.25	1095.5	1085.75	1091.25	607182
2004-08-20 00:00:00	1091.25	1100.5	1087.25	1098.75	566065
2004-08-23 00:00:00	1097.5	1101.75	1094.25	1096.25	547848
2004-08-24 00:00:00	1096.25	1101.25	1092.25	1097.5	556798
2004-08-25 00:00:00	1097.25	1106.5	1092.75	1103.75	576935
2004-08-26 00:00:00	1103.75	1106.75	1102.0	1104.5	331025
2004-08-27 00:00:00	1104.0	1109.75	1103.25	1108.25	335912
2004-08-30 00:00:00	1107.5	1108.0	1098.0	1099.0	359193
2004-08-31 00:00:00	1099.25	1105.25	1094.25	1104.0	623724
2004-09-01 00:00:00	1105.0	1109.75	1098.0	1106.75	613831
2004-09-02 00:00:00	1106.5	1120.25	1104.5	1119.5	512030
2004-09-03 00:00:00	1116.25	1121.25	1112.75	1114.5	512030
2004-09-06 00:00:00	1114.75	1118.5	1114.75	1118.25	459941
2004-09-07 00:00:00	1114.75	1124.5	1114.75	1122.25	657022
2004-09-08 00:00:00	1122.0	1123.5	1116.0	1118.75	655151
2004-09-09 00:00:00	1118.25	1121.75	1113.5	1117.5	230814
2004-09-10 00:00:00	1118.0	1125.5	1113.75	1123.25	124196
2004-09-13 00:00:00	1123.5	1130.25	1122.75	1127.75	97543
2004-09-14 00:00:00	1127.5	1129.75	1124.75	1129.5	82975
2004-09-15 00:00:00	1129.25	1129.75	1119.5	1120.25	51839
2004-09-16 00:00:00	1120.75	1126.25	1120.5	1124.0	37632
2004-09-17 00:00:00	1124.0	1128.0	1123.0	1127.02001953125	518182
2004-09-20 00:00:00	1128.75	1129.0	1120.5	1122.25	563160
2004-09-21 00:00:00	1122.5	1132.5	1121.25	1127.25	543857
2004-09-22 00:00:00	1127.0	1127.5	1112.0	1113.0	757021
2004-09-23 00:00:00	1112.75	1115.0	1107.0	1107.25	616454
2004-09-24 00:00:00	1107.25	1114.5	1107.0	1111.5	421659
2004-09-27 00:00:00	1111.25	1114.0	1103.25	1105.25	547651
2004-09-28 00:00:00	1105.25	1112.5	1101.25	1109.75	661460
2004-09-29 00:00:00	1109.75	1115.5	1107.25	1115.25	575671
2004-09-30 00:00:00	1115.25	1117.0	1109.5	1115.0	593430
2004-10-01 00:00:00	1115.0	1133.5	1111.75	1133.25	679874
2004-10-04 00:00:00	1131.5	1141.25	1131.0	1135.5	570055
2004-10-05 00:00:00	1135.25	1140.0	1132.25	1136.5	531192
2004-10-06 00:00:00	1135.75	1143.75	1133.5	1142.75	590808
2004-10-07 00:00:00	1143.0	1143.0	1130.5	1131.5	551060
2004-10-08 00:00:00	1131.5	1136.0	1120.25	1122.0	718784
2004-10-11 00:00:00	1122.0	1127.0	1122.0	1126.0	285971
2004-10-12 00:00:00	1125.75	1126.75	1116.0	1122.5	712789
2004-10-13 00:00:00	1123.5	1127.5	1109.5	1112.25	785662
2004-10-14 00:00:00	1112.0	1115.5	1102.0	1103.0	830879
2004-10-15 00:00:00	1103.0	1113.75	1102.0	1108.25	774418
2004-10-18 00:00:00	1108.75	1115.25	1102.5	1113.0	660608
2004-10-19 00:00:00	1113.5	1118.5	1102.0	1103.5	854833
2004-10-20 00:00:00	1103.5	1104.25	1093.75	1101.75	863732
2004-10-21 00:00:00	1101.75	1109.25	1098.0	1107.75	813591
2004-10-22 00:00:00	1106.25	1109.75	1094.75	1096.0	664670
2004-10-25 00:00:00	1095.5	1097.0	1088.0	1095.25	735235
2004-10-26 00:00:00	1095.5	1112.0	1094.5	1111.5	806763
2004-10-27 00:00:00	1111.0	1126.75	1106.75	1124.75	963330
2004-10-28 00:00:00	1124.0	1131.25	1120.25	1127.5	664428
2004-10-29 00:00:00	1127.75	1132.0	1124.5	1130.25	556564
2004-11-01 00:00:00	1127.5	1134.0	1126.25	1130.75	494666
2004-11-02 00:00:00	1130.75	1141.0	1127.75	1130.5	831105
2004-11-03 00:00:00	1130.5	1149.0	1127.25	1145.0	981514
2004-11-04 00:00:00	1144.25	1162.0	1142.0	1160.5	897586
2004-11-05 00:00:00	1160.5	1171.75	1158.25	1167.75	833448
2004-11-08 00:00:00	1167.0	1167.5	1162.25	1166.5	439648
2004-11-09 00:00:00	1166.5	1170.0	1162.75	1164.25	589789
2004-11-10 00:00:00	1164.5	1170.5	1162.75	1164.75	694097
2004-11-11 00:00:00	1165.0	1176.0	1163.0	1173.75	548869
2004-11-12 00:00:00	1173.25	1184.75	1171.75	1182.75	676262
2004-11-15 00:00:00	1183.0	1186.0	1180.5	1186.0	625695
2004-11-16 00:00:00	1185.25	1185.75	1175.75	1177.5	658437
2004-11-17 00:00:00	1177.5	1189.75	1177.25	1184.25	831375
2004-11-18 00:00:00	1184.0	1186.25	1180.5	1185.0	527776
2004-11-19 00:00:00	1185.0	1185.75	1169.25	1172.25	723841
2004-11-22 00:00:00	1172.0	1179.0	1166.5	1178.0	531349
2004-11-23 00:00:00	1178.0	1180.5	1171.5	1179.25	635022
2004-11-24 00:00:00	1178.75	1183.25	1178.0	1182.0	635022
2004-11-25 00:00:00	1182.0	1186.5	1180.75	1186.25	428298
2004-11-26 00:00:00	1182.0	1187.0	1179.25	1180.75	179479
2004-11-29 00:00:00	1180.5	1191.25	1172.25	1176.0	812904
2004-11-30 00:00:00	1176.5	1179.5	1173.0	1174.0	687321
2004-12-01 00:00:00	1177.25	1192.25	1175.0	1189.75	707865
2004-12-02 00:00:00	1189.5	1195.75	1187.0	1190.5	716558
2004-12-03 00:00:00	1193.75	1198.5	1185.75	1189.25	827492
2004-12-06 00:00:00	1189.25	1193.25	1185.25	1189.25	456185
2004-12-07 00:00:00	1189.25	1193.5	1177.0	1177.75	802914
2004-12-08 00:00:00	1177.25	1184.75	1176.0	1184.0	691265
2004-12-09 00:00:00	1183.5	1191.5	1173.5	1188.5	321642
2004-12-10 00:00:00	1188.5	1192.0	1184.75	1189.75	233892
2004-12-13 00:00:00	1189.5	1200.5	1189.5	1200.25	91346
2004-12-14 00:00:00	1199.75	1205.75	1197.0	1204.0	122640
2004-12-15 00:00:00	1204.25	1207.0	1199.0	1204.75	53339
2004-12-16 00:00:00	1204.75	1208.25	1198.0	1204.25	56442
2004-12-17 00:00:00	1203.5	1206.75	1193.5	1190.449951171875	821953
2004-12-20 00:00:00	1197.5	1206.75	1195.25	1198.75	494262
2004-12-21 00:00:00	1198.5	1208.5	1197.25	1208.0	451956
2004-12-22 00:00:00	1207.25	1214.25	1206.75	1211.0	401650
2004-12-23 00:00:00	1210.75	1216.5	1209.0	1211.75	268933
2004-12-27 00:00:00	1212.25	1217.0	1207.25	1208.5	297065
2004-12-28 00:00:00	1208.5	1216.75	1207.75	1215.5	251113
2004-12-29 00:00:00	1215.5	1217.25	1212.75	1217.0	210237
2004-12-30 00:00:00	1216.75	1219.0	1213.5	1214.75	210317
2004-12-31 00:00:00	1214.75	1219.75	1210.75	1213.75	246153
2005-01-03 00:00:00	1213.5	1221.25	1201.75	1206.25	672360
2005-01-04 00:00:00	1206.25	1209.5	1186.75	1191.0	869562
2005-01-05 00:00:00	1190.75	1195.0	1182.75	1183.25	855689
2005-01-06 00:00:00	1183.25	1193.75	1182.75	1188.25	678414
2005-01-07 00:00:00	1188.5	1194.5	1183.5	1186.25	766197
2005-01-10 00:00:00	1187.0	1196.75	1185.25	1191.75	727775
2005-01-11 00:00:00	1191.25	1192.75	1181.75	1184.0	759233
2005-01-12 00:00:00	1186.0	1189.75	1176.75	1187.5	948455
2005-01-13 00:00:00	1187.75	1190.25	1176.25	1178.0	727580
2005-01-14 00:00:00	1178.25	1186.75	1176.75	1183.75	518753
2005-01-18 00:00:00	1185.0	1197.75	1180.5	1195.75	777663
2005-01-19 00:00:00	1196.0	1197.25	1183.25	1183.5	730230
2005-01-20 00:00:00	1181.5	1183.0	1174.0	1176.5	929786
2005-01-21 00:00:00	1177.25	1180.75	1167.25	1168.5	900208
2005-01-24 00:00:00	1170.0	1174.25	1164.25	1166.25	854722
2005-01-25 00:00:00	1166.25	1175.5	1166.0	1169.75	739854
2005-01-26 00:00:00	1169.75	1176.75	1169.5	1173.25	751462
2005-01-27 00:00:00	1173.0	1178.0	1170.25	1174.75	732660
2005-01-28 00:00:00	1175.25	1177.5	1166.25	1174.75	829911
2005-01-31 00:00:00	1176.75	1183.0	1176.75	1181.75	669875
2005-02-01 00:00:00	1181.25	1191.0	1179.5	1189.25	651757
2005-02-02 00:00:00	1189.75	1196.0	1189.0	1193.25	587228
2005-02-03 00:00:00	1192.25	1193.5	1185.75	1189.5	569604
2005-02-04 00:00:00	1189.75	1204.5	1188.25	1202.0	654585
2005-02-07 00:00:00	1202.75	1205.0	1199.5	1200.75	441330
2005-02-08 00:00:00	1201.0	1206.25	1200.0	1202.25	458474
2005-02-09 00:00:00	1201.75	1204.5	1191.75	1193.0	674518
2005-02-10 00:00:00	1192.5	1199.5	1191.75	1196.5	624507
2005-02-11 00:00:00	1196.75	1210.0	1193.75	1207.0	807304
2005-02-14 00:00:00	1207.75	1208.5	1204.0	1206.25	417612
2005-02-15 00:00:00	1206.25	1213.5	1205.5	1210.75	677146
2005-02-16 00:00:00	1210.5	1213.5	1203.5	1210.5	659402
2005-02-17 00:00:00	1210.75	1212.0	1200.75	1201.0	807624
2005-02-18 00:00:00	1201.25	1203.75	1197.5	1202.25	600297
2005-02-22 00:00:00	1203.0	1203.25	1184.0	1184.75	949859
2005-02-23 00:00:00	1185.0	1194.0	1183.5	1192.75	761306
2005-02-24 00:00:00	1192.75	1201.5	1188.0	1200.75	749925
2005-02-25 00:00:00	1200.75	1213.25	1199.75	1212.0	657702
2005-02-28 00:00:00	1212.0	1214.75	1198.25	1204.0	746263
2005-03-01 00:00:00	1204.5	1213.25	1203.0	1210.0	646303
2005-03-02 00:00:00	1210.25	1217.0	1204.0	1209.5	864801
2005-03-03 00:00:00	1209.75	1216.75	1204.5	1210.0	802229
2005-03-04 00:00:00	1210.0	1225.75	1209.25	1224.25	709416
2005-03-07 00:00:00	1225.75	1229.75	1223.25	1225.25	590194
2005-03-08 00:00:00	1225.75	1226.5	1218.5	1220.5	678481
2005-03-09 00:00:00	1220.75	1224.0	1206.5	1207.0	1057580
2005-03-10 00:00:00	1206.75	1211.75	1201.0	1209.5	352653
2005-03-11 00:00:00	1210.75	1214.0	1198.0	1201.0	243597
2005-03-14 00:00:00	1201.5	1208.25	1199.25	1207.75	131335
2005-03-15 00:00:00	1207.75	1211.75	1197.25	1198.5	118439
2005-03-16 00:00:00	1198.75	1202.0	1185.5	1187.75	85253
2005-03-17 00:00:00	1188.5	1193.5	1186.25	1190.0	53627
2005-03-18 00:00:00	1190.0	1192.5	1189.25	1190.699951171875	787043
2005-03-21 00:00:00	1191.5	1193.5	1182.5	1186.25	664651
2005-03-22 00:00:00	1186.25	1193.75	1172.0	1174.25	859051
2005-03-23 00:00:00	1173.0	1180.25	1168.75	1174.5	865506
2005-03-24 00:00:00	1174.75	1184.25	1174.5	1175.5	658008
2005-03-28 00:00:00	1176.0	1183.5	1176.0	1177.5	519128
2005-03-29 00:00:00	1177.75	1183.25	1166.75	1170.0	975050
2005-03-30 00:00:00	1170.0	1185.75	1169.0	1185.5	811569
2005-03-31 00:00:00	1185.5	1188.25	1182.0	1184.0	717296
2005-04-01 00:00:00	1183.25	1193.5	1172.5	1177.75	1094070
2005-04-04 00:00:00	1177.25	1182.0	1170.75	1179.75	810132
2005-04-05 00:00:00	1180.0	1187.0	1178.5	1185.25	665877
2005-04-06 00:00:00	1184.75	1193.0	1184.0	1189.25	779290
2005-04-07 00:00:00	1189.25	1195.75	1186.25	1195.25	811332
2005-04-08 00:00:00	1195.25	1195.5	1182.75	1183.5	732352
2005-04-11 00:00:00	1182.75	1187.25	1181.25	1183.75	623058
2005-04-12 00:00:00	1183.75	1193.25	1173.0	1190.0	1241970
2005-04-13 00:00:00	1189.75	1190.5	1173.5	1176.0	1005028
2005-04-14 00:00:00	1175.75	1178.5	1160.0	1160.5	1265440
2005-04-15 00:00:00	1160.25	1164.0	1143.0	1143.5	1425780
2005-04-18 00:00:00	1144.0	1151.5	1135.75	1146.75	1106720
2005-04-19 00:00:00	1147.0	1157.0	1146.5	1155.75	909978
2005-04-20 00:00:00	1157.75	1159.75	1136.75	1139.75	1331510
2005-04-21 00:00:00	1139.25	1163.75	1137.75	1161.5	1041607
2005-04-22 00:00:00	1161.0	1161.25	1143.75	1157.25	960073
2005-04-25 00:00:00	1157.0	1166.25	1155.5	1164.0	722198
2005-04-26 00:00:00	1164.25	1166.0	1152.5	1153.75	648713
2005-04-27 00:00:00	1153.0	1161.5	1145.25	1157.25	930845
2005-04-28 00:00:00	1157.5	1158.5	1142.5	1143.0	910474
2005-04-29 00:00:00	1144.0	1159.5	1140.25	1158.5	1150690
2005-05-02 00:00:00	1157.75	1164.5	1155.5	1163.5	655692
2005-05-03 00:00:00	1164.0	1168.75	1157.25	1166.0	945783
2005-05-04 00:00:00	1165.75	1177.75	1162.75	1175.25	916232
2005-05-05 00:00:00	1175.5	1180.0	1167.5	1175.0	995990
2005-05-06 00:00:00	1174.5	1182.25	1171.0	1171.25	786504
2005-05-09 00:00:00	1172.5	1180.75	1170.0	1178.25	643470
2005-05-10 00:00:00	1178.25	1178.5	1163.5	1166.25	969039
2005-05-11 00:00:00	1166.0	1173.5	1158.0	1172.5	1092270
2005-05-12 00:00:00	1172.0	1175.25	1158.5	1159.25	1080800
2005-05-13 00:00:00	1160.25	1165.5	1146.75	1156.75	1171490
2005-05-16 00:00:00	1156.75	1167.75	1154.75	1167.0	765420
2005-05-17 00:00:00	1167.0	1176.25	1160.75	1175.25	885389
2005-05-18 00:00:00	1175.0	1189.5	1172.25	1186.75	924983
2005-05-19 00:00:00	1186.75	1192.75	1185.25	1191.25	776523
2005-05-20 00:00:00	1191.5	1193.0	1186.0	1190.25	549423
2005-05-23 00:00:00	1190.75	1199.0	1189.25	1196.25	637243
2005-05-24 00:00:00	1196.25	1196.75	1190.5	1193.75	628157
2005-05-25 00:00:00	1192.25	1193.75	1186.25	1192.5	590207
2005-05-26 00:00:00	1192.25	1200.25	1191.75	1198.0	549682
2005-05-27 00:00:00	1198.0	1200.5	1196.0	1200.25	278454
2005-05-31 00:00:00	1200.0	1202.0	1191.5	1192.25	691298
2005-06-01 00:00:00	1192.5	1207.0	1191.75	1201.25	1059920
2005-06-02 00:00:00	1201.5	1205.75	1198.5	1205.25	549044
2005-06-03 00:00:00	1205.0	1207.0	1194.75	1198.5	858227
2005-06-06 00:00:00	1198.25	1199.5	1193.0	1198.0	521956
2005-06-07 00:00:00	1198.0	1209.75	1197.5	1199.0	1021351
2005-06-08 00:00:00	1199.25	1203.5	1193.5	1196.0	759672
2005-06-09 00:00:00	1195.75	1202.75	1191.25	1201.0	345656
2005-06-10 00:00:00	1201.0	1203.75	1192.5	1199.0	210230
2005-06-13 00:00:00	1199.0	1207.25	1194.75	1202.5	167710
2005-06-14 00:00:00	1202.25	1208.25	1200.0	1205.0	100314
2005-06-15 00:00:00	1205.0	1209.0	1198.5	1206.5	101035
2005-06-16 00:00:00	1206.5	1212.25	1205.25	1210.5	98068
2005-06-17 00:00:00	1210.5	1217.5	1210.0	1222.6800537109375	802869
2005-06-20 00:00:00	1220.5	1224.5	1215.25	1220.0	490354
2005-06-21 00:00:00	1220.0	1222.5	1216.25	1221.0	586447
2005-06-22 00:00:00	1221.0	1225.0	1216.0	1221.0	571229
2005-06-23 00:00:00	1221.25	1222.5	1203.75	1204.0	888432
2005-06-24 00:00:00	1204.0	1206.25	1193.25	1195.75	806436
2005-06-27 00:00:00	1195.5	1199.25	1192.5	1196.25	660708
2005-06-28 00:00:00	1196.0	1207.25	1195.75	1206.75	672914
2005-06-29 00:00:00	1206.75	1208.75	1202.0	1203.0	525912
2005-06-30 00:00:00	1203.0	1207.75	1194.0	1195.5	805568
2005-07-01 00:00:00	1195.75	1202.25	1195.25	1200.0	616158
2005-07-05 00:00:00	1200.0	1210.75	1195.5	1209.0	713519
2005-07-06 00:00:00	1208.75	1210.75	1198.0	1198.5	802296
2005-07-07 00:00:00	1198.25	1203.25	1170.75	1202.75	1327160
2005-07-08 00:00:00	1202.75	1217.25	1200.75	1216.5	841624
2005-07-11 00:00:00	1216.5	1224.75	1215.5	1223.5	660773
2005-07-12 00:00:00	1223.25	1229.75	1219.75	1225.5	731031
2005-07-13 00:00:00	1225.75	1228.5	1222.75	1228.0	589633
2005-07-14 00:00:00	1227.75	1237.5	1227.0	1231.75	880014
2005-07-15 00:00:00	1231.25	1233.5	1226.5	1231.25	554683
2005-07-18 00:00:00	1230.5	1231.5	1224.0	1226.5	445747
2005-07-19 00:00:00	1226.5	1234.0	1226.5	1233.25	613904
2005-07-20 00:00:00	1231.75	1240.0	1225.5	1236.5	923309
2005-07-21 00:00:00	1238.25	1246.0	1227.0	1230.0	1093560
2005-07-22 00:00:00	1229.25	1238.0	1227.25	1237.0	542786
2005-07-25 00:00:00	1236.75	1241.75	1230.5	1234.0	576981
2005-07-26 00:00:00	1234.0	1237.5	1231.5	1235.0	560862
2005-07-27 00:00:00	1235.0	1240.5	1232.25	1239.75	553800
2005-07-28 00:00:00	1239.5	1248.25	1238.25	1247.0	676330
2005-07-29 00:00:00	1247.0	1248.75	1236.5	1236.75	691729
2005-08-01 00:00:00	1239.25	1242.0	1235.75	1237.5	562113
2005-08-02 00:00:00	1237.25	1247.5	1237.0	1245.0	672058
2005-08-03 00:00:00	1244.75	1248.5	1242.25	1247.75	531908
2005-08-04 00:00:00	1247.75	1248.5	1236.5	1238.0	622052
2005-08-05 00:00:00	1238.25	1241.0	1227.25	1229.75	688747
2005-08-08 00:00:00	1229.75	1234.5	1224.25	1227.25	653176
2005-08-09 00:00:00	1226.75	1236.25	1225.5	1234.25	683725
2005-08-10 00:00:00	1234.0	1245.25	1228.25	1233.75	932525
2005-08-11 00:00:00	1233.5	1240.5	1230.0	1238.5	744612
2005-08-12 00:00:00	1238.25	1238.5	1227.25	1231.0	683616
2005-08-15 00:00:00	1230.75	1238.5	1227.75	1237.5	597897
2005-08-16 00:00:00	1237.25	1239.0	1220.0	1221.5	853949
2005-08-17 00:00:00	1221.5	1227.75	1218.25	1221.5	808255
2005-08-18 00:00:00	1221.5	1224.75	1216.75	1221.0	659584
2005-08-19 00:00:00	1220.75	1227.25	1220.0	1223.75	546467
2005-08-22 00:00:00	1223.25	1231.0	1217.5	1224.0	844986
2005-08-23 00:00:00	1223.25	1225.0	1215.5	1221.5	685576
2005-08-24 00:00:00	1221.0	1225.75	1209.0	1210.0	1030677
2005-08-25 00:00:00	1209.25	1215.0	1208.5	1213.5	576260
2005-08-26 00:00:00	1213.75	1215.25	1204.75	1206.0	803310
2005-08-29 00:00:00	1203.25	1215.75	1194.0	1214.5	933736
2005-08-30 00:00:00	1214.5	1215.0	1201.5	1208.5	1275960
2005-08-31 00:00:00	1208.5	1224.25	1204.75	1221.5	1264220
2005-09-01 00:00:00	1222.25	1228.75	1216.5	1221.75	992540
2005-09-02 00:00:00	1221.75	1226.25	1217.5	1219.75	648621
2005-09-06 00:00:00	1219.5	1235.0	1219.25	1234.25	802131
2005-09-07 00:00:00	1234.25	1238.0	1231.25	1235.5	741436
2005-09-08 00:00:00	1235.25	1236.25	1229.5	1232.0	365102
2005-09-09 00:00:00	1232.0	1243.75	1231.25	1242.0	224184
2005-09-12 00:00:00	1242.25	1244.5	1239.0	1240.25	179731
2005-09-13 00:00:00	1239.75	1240.5	1231.5	1232.5	207171
2005-09-14 00:00:00	1232.5	1235.75	1225.75	1228.5	88824
2005-09-15 00:00:00	1228.0	1232.25	1224.75	1227.25	93230
2005-09-16 00:00:00	1227.5	1235.5	1227.0	1232.7900390625	847635
2005-09-19 00:00:00	1242.5	1243.0	1233.25	1238.0	634914
2005-09-20 00:00:00	1238.0	1243.0	1225.5	1227.5	898982
2005-09-21 00:00:00	1227.5	1229.5	1214.25	1216.0	1051180
2005-09-22 00:00:00	1216.0	1222.75	1210.75	1219.75	1093250
2005-09-23 00:00:00	1219.5	1224.75	1215.0	1220.5	648656
2005-09-26 00:00:00	1224.0	1229.0	1216.75	1221.5	856117
2005-09-27 00:00:00	1221.5	1226.0	1216.0	1221.75	805798
2005-09-28 00:00:00	1221.75	1227.0	1217.5	1222.75	820109
2005-09-29 00:00:00	1222.5	1234.5	1216.25	1231.75	1179570
2005-09-30 00:00:00	1231.5	1236.0	1230.0	1234.25	659840
2005-10-03 00:00:00	1235.25	1239.0	1229.75	1231.75	772265
2005-10-04 00:00:00	1231.5	1235.5	1216.5	1216.75	985820
2005-10-05 00:00:00	1216.75	1218.5	1200.0	1200.75	1402650
2005-10-06 00:00:00	1200.75	1207.0	1185.75	1197.0	1603800
2005-10-07 00:00:00	1196.75	1204.75	1195.0	1200.0	872168
2005-10-10 00:00:00	1199.5	1204.5	1189.5	1190.0	785969
2005-10-11 00:00:00	1190.25	1198.0	1187.0	1188.5	963502
2005-10-12 00:00:00	1189.25	1195.0	1177.25	1178.5	1380590
2005-10-13 00:00:00	1179.0	1184.5	1171.75	1178.0	1206460
2005-10-14 00:00:00	1178.5	1191.5	1178.5	1190.0	1050860
2005-10-17 00:00:00	1189.75	1195.75	1186.25	1194.25	758747
2005-10-18 00:00:00	1194.25	1196.75	1180.75	1181.5	992428
2005-10-19 00:00:00	1182.25	1201.0	1173.75	1200.5	1505180
2005-10-20 00:00:00	1199.0	1201.0	1175.25	1179.5	1497790
2005-10-21 00:00:00	1179.75	1190.0	1175.75	1183.75	1144610
2005-10-24 00:00:00	1183.75	1203.25	1183.25	1202.5	968810
2005-10-25 00:00:00	1202.0	1204.75	1191.75	1199.0	976446
2005-10-26 00:00:00	1198.75	1207.25	1193.75	1196.0	1021568
2005-10-27 00:00:00	1195.5	1196.0	1180.75	1182.5	955560
2005-10-28 00:00:00	1181.5	1201.25	1179.5	1199.75	1034230
2005-10-31 00:00:00	1199.75	1214.5	1199.5	1209.75	1037613
2005-11-01 00:00:00	1205.25	1210.5	1203.0	1206.25	795867
2005-11-02 00:00:00	1206.25	1218.5	1202.5	1218.0	994560
2005-11-03 00:00:00	1218.0	1227.75	1216.0	1223.75	1013023
2005-11-04 00:00:00	1223.5	1225.75	1216.5	1222.0	743547
2005-11-07 00:00:00	1222.5	1227.0	1219.25	1222.75	667652
2005-11-08 00:00:00	1222.5	1224.5	1218.5	1222.75	629541
2005-11-09 00:00:00	1222.5	1229.5	1218.75	1223.75	847127
2005-11-10 00:00:00	1223.5	1235.5	1217.25	1233.75	1078110
2005-11-11 00:00:00	1233.75	1238.75	1232.5	1238.0	362334
2005-11-14 00:00:00	1238.0	1240.25	1234.0	1237.25	553318
2005-11-15 00:00:00	1237.0	1241.0	1228.5	1232.5	921501
2005-11-16 00:00:00	1232.5	1235.25	1229.25	1234.75	635768
2005-11-17 00:00:00	1234.5	1246.25	1233.75	1245.25	802407
2005-11-18 00:00:00	1245.0	1252.25	1242.5	1250.25	938944
2005-11-21 00:00:00	1250.25	1258.25	1248.5	1257.0	686194
2005-11-22 00:00:00	1256.75	1264.0	1253.0	1262.0	809153
2005-11-23 00:00:00	1261.75	1273.0	1260.75	1268.5	809153
2005-11-24 00:00:00	1268.5	1268.5	1265.75	1267.5	635533
2005-11-25 00:00:00	1268.0	1270.75	1266.0	1270.0	189175
2005-11-28 00:00:00	1269.75	1273.0	1258.75	1261.0	795243
2005-11-29 00:00:00	1260.75	1268.0	1258.75	1259.25	845046
2005-11-30 00:00:00	1259.25	1263.0	1250.5	1251.0	1036807
2005-12-01 00:00:00	1253.0	1268.0	1251.75	1264.5	880394
2005-12-02 00:00:00	1265.0	1268.25	1262.5	1266.0	691895
2005-12-05 00:00:00	1266.0	1267.0	1259.0	1263.5	674928
2005-12-06 00:00:00	1263.5	1274.5	1263.0	1265.5	937848
2005-12-07 00:00:00	1265.75	1267.25	1253.5	1258.0	1048204
2005-12-08 00:00:00	1257.75	1264.75	1251.25	1256.75	418250
2005-12-09 00:00:00	1255.75	1264.5	1254.25	1259.25	245032
2005-12-12 00:00:00	1260.0	1266.0	1255.75	1261.0	222856
2005-12-13 00:00:00	1261.25	1273.25	1259.25	1269.0	193799
2005-12-14 00:00:00	1269.25	1276.5	1265.25	1273.75	131032
2005-12-15 00:00:00	1273.5	1275.5	1267.5	1269.5	107855
2005-12-16 00:00:00	1269.5	1277.0	1269.25	1274.8399658203125	698893
2005-12-19 00:00:00	1275.25	1279.75	1266.75	1267.5	667914
2005-12-20 00:00:00	1267.75	1272.0	1264.75	1268.0	625304
2005-12-21 00:00:00	1268.0	1277.0	1266.75	1270.0	764030
2005-12-22 00:00:00	1269.25	1276.0	1269.0	1275.5	424148
2005-12-23 00:00:00	1275.75	1277.75	1273.0	1276.5	274193
2005-12-27 00:00:00	1277.0	1281.0	1262.5	1264.0	595885
2005-12-28 00:00:00	1263.5	1268.25	1263.0	1265.25	391511
2005-12-29 00:00:00	1265.25	1267.75	1258.5	1260.0	367199
2005-12-30 00:00:00	1260.25	1261.5	1251.25	1254.75	465731
2006-01-03 00:00:00	1255.25	1277.5	1251.5	1274.75	1149130
2006-01-04 00:00:00	1274.5	1282.25	1270.75	1280.5	902220
2006-01-05 00:00:00	1280.5	1283.25	1275.75	1281.25	761183
2006-01-06 00:00:00	1281.25	1293.0	1280.25	1291.75	899355
2006-01-09 00:00:00	1291.25	1297.5	1290.25	1295.0	774670
2006-01-10 00:00:00	1294.25	1296.75	1289.25	1296.0	895506
2006-01-11 00:00:00	1295.75	1301.0	1293.5	1299.75	836995
2006-01-12 00:00:00	1299.5	1299.75	1290.5	1293.5	761246
2006-01-13 00:00:00	1293.5	1295.75	1287.75	1292.75	761246
2006-01-16 00:00:00	1292.75	1295.25	1288.75	1294.75	716681
2006-01-17 00:00:00	1292.75	1295.25	1283.5	1289.5	782532
2006-01-18 00:00:00	1286.75	1287.75	1275.25	1283.75	1172080
2006-01-19 00:00:00	1282.5	1293.0	1280.25	1288.25	949592
2006-01-20 00:00:00	1288.0	1289.25	1264.25	1264.75	1586180
2006-01-23 00:00:00	1265.25	1272.75	1263.75	1269.25	892100
2006-01-24 00:00:00	1269.25	1276.25	1267.25	1270.5	950405
2006-01-25 00:00:00	1270.5	1276.0	1262.25	1271.0	1262220
2006-01-26 00:00:00	1270.25	1280.75	1269.75	1277.75	968935
2006-01-27 00:00:00	1278.25	1290.5	1277.25	1289.25	889309
2006-01-30 00:00:00	1289.0	1291.75	1286.75	1288.5	523825
2006-01-31 00:00:00	1288.25	1290.5	1278.5	1283.5	1034519
2006-02-01 00:00:00	1278.25	1287.5	1276.25	1287.25	997495
2006-02-02 00:00:00	1286.75	1287.25	1270.5	1272.0	1107720
2006-02-03 00:00:00	1271.75	1276.5	1263.5	1265.5	1006505
2006-02-06 00:00:00	1265.75	1270.5	1264.0	1268.75	526186
2006-02-07 00:00:00	1268.5	1270.0	1256.0	1257.5	978806
2006-02-08 00:00:00	1257.5	1269.75	1255.75	1268.25	861721
2006-02-09 00:00:00	1268.0	1277.75	1265.25	1265.75	935033
2006-02-10 00:00:00	1266.0	1273.0	1257.0	1268.25	999625
2006-02-13 00:00:00	1268.25	1269.25	1260.5	1265.75	651482
2006-02-14 00:00:00	1265.75	1281.5	1263.0	1278.25	1116270
2006-02-15 00:00:00	1278.25	1283.75	1272.75	1282.25	965298
2006-02-16 00:00:00	1282.0	1292.75	1281.0	1291.75	798754
2006-02-17 00:00:00	1291.75	1292.25	1286.0	1289.0	798754
2006-02-20 00:00:00	1288.25	1289.75	1286.5	1288.75	553718
2006-02-21 00:00:00	1288.25	1294.25	1283.0	1285.25	715879
2006-02-22 00:00:00	1285.25	1296.25	1283.75	1292.25	771937
2006-02-23 00:00:00	1292.25	1296.0	1286.5	1290.25	738249
2006-02-24 00:00:00	1290.0	1294.25	1287.0	1293.0	549003
2006-02-27 00:00:00	1293.0	1299.75	1292.0	1294.0	586818
2006-02-28 00:00:00	1294.25	1295.0	1280.0	1282.5	1139690
2006-03-01 00:00:00	1281.75	1293.5	1281.5	1292.0	717804
2006-03-02 00:00:00	1291.75	1293.0	1284.25	1291.5	958000
2006-03-03 00:00:00	1291.5	1299.0	1280.0	1286.5	1119040
2006-03-06 00:00:00	1286.75	1291.25	1276.25	1279.5	875562
2006-03-07 00:00:00	1279.5	1279.5	1271.75	1277.5	927692
2006-03-08 00:00:00	1277.75	1281.75	1268.75	1279.5	1056570
2006-03-09 00:00:00	1279.75	1283.75	1271.5	1272.0	440703
2006-03-10 00:00:00	1271.75	1285.25	1270.75	1283.0	274831
2006-03-13 00:00:00	1282.25	1288.5	1282.25	1285.5	256314
2006-03-14 00:00:00	1285.5	1299.25	1282.5	1298.5	150513
2006-03-15 00:00:00	1298.5	1305.0	1295.0	1303.75	122135
2006-03-16 00:00:00	1303.5	1311.0	1301.0	1306.25	96216
2006-03-17 00:00:00	1303.5	1309.0	1303.5	1310.1600341796875	603136
2006-03-20 00:00:00	1317.5	1321.0	1313.5	1315.5	507984
2006-03-21 00:00:00	1315.25	1321.5	1305.5	1307.5	1031144
2006-03-22 00:00:00	1307.25	1316.0	1304.75	1314.5	737198
2006-03-23 00:00:00	1314.75	1316.0	1307.0	1311.75	675368
2006-03-24 00:00:00	1311.75	1316.25	1307.5	1312.75	596147
2006-03-27 00:00:00	1313.0	1314.5	1307.75	1311.0	462838
2006-03-28 00:00:00	1310.75	1315.5	1300.25	1302.5	929472
2006-03-29 00:00:00	1302.25	1315.0	1300.75	1310.0	896642
2006-03-30 00:00:00	1310.5	1319.25	1304.75	1307.5	991068
2006-03-31 00:00:00	1307.75	1311.75	1302.75	1307.5	846848
2006-04-03 00:00:00	1307.0	1318.0	1304.25	1305.75	965195
2006-04-04 00:00:00	1306.0	1316.25	1302.25	1314.75	1044428
2006-04-05 00:00:00	1314.75	1321.25	1312.25	1319.0	838856
2006-04-06 00:00:00	1319.0	1320.5	1310.0	1317.5	888393
2006-04-07 00:00:00	1317.0	1324.0	1301.25	1304.0	1343220
2006-04-10 00:00:00	1303.75	1308.75	1300.25	1305.5	727289
2006-04-11 00:00:00	1305.75	1307.75	1289.25	1294.0	1105250
2006-04-12 00:00:00	1294.0	1298.25	1292.5	1295.5	637521
2006-04-13 00:00:00	1295.5	1299.25	1289.5	1294.25	699153
2006-04-17 00:00:00	1294.25	1299.25	1286.5	1293.0	736454
2006-04-18 00:00:00	1292.75	1316.0	1292.5	1313.5	1459890
2006-04-19 00:00:00	1313.5	1318.75	1308.25	1315.25	951127
2006-04-20 00:00:00	1314.75	1324.75	1311.75	1317.0	1048211
2006-04-21 00:00:00	1317.25	1324.0	1312.0	1317.0	858597
2006-04-24 00:00:00	1316.25	1318.5	1309.0	1314.5	656522
2006-04-25 00:00:00	1314.5	1316.75	1304.25	1309.5	1061490
2006-04-26 00:00:00	1309.25	1316.5	1307.75	1309.0	902689
2006-04-27 00:00:00	1309.0	1321.0	1300.25	1315.0	1471050
2006-04-28 00:00:00	1314.75	1322.0	1310.75	1316.0	771181
2006-05-01 00:00:00	1318.5	1322.5	1307.0	1308.25	944775
2006-05-02 00:00:00	1308.25	1319.0	1308.25	1318.0	801915
2006-05-03 00:00:00	1318.0	1318.75	1308.0	1312.25	775548
2006-05-04 00:00:00	1312.0	1320.0	1311.25	1317.0	757899
2006-05-05 00:00:00	1317.0	1331.25	1316.25	1329.0	919501
2006-05-08 00:00:00	1329.25	1331.0	1326.75	1327.25	425184
2006-05-09 00:00:00	1327.5	1331.0	1325.75	1329.25	376942
2006-05-10 00:00:00	1329.25	1330.0	1320.75	1327.75	762814
2006-05-11 00:00:00	1327.5	1330.5	1307.25	1311.75	1288890
2006-05-12 00:00:00	1311.25	1312.75	1293.5	1294.25	1344300
2006-05-15 00:00:00	1289.0	1299.0	1285.25	1297.25	1316370
2006-05-16 00:00:00	1297.0	1301.5	1291.75	1295.0	1866792
2006-05-17 00:00:00	1295.25	1299.75	1268.25	1269.0	1867010
2006-05-18 00:00:00	1269.75	1278.0	1261.5	1263.0	1463030
2006-05-19 00:00:00	1263.75	1275.5	1258.25	1270.75	1594950
2006-05-22 00:00:00	1270.75	1274.0	1255.25	1262.0	1596240
2006-05-23 00:00:00	1262.75	1276.5	1252.0	1252.5	1348390
2006-05-24 00:00:00	1253.0	1267.0	1246.75	1261.0	1908740
2006-05-25 00:00:00	1261.25	1276.5	1257.75	1276.0	1103890
2006-05-26 00:00:00	1276.0	1283.25	1274.0	1282.75	1103890
2006-05-29 00:00:00	1282.25	1283.25	1279.75	1280.0	785007
2006-05-30 00:00:00	1279.75	1281.75	1259.25	1260.0	1047920
2006-05-31 00:00:00	1260.5	1273.25	1256.0	1272.0	1229560
2006-06-01 00:00:00	1273.0	1287.75	1266.25	1285.75	1058350
2006-06-02 00:00:00	1285.75	1294.0	1281.25	1288.25	1108000
2006-06-05 00:00:00	1287.75	1288.5	1265.75	1269.5	1170660
2006-06-06 00:00:00	1269.25	1273.75	1255.25	1265.75	1565850
2006-06-07 00:00:00	1266.0	1273.75	1254.75	1256.0	1411880
2006-06-08 00:00:00	1256.75	1261.25	1235.25	1255.5	908947
2006-06-09 00:00:00	1255.0	1263.75	1250.0	1251.0	361028
2006-06-12 00:00:00	1251.0	1258.0	1235.0	1236.5	299763
2006-06-13 00:00:00	1237.5	1244.75	1221.5	1222.0	372047
2006-06-14 00:00:00	1222.5	1232.0	1218.75	1230.75	237642
2006-06-15 00:00:00	1231.0	1259.75	1230.5	1257.0	189148
2006-06-16 00:00:00	1257.25	1257.5	1251.5	1252.0899658203125	1170580
2006-06-19 00:00:00	1261.0	1267.0	1247.25	1248.5	1194880
2006-06-20 00:00:00	1248.75	1260.0	1247.5	1252.5	1138610
2006-06-21 00:00:00	1252.5	1268.5	1249.0	1261.75	1181880
2006-06-22 00:00:00	1262.25	1266.75	1251.0	1256.0	974787
2006-06-23 00:00:00	1255.5	1264.0	1251.0	1255.5	749066
2006-06-26 00:00:00	1255.75	1261.25	1253.25	1260.25	630570
2006-06-27 00:00:00	1260.75	1263.25	1248.0	1249.75	1054910
2006-06-28 00:00:00	1249.75	1258.0	1246.5	1257.75	875877
2006-06-29 00:00:00	1257.75	1283.75	1257.0	1282.5	1197230
2006-06-30 00:00:00	1282.0	1287.25	1279.25	1279.5	808675
2006-07-03 00:00:00	1281.75	1289.75	1281.5	1288.25	808675
2006-07-04 00:00:00	1288.0	1288.25	1285.75	1287.75	270102
2006-07-05 00:00:00	1288.0	1288.25	1274.0	1279.75	781097
2006-07-06 00:00:00	1279.75	1287.5	1278.0	1282.75	659983
2006-07-07 00:00:00	1282.75	1290.0	1271.0	1275.0	997930
2006-07-10 00:00:00	1274.5	1282.75	1272.5	1277.0	810573
2006-07-11 00:00:00	1276.5	1282.5	1267.5	1282.25	1083630
2006-07-12 00:00:00	1282.0	1283.75	1264.5	1268.25	1118760
2006-07-13 00:00:00	1268.5	1269.75	1246.75	1247.5	1554830
2006-07-14 00:00:00	1248.0	1251.5	1235.0	1242.25	1449110
2006-07-17 00:00:00	1243.0	1247.5	1234.75	1240.5	1114300
2006-07-18 00:00:00	1240.25	1246.75	1231.0	1245.75	1584210
2006-07-19 00:00:00	1246.0	1269.0	1244.0	1262.5	1574310
2006-07-20 00:00:00	1262.5	1269.0	1252.5	1254.25	1276730
2006-07-21 00:00:00	1256.0	1260.25	1243.5	1244.75	1230860
2006-07-24 00:00:00	1244.5	1269.0	1243.5	1267.5	1233390
2006-07-25 00:00:00	1267.25	1278.75	1262.5	1271.5	1268050
2006-07-26 00:00:00	1271.25	1279.75	1266.75	1273.25	985631
2006-07-27 00:00:00	1273.5	1281.75	1266.75	1272.25	1011207
2006-07-28 00:00:00	1271.75	1286.0	1270.5	1284.25	938448
2006-07-31 00:00:00	1283.75	1284.25	1279.0	1281.75	671544
2006-08-01 00:00:00	1282.25	1283.0	1270.25	1276.75	866527
2006-08-02 00:00:00	1276.5	1288.25	1275.75	1284.25	857703
2006-08-03 00:00:00	1284.0	1289.0	1274.75	1287.25	886700
2006-08-04 00:00:00	1287.25	1297.75	1278.0	1286.0	1152490
2006-08-07 00:00:00	1285.75	1285.75	1277.0	1282.25	601458
2006-08-08 00:00:00	1282.0	1287.75	1272.0	1276.75	994520
2006-08-09 00:00:00	1276.5	1288.25	1268.25	1271.5	1156130
2006-08-10 00:00:00	1271.5	1277.0	1262.5	1275.5	1112170
2006-08-11 00:00:00	1275.25	1277.0	1265.75	1272.25	645007
2006-08-14 00:00:00	1274.25	1283.25	1270.75	1273.25	815507
2006-08-15 00:00:00	1273.0	1290.5	1273.0	1287.75	1079240
2006-08-16 00:00:00	1287.75	1300.25	1286.75	1299.0	916074
2006-08-17 00:00:00	1298.75	1304.75	1295.5	1301.0	882907
2006-08-18 00:00:00	1300.75	1307.75	1296.75	1307.0	782213
2006-08-21 00:00:00	1306.5	1306.75	1298.5	1302.25	554184
2006-08-22 00:00:00	1301.5	1305.75	1297.25	1302.0	771246
2006-08-23 00:00:00	1301.75	1304.25	1291.5	1297.75	851752
2006-08-24 00:00:00	1297.5	1300.75	1293.5	1296.0	684520
2006-08-25 00:00:00	1296.75	1301.75	1294.75	1297.5	527282
2006-08-28 00:00:00	1297.75	1307.5	1294.5	1303.75	703132
2006-08-29 00:00:00	1303.75	1307.5	1297.0	1305.0	927982
2006-08-30 00:00:00	1305.0	1308.75	1303.75	1305.0	667130
2006-08-31 00:00:00	1305.0	1308.25	1303.0	1305.5	551526
2006-09-01 00:00:00	1305.0	1314.0	1304.75	1312.5	551526
2006-09-04 00:00:00	1311.75	1316.75	1311.5	1316.25	626673
2006-09-05 00:00:00	1311.75	1316.75	1310.0	1314.5	772895
2006-09-06 00:00:00	1314.25	1314.25	1300.25	1302.75	1126283
2006-09-07 00:00:00	1302.25	1302.5	1293.0	1296.25	601027
2006-09-08 00:00:00	1296.25	1301.25	1295.0	1299.25	227859
2006-09-11 00:00:00	1300.0	1303.5	1291.5	1300.5	329385
2006-09-12 00:00:00	1300.5	1314.75	1296.75	1313.75	291007
2006-09-13 00:00:00	1313.0	1320.5	1311.0	1317.5	194814
2006-09-14 00:00:00	1317.75	1319.5	1313.25	1318.0	135328
2006-09-15 00:00:00	1318.0	1327.0	1317.0	1323.1199951171875	1060297
2006-09-18 00:00:00	1331.5	1336.5	1329.0	1334.25	799315
2006-09-19 00:00:00	1333.75	1334.5	1322.75	1330.5	1176450
2006-09-20 00:00:00	1330.75	1339.75	1329.5	1336.5	970246
2006-09-21 00:00:00	1336.5	1340.0	1325.5	1330.25	1248340
2006-09-22 00:00:00	1330.0	1331.5	1321.0	1326.0	892984
2006-09-25 00:00:00	1325.75	1340.0	1321.5	1335.75	1283745
2006-09-26 00:00:00	1335.75	1347.25	1333.5	1346.75	1150143
2006-09-27 00:00:00	1346.5	1350.25	1343.0	1347.75	981555
2006-09-28 00:00:00	1347.5	1350.5	1343.0	1347.25	784851
2006-09-29 00:00:00	1347.25	1350.5	1344.75	1345.5	683824
2006-10-02 00:00:00	1345.75	1348.75	1339.25	1340.5	735497
2006-10-03 00:00:00	1340.5	1347.75	1336.0	1343.25	1162516
2006-10-04 00:00:00	1343.5	1359.0	1339.75	1358.25	1312184
2006-10-05 00:00:00	1358.0	1363.25	1356.5	1360.75	831686
2006-10-06 00:00:00	1360.5	1361.5	1352.5	1358.75	917225
2006-10-09 00:00:00	1357.75	1361.75	1354.25	1359.25	493343
2006-10-10 00:00:00	1359.25	1363.25	1357.0	1360.75	943129
2006-10-11 00:00:00	1360.75	1362.5	1351.0	1359.0	1273694
2006-10-12 00:00:00	1359.0	1372.0	1358.5	1370.75	1005913
2006-10-13 00:00:00	1370.75	1374.75	1368.0	1373.5	842535
2006-10-16 00:00:00	1373.25	1378.25	1371.5	1376.0	688016
2006-10-17 00:00:00	1376.0	1376.0	1364.0	1371.75	1312925
2006-10-18 00:00:00	1372.25	1380.25	1367.75	1372.5	1447105
2006-10-19 00:00:00	1372.75	1375.5	1369.0	1374.25	994319
2006-10-20 00:00:00	1374.5	1376.75	1369.75	1375.0	816062
2006-10-23 00:00:00	1374.75	1398.0	1370.0	1380.75	1240655
2006-10-24 00:00:00	1380.75	1385.5	1378.0	1384.75	899769
2006-10-25 00:00:00	1384.0	1389.75	1381.25	1389.25	969812
2006-10-26 00:00:00	1389.0	1395.25	1385.0	1393.0	1096982
2006-10-27 00:00:00	1392.5	1393.5	1381.0	1384.75	1185702
2006-10-30 00:00:00	1384.25	1387.0	1378.75	1383.25	890262
2006-10-31 00:00:00	1383.25	1387.25	1377.0	1383.25	1295619
2006-11-01 00:00:00	1382.75	1387.5	1370.75	1373.0	1445275
2006-11-02 00:00:00	1372.75	1376.0	1367.25	1371.25	1031687
2006-11-03 00:00:00	1371.25	1377.25	1365.5	1368.5	1199066
2006-11-06 00:00:00	1369.0	1386.5	1367.25	1383.75	950803
2006-11-07 00:00:00	1383.75	1393.0	1382.5	1389.0	1180040
2006-11-08 00:00:00	1389.0	1393.25	1380.25	1391.5	1371018
2006-11-09 00:00:00	1391.0	1393.75	1381.25	1384.0	1241693
2006-11-10 00:00:00	1384.0	1386.25	1379.25	1384.75	849319
2006-11-13 00:00:00	1385.0	1392.25	1382.5	1388.0	897471
2006-11-14 00:00:00	1388.0	1399.25	1383.0	1397.75	1487734
2006-11-15 00:00:00	1397.5	1405.75	1396.25	1401.5	1116886
2006-11-16 00:00:00	1401.25	1408.0	1399.25	1405.0	1116808
2006-11-17 00:00:00	1404.25	1405.25	1398.0	1404.75	955820
2006-11-20 00:00:00	1405.0	1408.0	1399.0	1405.25	952795
2006-11-21 00:00:00	1405.0	1407.0	1402.75	1406.25	769508
2006-11-22 00:00:00	1406.5	1411.25	1404.5	1408.5	769508
2006-11-23 00:00:00	1408.5	1408.75	1405.75	1407.25	590684
2006-11-24 00:00:00	1408.5	1408.75	1400.0	1403.0	364727
2006-11-27 00:00:00	1402.75	1406.25	1382.75	1383.5	1553045
2006-11-28 00:00:00	1383.75	1390.5	1378.5	1388.5	1472102
2006-11-29 00:00:00	1388.5	1403.5	1388.5	1402.25	1325390
2006-11-30 00:00:00	1402.0	1408.75	1395.5	1403.0	1570498
2006-12-01 00:00:00	1403.0	1406.5	1387.5	1400.5	1735600
2006-12-04 00:00:00	1399.25	1413.5	1397.75	1410.75	1168711
2006-12-05 00:00:00	1410.25	1417.5	1409.5	1416.75	1137321
2006-12-06 00:00:00	1416.75	1417.75	1412.0	1414.75	832797
2006-12-07 00:00:00	1414.25	1420.0	1407.75	1408.75	637625
2006-12-08 00:00:00	1408.75	1415.5	1404.25	1410.0	348034
2006-12-11 00:00:00	1409.75	1417.0	1409.5	1414.5	294738
2006-12-12 00:00:00	1414.75	1414.75	1405.0	1412.75	333953
2006-12-13 00:00:00	1413.0	1418.5	1410.75	1414.25	219370
2006-12-14 00:00:00	1414.0	1427.5	1412.0	1426.0	216489
2006-12-15 00:00:00	1426.0	1432.75	1425.25	1428.739990234375	865135
2006-12-18 00:00:00	1438.25	1444.0	1432.25	1434.75	690259
2006-12-19 00:00:00	1434.75	1440.5	1426.5	1436.25	987742
2006-12-20 00:00:00	1436.5	1440.5	1434.0	1435.25	497822
2006-12-21 00:00:00	1435.5	1439.5	1426.75	1429.75	627266
2006-12-22 00:00:00	1430.0	1431.75	1419.75	1420.25	599004
2006-12-26 00:00:00	1421.0	1429.5	1420.5	1428.75	267515
2006-12-27 00:00:00	1428.75	1438.75	1428.5	1437.0	429427
2006-12-28 00:00:00	1437.0	1438.0	1432.0	1433.75	416781
2006-12-29 00:00:00	1434.25	1437.5	1425.5	1428.5	25473
2007-01-03 00:00:00	1433.0	1440.0	1416.5	1424.75	1220241
2007-01-04 00:00:00	1425.25	1431.5	1416.75	1427.5	1032569
2007-01-05 00:00:00	1427.75	1428.5	1414.25	1416.5	1058487
2007-01-08 00:00:00	1417.25	1424.5	1413.0	1422.5	1040975
2007-01-09 00:00:00	1422.5	1427.0	1414.0	1420.5	1274582
2007-01-10 00:00:00	1420.75	1424.75	1412.25	1424.5	1145364
2007-01-11 00:00:00	1424.5	1435.75	1420.75	1431.0	1229581
2007-01-12 00:00:00	1431.25	1441.5	1428.25	1440.75	865572
2007-01-16 00:00:00	1441.0	1444.5	1436.25	1438.75	744157
2007-01-17 00:00:00	1438.5	1443.0	1435.25	1438.75	930441
2007-01-18 00:00:00	1438.5	1442.25	1431.0	1433.25	1117211
2007-01-19 00:00:00	1432.25	1439.0	1431.25	1436.75	984888
2007-01-22 00:00:00	1437.25	1439.25	1426.75	1431.0	1036460
2007-01-23 00:00:00	1431.25	1438.0	1427.75	1435.5	1051050
2007-01-24 00:00:00	1435.0	1446.5	1434.75	1446.25	1043019
2007-01-25 00:00:00	1446.25	1447.25	1427.5	1429.25	1420031
2007-01-26 00:00:00	1430.25	1433.0	1422.0	1427.5	1255881
2007-01-29 00:00:00	1428.0	1432.5	1423.25	1426.25	943487
2007-01-30 00:00:00	1426.25	1434.5	1425.5	1434.0	914770
2007-01-31 00:00:00	1434.0	1446.75	1429.0	1443.0	1263105
2007-02-01 00:00:00	1443.0	1451.75	1441.0	1450.75	1116868
2007-02-02 00:00:00	1450.75	1454.75	1448.75	1453.0	820588
2007-02-05 00:00:00	1452.5	1454.25	1448.0	1453.75	625989
2007-02-06 00:00:00	1453.25	1455.75	1447.5	1453.25	822806
2007-02-07 00:00:00	1453.0	1457.75	1450.5	1455.75	894783
2007-02-08 00:00:00	1455.5	1455.75	1446.75	1454.0	970082
2007-02-09 00:00:00	1453.75	1457.0	1437.0	1443.0	1410788
2007-02-12 00:00:00	1442.75	1444.75	1435.0	1438.0	947280
2007-02-13 00:00:00	1438.25	1449.75	1437.5	1449.5	967121
2007-02-14 00:00:00	1449.0	1461.5	1448.75	1458.5	1066671
2007-02-15 00:00:00	1458.5	1461.75	1456.25	1459.5	713126
2007-02-16 00:00:00	1459.5	1459.75	1454.5	1459.0	713126
2007-02-20 00:00:00	1458.5	1464.0	1452.25	1461.75	927781
2007-02-21 00:00:00	1461.75	1463.0	1454.25	1460.5	987778
2007-02-22 00:00:00	1460.25	1464.75	1452.75	1459.25	1138123
2007-02-23 00:00:00	1458.75	1459.25	1450.5	1453.75	1060452
2007-02-26 00:00:00	1454.0	1459.75	1447.75	1452.5	1197313
2007-02-27 00:00:00	1452.75	1452.75	1389.0	1395.25	3533951
2007-02-28 00:00:00	1395.75	1418.75	1390.5	1409.0	2502209
2007-03-01 00:00:00	1407.75	1413.5	1380.75	1405.0	2730029
2007-03-02 00:00:00	1404.75	1410.0	1385.0	1385.75	1991452
2007-03-05 00:00:00	1387.0	1393.75	1371.0	1372.25	2342172
2007-03-06 00:00:00	1373.0	1399.5	1368.75	1395.5	1666841
2007-03-07 00:00:00	1395.25	1402.5	1391.0	1393.25	1525381
2007-03-08 00:00:00	1392.75	1409.25	1390.25	1404.75	884473
2007-03-09 00:00:00	1404.75	1413.75	1397.75	1405.0	494606
2007-03-12 00:00:00	1404.75	1410.5	1398.5	1407.0	379028
2007-03-13 00:00:00	1407.0	1407.5	1377.0	1379.75	572332
2007-03-14 00:00:00	1379.5	1389.75	1363.75	1389.5	577617
2007-03-15 00:00:00	1389.75	1396.25	1384.75	1391.5	273200
2007-03-16 00:00:00	1391.75	1397.0	1385.75	1396.1199951171875	1252036
2007-03-19 00:00:00	1397.75	1416.0	1394.75	1415.75	1078053
2007-03-20 00:00:00	1415.5	1424.0	1412.5	1423.5	1064641
2007-03-21 00:00:00	1423.5	1449.75	1421.0	1445.0	1609256
2007-03-22 00:00:00	1445.0	1451.0	1441.0	1445.0	1136059
2007-03-23 00:00:00	1444.75	1451.0	1443.5	1447.0	785022
2007-03-26 00:00:00	1446.25	1449.25	1433.75	1445.25	1153326
2007-03-27 00:00:00	1445.0	1446.0	1436.0	1440.5	911001
2007-03-28 00:00:00	1440.5	1440.75	1424.25	1429.5	1446110
2007-03-29 00:00:00	1429.75	1438.25	1423.25	1431.5	1331006
2007-03-30 00:00:00	1431.75	1439.75	1418.0	1431.25	1399338
2007-04-02 00:00:00	1431.75	1436.0	1425.75	1433.25	904543
2007-04-03 00:00:00	1433.5	1450.5	1433.25	1447.25	1008408
2007-04-04 00:00:00	1447.0	1450.0	1444.25	1448.5	753211
2007-04-05 00:00:00	1448.0	1454.75	1446.25	1452.75	520584
2007-04-09 00:00:00	1457.25	1459.0	1452.5	1454.5	576687
2007-04-10 00:00:00	1454.5	1458.25	1451.25	1456.0	712441
2007-04-11 00:00:00	1455.75	1458.25	1444.5	1448.5	1156391
2007-04-12 00:00:00	1448.5	1457.0	1442.25	1455.5	1168430
2007-04-13 00:00:00	1455.25	1461.75	1452.25	1461.25	975395
2007-04-16 00:00:00	1461.5	1477.25	1461.0	1475.5	1204460
2007-04-17 00:00:00	1474.75	1482.75	1471.25	1479.0	1300312
2007-04-18 00:00:00	1478.75	1484.5	1473.0	1480.25	1097360
2007-04-19 00:00:00	1480.5	1481.75	1468.25	1480.25	1198217
2007-04-20 00:00:00	1479.75	1493.5	1478.75	1493.0	1345302
2007-04-23 00:00:00	1492.75	1494.75	1487.0	1488.25	847905
2007-04-24 00:00:00	1488.0	1491.5	1480.25	1488.5	1202067
2007-04-25 00:00:00	1488.25	1503.5	1486.75	1500.75	1220950
2007-04-26 00:00:00	1500.75	1505.0	1497.25	1502.75	972312
2007-04-27 00:00:00	1502.0	1503.75	1494.5	1502.0	980642
2007-04-30 00:00:00	1501.0	1505.0	1488.0	1488.5	1189781
2007-05-01 00:00:00	1488.0	1493.0	1482.25	1492.75	1240056
2007-05-02 00:00:00	1492.5	1504.75	1492.0	1501.0	984772
2007-05-03 00:00:00	1500.75	1509.25	1498.75	1508.25	965288
2007-05-04 00:00:00	1507.75	1517.0	1507.0	1514.25	1130491
2007-05-07 00:00:00	1513.25	1516.75	1512.25	1514.25	522513
2007-05-08 00:00:00	1514.0	1514.0	1505.75	1512.25	880954
2007-05-09 00:00:00	1511.75	1519.0	1507.75	1515.5	1119541
2007-05-10 00:00:00	1515.5	1515.75	1496.0	1499.25	1655852
2007-05-11 00:00:00	1499.0	1512.75	1496.0	1512.25	1218503
2007-05-14 00:00:00	1512.0	1516.25	1502.75	1508.75	1121195
2007-05-15 00:00:00	1508.25	1519.75	1503.0	1508.5	1717996
2007-05-16 00:00:00	1508.0	1518.5	1506.0	1518.0	1261371
2007-05-17 00:00:00	1517.75	1521.75	1513.0	1515.25	1120458
2007-05-18 00:00:00	1515.5	1528.25	1513.75	1528.0	1197238
2007-05-21 00:00:00	1527.5	1534.0	1526.25	1528.0	1023877
2007-05-22 00:00:00	1527.5	1533.25	1525.0	1525.25	969947
2007-05-23 00:00:00	1525.5	1535.75	1524.0	1525.5	1313246
2007-05-24 00:00:00	1525.25	1532.5	1507.75	1511.5	1929248
2007-05-25 00:00:00	1511.25	1520.5	1510.25	1517.25	888322
2007-05-29 00:00:00	1517.5	1524.5	1514.25	1522.5	1132669
2007-05-30 00:00:00	1521.75	1534.75	1512.5	1534.0	1575491
2007-05-31 00:00:00	1533.25	1538.0	1530.25	1533.0	1200642
2007-06-01 00:00:00	1534.0	1543.0	1532.75	1539.5	1285623
2007-06-04 00:00:00	1539.25	1542.75	1533.25	1540.25	1014401
2007-06-05 00:00:00	1539.75	1541.25	1527.0	1533.75	1635306
2007-06-06 00:00:00	1533.5	1536.0	1515.0	1516.5	1834307
2007-06-07 00:00:00	1516.75	1523.75	1487.75	1489.25	1503840
2007-06-08 00:00:00	1490.25	1509.25	1480.5	1508.0	676791
2007-06-11 00:00:00	1507.0	1516.75	1504.0	1510.5	470015
2007-06-12 00:00:00	1510.5	1512.25	1492.25	1493.0	572103
2007-06-13 00:00:00	1493.25	1517.0	1489.25	1515.5	414869
2007-06-14 00:00:00	1514.75	1527.0	1514.0	1524.75	340027
2007-06-15 00:00:00	1525.0	1535.5	1524.0	1534.0899658203125	1366620
2007-06-18 00:00:00	1547.0	1553.0	1543.75	1546.0	852556
2007-06-19 00:00:00	1545.5	1550.75	1540.5	1549.0	1070708
2007-06-20 00:00:00	1548.75	1554.25	1525.25	1527.0	1830597
2007-06-21 00:00:00	1527.25	1537.0	1518.0	1535.75	1919075
2007-06-22 00:00:00	1535.5	1536.0	1513.5	1520.5	1680674
2007-06-25 00:00:00	1519.25	1528.0	1505.0	1513.5	1905275
2007-06-26 00:00:00	1513.75	1519.5	1497.25	1497.75	1922024
2007-06-27 00:00:00	1498.5	1520.0	1492.0	1519.0	1788626
2007-06-28 00:00:00	1518.5	1528.0	1515.5	1517.25	1376602
2007-06-29 00:00:00	1517.75	1530.25	1504.5	1515.5	1772353
2007-07-02 00:00:00	1515.25	1532.75	1514.75	1531.0	913055
2007-07-03 00:00:00	1531.0	1537.0	1530.75	1536.25	546285
2007-07-05 00:00:00	1535.75	1540.75	1528.5	1534.5	861666
2007-07-06 00:00:00	1534.25	1544.0	1531.25	1542.5	882981
2007-07-09 00:00:00	1542.25	1546.0	1538.0	1542.5	797179
2007-07-10 00:00:00	1542.25	1544.0	1519.0	1520.0	1735981
2007-07-11 00:00:00	1520.25	1531.75	1515.25	1531.0	1606676
2007-07-12 00:00:00	1531.25	1559.0	1529.75	1555.75	1652964
2007-07-13 00:00:00	1555.25	1565.75	1553.5	1560.0	1135596
2007-07-16 00:00:00	1560.25	1566.25	1556.5	1559.75	1081563
2007-07-17 00:00:00	1559.25	1565.5	1555.0	1558.75	1267583
2007-07-18 00:00:00	1557.5	1558.0	1542.5	1554.75	2112721
2007-07-19 00:00:00	1555.5	1565.0	1548.5	1559.75	1337495
2007-07-20 00:00:00	1559.0	1561.75	1537.25	1545.0	2192420
2007-07-23 00:00:00	1543.75	1556.25	1543.5	1549.0	1148097
2007-07-24 00:00:00	1549.25	1551.75	1516.5	1522.5	2101765
2007-07-25 00:00:00	1522.5	1532.25	1510.5	1524.75	2385315
2007-07-26 00:00:00	1523.5	1529.5	1471.0	1488.0	3650201
2007-07-27 00:00:00	1489.75	1496.5	1457.25	1458.0	3043045
2007-07-30 00:00:00	1460.0	1484.75	1455.0	1480.75	2212883
2007-07-31 00:00:00	1480.5	1495.75	1456.25	1462.0	2589335
2007-08-01 00:00:00	1462.5	1475.0	1442.25	1470.0	3411368
2007-08-02 00:00:00	1469.5	1483.0	1464.5	1481.75	2209158
2007-08-03 00:00:00	1481.25	1484.25	1436.25	1443.0	2673337
2007-08-06 00:00:00	1439.5	1473.5	1432.25	1467.75	2864358
2007-08-07 00:00:00	1468.25	1494.75	1460.75	1482.5	2610986
2007-08-08 00:00:00	1482.0	1510.5	1480.5	1504.0	2713939
2007-08-09 00:00:00	1502.25	1504.5	1456.5	1458.0	3208674
2007-08-10 00:00:00	1458.0	1468.5	1433.0	1451.0	3630084
2007-08-13 00:00:00	1454.5	1472.5	1453.5	1455.0	1798787
2007-08-14 00:00:00	1455.25	1462.75	1430.25	1434.25	2599901
2007-08-15 00:00:00	1433.0	1447.0	1408.75	1414.5	2962153
2007-08-16 00:00:00	1414.5	1433.0	1374.5	1424.5	4817982
2007-08-17 00:00:00	1424.75	1471.5	1399.5	1450.0	3323512
2007-08-20 00:00:00	1448.75	1457.0	1434.5	1449.0	1752018
2007-08-21 00:00:00	1448.75	1460.0	1440.25	1450.25	1790908
2007-08-22 00:00:00	1450.25	1469.5	1448.75	1468.75	1577659
2007-08-23 00:00:00	1468.0	1483.75	1457.0	1466.5	1638692
2007-08-24 00:00:00	1466.5	1484.0	1460.0	1483.5	1194936
2007-08-27 00:00:00	1483.25	1483.5	1468.0	1469.75	911862
2007-08-28 00:00:00	1469.5	1470.5	1434.75	1438.25	1968439
2007-08-29 00:00:00	1438.5	1467.25	1435.0	1465.5	2013564
2007-08-30 00:00:00	1465.25	1471.5	1452.5	1461.5	1859430
2007-08-31 00:00:00	1461.5	1484.75	1461.25	1476.75	1719861
2007-09-04 00:00:00	1476.0	1499.25	1468.5	1489.5	1605356
2007-09-05 00:00:00	1488.75	1489.5	1468.25	1476.5	1938199
2007-09-06 00:00:00	1476.25	1484.5	1469.5	1479.5	1520257
2007-09-07 00:00:00	1479.25	1480.25	1450.25	1459.75	2462976
2007-09-10 00:00:00	1458.5	1465.5	1440.75	1455.25	2089511
2007-09-11 00:00:00	1454.75	1474.5	1453.25	1472.75	1855898
2007-09-12 00:00:00	1472.0	1481.25	1465.75	1476.25	1803900
2007-09-13 00:00:00	1475.75	1491.0	1471.0	1485.0	865139
2007-09-14 00:00:00	1484.75	1487.0	1473.25	1485.0	560738
2007-09-17 00:00:00	1484.5	1484.5	1472.25	1477.0	399122
2007-09-18 00:00:00	1477.5	1521.0	1472.25	1520.0	671586
2007-09-19 00:00:00	1519.0	1539.0	1518.75	1528.75	580287
2007-09-20 00:00:00	1528.25	1529.5	1516.75	1519.75	369679
2007-09-21 00:00:00	1519.75	1532.25	1516.5	1533.3800048828125	1346720
2007-09-24 00:00:00	1533.25	1542.75	1528.0	1531.75	1496817
2007-09-25 00:00:00	1531.25	1531.5	1518.75	1529.0	1582077
2007-09-26 00:00:00	1529.0	1541.75	1528.5	1536.25	1689313
2007-09-27 00:00:00	1536.0	1545.0	1535.75	1544.5	1311882
2007-09-28 00:00:00	1544.0	1545.5	1533.0	1538.0	1456078
2007-10-01 00:00:00	1540.5	1561.0	1535.25	1556.5	1700876
2007-10-02 00:00:00	1556.5	1560.0	1551.25	1554.5	1273754
2007-10-03 00:00:00	1554.25	1556.5	1546.5	1550.75	1385584
2007-10-04 00:00:00	1550.75	1554.75	1548.0	1552.25	925288
2007-10-05 00:00:00	1552.5	1573.5	1550.5	1570.75	1698410
2007-10-08 00:00:00	1570.25	1570.5	1559.75	1562.75	718340
2007-10-09 00:00:00	1563.0	1577.5	1560.5	1576.25	1282309
2007-10-10 00:00:00	1576.0	1576.25	1565.25	1573.25	1306369
2007-10-11 00:00:00	1573.0	1586.75	1556.25	1565.25	2280665
2007-10-12 00:00:00	1565.0	1575.0	1559.0	1574.5	1412727
2007-10-15 00:00:00	1574.5	1576.0	1550.0	1560.25	1954174
2007-10-16 00:00:00	1560.25	1561.75	1545.25	1547.5	1844427
2007-10-17 00:00:00	1549.0	1561.25	1534.0	1552.5	2240072
2007-10-18 00:00:00	1553.5	1555.0	1540.0	1546.75	1556337
2007-10-19 00:00:00	1547.0	1549.5	1505.0	1505.75	2689752
2007-10-22 00:00:00	1505.25	1515.75	1492.5	1513.5	2401489
2007-10-23 00:00:00	1513.5	1527.5	1510.25	1525.5	1746151
2007-10-24 00:00:00	1523.25	1524.5	1495.25	1522.0	2688644
2007-10-25 00:00:00	1522.25	1529.75	1505.5	1525.0	1954427
2007-10-26 00:00:00	1528.0	1543.25	1521.75	1542.5	1550975
2007-10-29 00:00:00	1542.0	1551.0	1540.75	1547.0	1019404
2007-10-30 00:00:00	1547.25	1548.0	1534.75	1536.0	1024638
2007-10-31 00:00:00	1536.25	1558.75	1533.75	1555.0	1961311
2007-11-01 00:00:00	1554.0	1555.0	1510.5	1515.75	2522700
2007-11-02 00:00:00	1515.75	1525.0	1496.75	1517.5	2779027
2007-11-05 00:00:00	1515.75	1516.25	1494.25	1505.5	2089436
2007-11-06 00:00:00	1505.5	1526.0	1503.5	1525.0	1721389
2007-11-07 00:00:00	1524.75	1525.0	1478.75	1482.75	2623334
2007-11-08 00:00:00	1482.0	1491.0	1454.0	1475.5	3096792
2007-11-09 00:00:00	1476.5	1480.25	1451.75	1455.0	2533438
2007-11-12 00:00:00	1453.75	1469.25	1439.5	1440.25	1946149
2007-11-13 00:00:00	1441.0	1486.25	1437.25	1483.25	2063330
2007-11-14 00:00:00	1483.0	1496.75	1470.0	1478.0	1892320
2007-11-15 00:00:00	1478.0	1482.0	1446.75	1458.0	2256322
2007-11-16 00:00:00	1457.75	1466.75	1447.5	1460.25	2135862
2007-11-19 00:00:00	1460.25	1465.75	1433.25	1437.5	2102852
2007-11-20 00:00:00	1438.5	1456.5	1422.0	1446.0	2970104
2007-11-21 00:00:00	1446.75	1448.0	1417.0	1417.75	1996723
2007-11-23 00:00:00	1418.5	1444.0	1417.5	1442.0	693706
2007-11-26 00:00:00	1442.0	1454.25	1406.75	1409.25	2322802
2007-11-27 00:00:00	1409.5	1432.75	1406.25	1426.5	2558722
2007-11-28 00:00:00	1426.5	1475.0	1420.5	1470.5	2417256
2007-11-29 00:00:00	1471.0	1477.0	1460.75	1471.5	1815242
2007-11-30 00:00:00	1470.5	1492.25	1468.5	1483.75	2018633
2007-12-03 00:00:00	1484.0	1486.25	1472.0	1475.5	1471676
2007-12-04 00:00:00	1475.5	1476.0	1462.5	1463.25	1380860
2007-12-05 00:00:00	1463.5	1489.0	1463.0	1487.0	1733327
2007-12-06 00:00:00	1487.25	1510.75	1482.0	1507.5	1720838
2007-12-07 00:00:00	1507.5	1515.25	1500.75	1507.25	1283732
2007-12-10 00:00:00	1506.5	1520.75	1501.0	1518.75	1152663
2007-12-11 00:00:00	1518.5	1527.0	1475.5	1478.0	2333091
2007-12-12 00:00:00	1477.25	1517.0	1468.75	1490.25	3006773
2007-12-13 00:00:00	1490.0	1492.25	1469.75	1488.0	1401591
2007-12-14 00:00:00	1488.25	1494.0	1467.5	1468.0	658529
2007-12-17 00:00:00	1468.0	1468.0	1444.75	1446.5	630342
2007-12-18 00:00:00	1447.0	1461.75	1435.5	1455.75	570950
2007-12-19 00:00:00	1455.5	1464.5	1445.0	1454.0	411034
2007-12-20 00:00:00	1453.0	1464.5	1447.0	1464.0	278398
2007-12-21 00:00:00	1463.0	1478.5	1461.0	1474.949951171875	1195437
2007-12-24 00:00:00	1497.0	1509.75	1495.0	1506.5	253393
2007-12-26 00:00:00	1506.5	1511.0	1499.25	1509.75	363604
2007-12-27 00:00:00	1509.75	1511.0	1485.0	1489.75	901031
2007-12-28 00:00:00	1489.75	1503.0	1481.0	1485.5	792586
2007-12-31 00:00:00	1485.25	1489.0	1471.0	1477.25	671363
2008-01-02 00:00:00	1478.75	1482.75	1449.0	1458.5	1623508
2008-01-03 00:00:00	1458.5	1464.75	1451.0	1458.75	1266237
2008-01-04 00:00:00	1458.75	1463.25	1417.5	1423.0	2199479
2008-01-07 00:00:00	1422.5	1432.25	1410.0	1421.5	2436934
2008-01-08 00:00:00	1421.75	1437.75	1393.0	1397.0	2902242
2008-01-09 00:00:00	1397.25	1416.5	1385.0	1411.5	2811604
2008-01-10 00:00:00	1412.5	1436.25	1401.5	1421.0	2737056
2008-01-11 00:00:00	1420.5	1423.75	1400.25	1407.75	2191787
2008-01-14 00:00:00	1408.5	1424.5	1398.0	1420.25	1456055
2008-01-15 00:00:00	1421.0	1422.5	1385.25	1388.0	2438444
2008-01-16 00:00:00	1381.75	1397.5	1368.5	1376.0	3222442
2008-01-17 00:00:00	1377.25	1389.25	1334.0	1339.75	3404177
2008-01-18 00:00:00	1340.75	1360.5	1315.75	1325.25	3219547
2008-01-22 00:00:00	1327.75	1331.5	1255.5	1309.25	4734875
2008-01-23 00:00:00	1311.75	1344.5	1261.0	1341.5	4119794
2008-01-24 00:00:00	1342.25	1357.25	1333.25	1352.25	2431922
2008-01-25 00:00:00	1356.0	1370.75	1328.25	1334.0	2543013
2008-01-28 00:00:00	1336.0	1358.25	1310.25	1354.5	2013859
2008-01-29 00:00:00	1353.75	1367.0	1350.25	1362.0	1581503
2008-01-30 00:00:00	1361.5	1387.5	1347.25	1350.5	2609409
2008-01-31 00:00:00	1349.75	1387.25	1331.5	1379.5	3192392
2008-02-01 00:00:00	1374.0	1398.0	1371.5	1397.0	2290938
2008-02-04 00:00:00	1396.75	1400.0	1378.0	1378.75	1218675
2008-02-05 00:00:00	1379.25	1381.25	1337.5	1343.25	2517764
2008-02-06 00:00:00	1343.25	1353.25	1324.75	1330.0	2162714
2008-02-07 00:00:00	1331.75	1348.5	1312.75	1340.25	2927426
2008-02-08 00:00:00	1340.5	1343.75	1321.0	1330.25	1708720
2008-02-11 00:00:00	1329.5	1342.5	1320.25	1338.25	1842322
2008-02-12 00:00:00	1337.75	1363.5	1332.75	1349.75	2251770
2008-02-13 00:00:00	1349.5	1370.5	1343.5	1363.75	1835901
2008-02-14 00:00:00	1364.0	1371.5	1347.25	1351.0	1902104
2008-02-15 00:00:00	1350.25	1357.25	1337.0	1351.25	1466909
2008-02-19 00:00:00	1350.0	1369.75	1345.25	1355.5	1718585
2008-02-20 00:00:00	1355.0	1364.75	1332.75	1359.0	2212665
2008-02-21 00:00:00	1358.25	1369.25	1339.25	1347.0	2032645
2008-02-22 00:00:00	1346.5	1357.5	1327.0	1355.5	2024737
2008-02-25 00:00:00	1354.5	1375.5	1346.25	1371.5999755859375	2041157
2008-02-26 00:00:00	1371.0	1388.5	1363.75	1382.75	2096189
2008-02-27 00:00:00	1381.75	1390.0	1371.0	1380.5	1835677
2008-02-28 00:00:00	1380.0	1381.5	1363.5	1365.75	1796976
2008-02-29 00:00:00	1366.0	1367.0	1325.25	1331.25	2302716
2008-03-03 00:00:00	1329.5	1335.75	1320.0	1332.0	1944534
2008-03-04 00:00:00	1332.5	1337.5	1307.0	1327.0	2763950
2008-03-05 00:00:00	1328.0	1345.0	1320.25	1335.5	2468567
2008-03-06 00:00:00	1335.75	1343.0	1302.25	1308.0	2517077
2008-03-07 00:00:00	1307.0	1318.5	1282.25	1292.75	3078193
2008-03-10 00:00:00	1292.0	1299.5	1272.5	1275.5	2381829
2008-03-11 00:00:00	1276.5	1324.0	1272.25	1324.0	3222244
2008-03-12 00:00:00	1323.0	1334.25	1308.0	1309.5	2545300
2008-03-13 00:00:00	1310.0	1322.5	1282.0	1313.25	1853949
2008-03-14 00:00:00	1312.75	1333.75	1274.25	1291.5	1347641
2008-03-17 00:00:00	1291.0	1315.0	1253.0	1278.5	975573
2008-03-18 00:00:00	1279.75	1292.5	1278.0	1332.5	753289
2008-03-19 00:00:00	1331.0	1342.25	1296.0	1298.5	534141
2008-03-20 00:00:00	1300.0	1306.5	1288.25	1302.6400146484375	2162947
2008-03-24 00:00:00	1326.25	1361.5	1325.25	1351.5	1429511
2008-03-25 00:00:00	1351.5	1359.5	1342.0	1351.5	1733906
2008-03-26 00:00:00	1351.25	1351.75	1334.0	1335.5	1602660
2008-03-27 00:00:00	1335.0	1348.0	1326.5	1329.75	2021529
2008-03-28 00:00:00	1330.25	1340.5	1313.75	1319.0	1526259
2008-03-31 00:00:00	1319.0	1330.5	1309.5	1324.0	1619317
2008-04-01 00:00:00	1322.0	1372.5	1315.75	1370.5	2328623
2008-04-02 00:00:00	1370.25	1380.0	1363.0	1371.0	1842164
2008-04-03 00:00:00	1370.0	1377.75	1359.5	1373.5	1597014
2008-04-04 00:00:00	1373.5	1388.0	1364.25	1372.0	1921087
2008-04-07 00:00:00	1372.5	1389.0	1369.75	1372.25	1476207
2008-04-08 00:00:00	1371.25	1372.25	1362.25	1371.0	1412742
2008-04-09 00:00:00	1370.75	1377.5	1351.25	1360.25	1833439
2008-04-10 00:00:00	1359.25	1369.25	1351.25	1362.75	1787751
2008-04-11 00:00:00	1362.5	1369.0	1331.75	1335.5	2024747
2008-04-14 00:00:00	1335.25	1337.25	1325.75	1331.25	1459105
2008-04-15 00:00:00	1331.0	1338.75	1325.0	1336.0	1753265
2008-04-16 00:00:00	1342.75	1371.5	1337.25	1371.0	2089593
2008-04-17 00:00:00	1371.0	1374.5	1358.5	1372.25	1788172
2008-04-18 00:00:00	1374.5	1398.25	1370.0	1388.0	1987772
2008-04-21 00:00:00	1389.0	1394.0	1380.75	1388.25	1257968
2008-04-22 00:00:00	1387.25	1390.75	1370.75	1380.75	1754531
2008-04-23 00:00:00	1380.5	1389.75	1372.75	1378.5	1834571
2008-04-24 00:00:00	1379.75	1399.25	1368.0	1386.0	2146239
2008-04-25 00:00:00	1386.5	1400.75	1380.5	1397.0	1567802
2008-04-28 00:00:00	1398.75	1404.75	1393.5	1397.5	1155730
2008-04-29 00:00:00	1397.25	1399.0	1387.0	1391.25	1448179
2008-04-30 00:00:00	1388.0	1407.0	1383.5	1386.0	1916786
2008-05-01 00:00:00	1383.0	1412.25	1382.25	1411.5	1904214
2008-05-02 00:00:00	1411.25	1427.0	1406.0	1415.75	1924510
2008-05-05 00:00:00	1413.5	1417.25	1400.75	1408.25	1247386
2008-05-06 00:00:00	1409.0	1422.25	1397.0	1420.75	1891642
2008-05-07 00:00:00	1421.25	1424.0	1390.5	1395.25	1944506
2008-05-08 00:00:00	1394.0	1403.0	1389.25	1392.0	1703231
2008-05-09 00:00:00	1391.25	1393.25	1381.75	1389.0	1625250
2008-05-12 00:00:00	1387.5	1405.0	1386.25	1404.75	1570216
2008-05-13 00:00:00	1403.5	1410.75	1396.5	1404.75	1527087
2008-05-14 00:00:00	1404.0	1421.5	1398.75	1407.75	1740580
2008-05-15 00:00:00	1407.5	1425.5	1405.0	1424.5	1745979
2008-05-16 00:00:00	1424.25	1429.5	1414.75	1425.75	1792070
2008-05-19 00:00:00	1425.25	1441.0	1421.75	1429.75	1789049
2008-05-20 00:00:00	1428.75	1429.25	1409.0	1417.5	1868001
2008-05-21 00:00:00	1417.0	1421.0	1388.0	1393.0	2372279
2008-05-22 00:00:00	1393.0	1399.75	1390.25	1393.25	1728941
2008-05-23 00:00:00	1393.75	1395.0	1372.75	1373.5	1728941
2008-05-27 00:00:00	1374.25	1387.75	1370.5	1384.75	1572828
2008-05-28 00:00:00	1385.0	1393.25	1377.75	1391.5	1703573
2008-05-29 00:00:00	1390.0	1407.0	1386.75	1397.75	1722211
2008-05-30 00:00:00	1397.75	1405.0	1395.0	1400.5	1179341
2008-06-02 00:00:00	1400.75	1401.0	1377.5	1385.5	1706127
2008-06-03 00:00:00	1385.75	1393.5	1369.25	1378.5	2157451
2008-06-04 00:00:00	1378.25	1388.5	1371.0	1377.5	2085776
2008-06-05 00:00:00	1376.75	1405.75	1375.5	1405.25	1991888
2008-06-06 00:00:00	1404.5	1411.0	1358.5	1359.5	2769435
2008-06-09 00:00:00	1358.75	1371.5	1350.5	1363.5	2140578
2008-06-10 00:00:00	1362.0	1367.25	1347.25	1356.25	2206955
2008-06-11 00:00:00	1356.25	1363.5	1335.0	1335.75	2601302
2008-06-12 00:00:00	1335.25	1353.5	1331.0	1341.0	1417461
2008-06-13 00:00:00	1340.75	1361.5	1337.0	1357.5	746590
2008-06-16 00:00:00	1357.0	1365.0	1349.25	1357.75	552324
2008-06-17 00:00:00	1357.75	1370.25	1349.0	1351.0	523288
2008-06-18 00:00:00	1350.75	1353.25	1332.75	1337.0	437319
2008-06-19 00:00:00	1336.75	1348.0	1330.5	1340.0	357086
2008-06-20 00:00:00	1341.0	1341.5	1329.0	1339.280029296875	2322976
2008-06-23 00:00:00	1320.75	1327.75	1316.25	1318.25	1451974
2008-06-24 00:00:00	1317.75	1328.0	1305.25	1315.5	2115190
2008-06-25 00:00:00	1315.0	1337.75	1314.5	1322.5	2070490
2008-06-26 00:00:00	1322.25	1322.25	1283.0	1284.5	2644046
2008-06-27 00:00:00	1285.0	1291.75	1272.75	1280.0	2338736
2008-06-30 00:00:00	1281.75	1292.0	1275.25	1281.0	2168867
2008-07-01 00:00:00	1283.5	1286.75	1261.0	1286.25	3199214
2008-07-02 00:00:00	1286.25	1294.75	1261.0	1262.75	2431509
2008-07-03 00:00:00	1263.5	1273.75	1251.75	1265.0	1847255
2008-07-07 00:00:00	1258.5	1275.0	1240.75	1251.75	2580560
2008-07-08 00:00:00	1252.0	1275.75	1236.5	1273.75	2751962
2008-07-09 00:00:00	1274.5	1278.75	1244.75	1248.0	2405025
2008-07-10 00:00:00	1249.0	1259.25	1237.0	1254.5	3027898
2008-07-11 00:00:00	1254.75	1261.75	1225.5	1239.75	3251690
2008-07-14 00:00:00	1240.0	1260.5	1224.75	1228.25	2663429
2008-07-15 00:00:00	1229.0	1235.75	1200.75	1211.5	3662907
2008-07-16 00:00:00	1212.75	1246.25	1202.5	1241.0	2893515
2008-07-17 00:00:00	1240.0	1263.0	1238.0	1253.5	2892500
2008-07-18 00:00:00	1250.25	1263.0	1241.0	1260.5	1921007
2008-07-21 00:00:00	1259.25	1269.0	1255.0	1261.5	1536139
2008-07-22 00:00:00	1258.0	1278.0	1247.25	1274.25	2103273
2008-07-23 00:00:00	1275.0	1291.25	1272.75	1282.5	2125754
2008-07-24 00:00:00	1281.25	1285.0	1251.0	1253.75	1988950
2008-07-25 00:00:00	1253.25	1262.75	1249.25	1253.75	1614028
2008-07-28 00:00:00	1255.25	1260.0	1233.0	1235.0	1619650
2008-07-29 00:00:00	1234.75	1263.25	1231.5	1261.75	2096150
2008-07-30 00:00:00	1261.5	1285.0	1259.75	1284.75	2348334
2008-07-31 00:00:00	1284.5	1290.0	1265.0	1267.0	2330165
2008-08-01 00:00:00	1267.0	1275.0	1253.0	1260.25	1861777
2008-08-04 00:00:00	1261.25	1263.25	1246.25	1248.75	1521764
2008-08-05 00:00:00	1249.25	1284.5	1247.25	1283.0	2002327
2008-08-06 00:00:00	1282.75	1291.75	1275.25	1287.75	1730315
2008-08-07 00:00:00	1288.25	1289.0	1263.5	1268.0	1993045
2008-08-08 00:00:00	1268.0	1298.0	1262.0	1292.25	2179132
2008-08-11 00:00:00	1291.5	1313.5	1288.0	1305.0	2097151
2008-08-12 00:00:00	1303.75	1307.75	1285.25	1291.5	1743555
2008-08-13 00:00:00	1291.25	1294.5	1274.5	1284.5	2184428
2008-08-14 00:00:00	1284.75	1300.75	1275.25	1293.75	1883891
2008-08-15 00:00:00	1293.5	1302.5	1290.5	1299.75	1473919
2008-08-18 00:00:00	1299.5	1306.0	1274.0	1282.0	1698350
2008-08-19 00:00:00	1282.0	1283.0	1262.75	1268.5	1715971
2008-08-20 00:00:00	1268.0	1276.75	1260.5	1273.75	1769970
2008-08-21 00:00:00	1273.75	1281.75	1263.25	1275.5	1598014
2008-08-22 00:00:00	1275.25	1294.0	1271.5	1292.25	1380141
2008-08-25 00:00:00	1291.0	1292.25	1264.25	1266.5	1639629
2008-08-26 00:00:00	1266.75	1275.75	1262.5	1271.75	1456121
2008-08-27 00:00:00	1271.5	1285.25	1265.5	1282.0	1442209
2008-08-28 00:00:00	1281.75	1300.0	1275.5	1298.0	1513592
2008-08-29 00:00:00	1297.0	1298.0	1281.5	1282.5	1353013
2008-09-02 00:00:00	1282.0	1303.5	1271.5	1276.5	2286856
2008-09-03 00:00:00	1276.25	1281.0	1265.25	1275.25	2159339
2008-09-04 00:00:00	1275.5	1277.0	1235.0	1236.5	2839366
2008-09-05 00:00:00	1236.5	1245.25	1216.5	1241.0	2958715
2008-09-08 00:00:00	1263.5	1282.0	1246.75	1267.0	3227266
2008-09-09 00:00:00	1267.0	1275.0	1223.5	1226.5	3349429
2008-09-10 00:00:00	1228.0	1244.75	1220.25	1233.25	3012184
2008-09-11 00:00:00	1232.25	1252.75	1211.25	1251.0	2062741
2008-09-12 00:00:00	1251.0	1257.75	1233.5	1257.25	1089646
2008-09-15 00:00:00	1230.25	1237.75	1194.5	1195.0	1197521
2008-09-16 00:00:00	1196.75	1219.0	1161.75	1214.25	1159272
2008-09-17 00:00:00	1215.5	1227.75	1154.5	1160.75	880531
2008-09-18 00:00:00	1163.75	1213.25	1133.0	1198.25	913547
2008-09-19 00:00:00	1201.0	1263.0	1197.25	1279.31005859375	4007416
2008-09-22 00:00:00	1244.0	1250.25	1205.25	1213.75	2758953
2008-09-23 00:00:00	1213.0	1222.75	1185.5	1187.0	3098102
2008-09-24 00:00:00	1188.0	1210.25	1180.25	1193.0	2403254
2008-09-25 00:00:00	1192.25	1224.75	1186.0	1213.5	2740073
2008-09-26 00:00:00	1212.25	1221.25	1184.75	1214.5	2225525
2008-09-29 00:00:00	1220.0	1221.25	1113.5	1118.75	3948082
2008-09-30 00:00:00	1118.25	1175.75	1112.0	1169.0	2929451
2008-10-01 00:00:00	1167.5	1173.0	1143.75	1168.5	2503550
2008-10-02 00:00:00	1168.25	1174.0	1115.25	1124.5	2741088
2008-10-03 00:00:00	1124.75	1161.0	1102.5	1108.25	3191895
2008-10-06 00:00:00	1103.75	1104.0	1009.0	1053.25	4475297
2008-10-07 00:00:00	1054.0	1078.0	999.5	1005.75	4296292
2008-10-08 00:00:00	1004.0	1045.0	963.0	981.0	5313795
2008-10-09 00:00:00	981.25	1010.0	905.5	912.5	4171147
2008-10-10 00:00:00	913.5	943.0	837.0	891.0	5899056
2008-10-13 00:00:00	909.5	1017.5	909.25	1016.75	3358671
2008-10-14 00:00:00	1012.0	1067.0	974.25	1002.25	4094351
2008-10-15 00:00:00	1004.0	1008.5	897.25	903.25	3831280
2008-10-16 00:00:00	903.5	950.0	865.25	941.0	5074482
2008-10-17 00:00:00	941.0	987.75	908.0	933.5	3820686
2008-10-20 00:00:00	937.5	992.75	925.5	990.5	2435954
2008-10-21 00:00:00	992.75	992.75	951.0	959.25	2638526
2008-10-22 00:00:00	958.5	969.25	872.5	902.75	3288095
2008-10-23 00:00:00	904.5	923.25	856.0	915.25	4058789
2008-10-24 00:00:00	914.5	917.25	840.25	866.0	3315060
2008-10-27 00:00:00	864.25	894.0	825.0	834.75	2926986
2008-10-28 00:00:00	836.5	942.75	827.25	938.75	3768415
2008-10-29 00:00:00	938.75	971.25	914.25	927.0	3240110
2008-10-30 00:00:00	927.75	968.5	926.75	961.5	2930383
2008-10-31 00:00:00	959.75	984.0	940.0	967.25	2756518
2008-11-03 00:00:00	965.75	979.75	957.0	969.5	1523295
2008-11-04 00:00:00	969.5	1006.75	964.0	1003.25	2326394
2008-11-05 00:00:00	1002.5	1008.5	947.0	958.0	2738398
2008-11-06 00:00:00	957.5	958.0	897.0	904.5	3511716
2008-11-07 00:00:00	903.5	937.5	901.0	936.25	2698265
2008-11-10 00:00:00	941.0	962.5	905.5	921.5	2130841
2008-11-11 00:00:00	919.5	927.25	882.75	893.0	2679092
2008-11-12 00:00:00	893.5	911.0	848.5	853.5	3001549
2008-11-13 00:00:00	854.0	913.75	816.75	907.75	4449284
2008-11-14 00:00:00	907.5	918.0	860.25	861.5	3372229
2008-11-17 00:00:00	862.0	881.75	847.0	851.0	2799233
2008-11-18 00:00:00	850.75	869.0	824.75	866.5	3277728
2008-11-19 00:00:00	865.25	866.0	804.25	812.5	3430032
2008-11-20 00:00:00	810.5	820.75	745.0	748.25	4471459
2008-11-21 00:00:00	749.75	802.25	739.0	792.0	4278847
2008-11-24 00:00:00	801.0	866.25	783.25	848.0	3413399
2008-11-25 00:00:00	847.25	874.0	833.5	853.25	3116154
2008-11-26 00:00:00	853.0	887.75	829.5	886.25	2177331
2008-11-28 00:00:00	886.5	897.0	875.0	895.25	889730
2008-12-01 00:00:00	897.5	897.5	813.0	815.75	2630581
2008-12-02 00:00:00	816.0	850.75	813.0	849.0	3242501
2008-12-03 00:00:00	848.5	873.75	826.0	868.5	3332111
2008-12-04 00:00:00	869.0	875.5	832.0	847.5	2834117
2008-12-05 00:00:00	847.5	879.5	817.0	872.5	3221506
2008-12-08 00:00:00	872.25	919.25	867.5	904.75	2646329
2008-12-09 00:00:00	906.25	916.25	884.5	889.5	2629268
2008-12-10 00:00:00	890.5	908.75	884.5	895.75	2582026
2008-12-11 00:00:00	898.25	905.0	868.25	875.0	1700088
2008-12-12 00:00:00	873.0	887.25	829.0	886.0	1220089
2008-12-15 00:00:00	883.5	894.0	857.25	873.25	846057
2008-12-16 00:00:00	873.5	916.0	869.5	913.5	770136
2008-12-17 00:00:00	913.75	919.25	887.5	904.25	598512
2008-12-18 00:00:00	908.0	912.75	876.25	895.5	442542
2008-12-19 00:00:00	894.25	901.0	885.5	889.739990234375	1844441
2008-12-22 00:00:00	884.25	891.5	852.75	871.25	1178582
2008-12-23 00:00:00	871.25	878.0	855.25	858.5	995885
2008-12-24 00:00:00	859.25	866.5	856.0	865.0	239099
2008-12-26 00:00:00	866.5	871.75	862.75	869.0	201650
2008-12-29 00:00:00	869.0	873.5	853.25	870.5	614648
2008-12-30 00:00:00	870.25	889.0	868.75	888.25	777046
2008-12-31 00:00:00	888.0	908.0	886.5	900.0	920263
2009-01-02 00:00:00	900.0	932.75	893.5	925.5	1095813
2009-01-05 00:00:00	924.75	934.25	916.5	927.5	1606235
2009-01-06 00:00:00	927.25	942.75	923.5	930.5	1912293
2009-01-07 00:00:00	930.25	931.75	898.75	905.25	1961214
2009-01-08 00:00:00	905.0	907.75	891.5	906.75	1775437
2009-01-09 00:00:00	906.75	914.75	882.75	885.5	2052723
2009-01-12 00:00:00	885.0	885.5	860.25	868.0	1654564
2009-01-13 00:00:00	868.5	874.0	857.0	868.5	2284001
2009-01-14 00:00:00	868.75	875.0	832.5	839.75	2749495
2009-01-15 00:00:00	839.5	848.5	812.75	839.25	3371389
2009-01-16 00:00:00	841.75	857.75	826.25	848.5	2818199
2009-01-20 00:00:00	851.75	865.75	797.5	806.0	2841680
2009-01-21 00:00:00	806.75	838.5	800.5	836.75	2859490
2009-01-22 00:00:00	837.0	844.0	807.5	825.5	3060637
2009-01-23 00:00:00	824.25	836.0	799.5	823.5	2596504
2009-01-26 00:00:00	823.5	849.5	810.75	830.75	2254244
2009-01-27 00:00:00	833.5	847.5	831.25	839.25	1925806
2009-01-28 00:00:00	840.25	876.0	837.75	871.5	2305731
2009-01-29 00:00:00	871.5	871.75	840.25	842.75	2044480
2009-01-30 00:00:00	843.0	849.0	817.5	822.5	2467501
2009-02-02 00:00:00	823.75	827.5	806.25	821.25	1971078
2009-02-03 00:00:00	821.75	839.75	816.0	831.5	2093215
2009-02-04 00:00:00	831.75	849.5	826.0	829.75	2212942
2009-02-05 00:00:00	830.5	849.0	816.75	840.5	2616179
2009-02-06 00:00:00	841.25	869.25	836.75	867.75	2419130
2009-02-09 00:00:00	868.0	873.0	852.75	865.0	1759790
2009-02-10 00:00:00	864.25	866.0	819.5	827.0	3210594
2009-02-11 00:00:00	826.5	836.25	819.5	831.5	2294910
2009-02-12 00:00:00	831.0	836.75	805.5	835.5	3192534
2009-02-13 00:00:00	835.0	840.5	818.75	820.0	2032708
2009-02-17 00:00:00	814.0	818.75	785.5	785.5	2998314
2009-02-18 00:00:00	786.75	796.25	776.5	779.5	2732760
2009-02-19 00:00:00	780.25	796.75	775.0	779.5	2407562
2009-02-20 00:00:00	778.5	779.5	752.5	769.5	3142066
2009-02-23 00:00:00	770.0	786.5	739.75	745.0	2743651
2009-02-24 00:00:00	745.0	774.75	743.25	768.75	2750323
2009-02-25 00:00:00	769.0	779.5	751.25	761.5	3198201
2009-02-26 00:00:00	761.0	779.0	750.25	752.0	2499376
2009-02-27 00:00:00	752.25	756.0	729.5	734.25	3023734
2009-03-02 00:00:00	731.25	733.75	698.75	705.5	2886199
2009-03-03 00:00:00	705.0	715.25	688.75	689.5	3131092
2009-03-04 00:00:00	690.5	723.75	681.5	708.5	3168491
2009-03-05 00:00:00	709.5	711.75	676.25	686.0	3338389
2009-03-06 00:00:00	686.25	699.25	665.75	687.75	3329849
2009-03-09 00:00:00	688.75	694.75	670.75	676.0	2721975
2009-03-10 00:00:00	674.75	721.75	673.25	716.0	3286136
2009-03-11 00:00:00	715.75	732.5	712.0	720.5	3205708
2009-03-12 00:00:00	721.25	753.0	711.25	751.5	1983342
2009-03-13 00:00:00	750.75	761.25	742.25	757.75	1081065
2009-03-16 00:00:00	754.75	774.75	750.0	757.25	827057
2009-03-17 00:00:00	756.5	780.75	749.5	778.75	700058
2009-03-18 00:00:00	779.0	804.0	765.5	795.5	561493
2009-03-19 00:00:00	794.5	805.5	781.5	784.25	380780
2009-03-20 00:00:00	784.25	789.75	775.0	789.4000244140625	2385394
2009-03-23 00:00:00	766.75	821.0	765.5	817.25	2915781
2009-03-24 00:00:00	818.0	820.0	801.25	803.5	2433671
2009-03-25 00:00:00	803.25	823.5	787.0	808.25	3118269
2009-03-26 00:00:00	807.5	830.5	807.25	827.25	2733189
2009-03-27 00:00:00	826.75	830.0	809.5	816.0	2210455
2009-03-30 00:00:00	812.5	815.25	775.5	784.25	2261920
2009-03-31 00:00:00	784.5	807.0	784.0	794.75	2688645
2009-04-01 00:00:00	790.5	810.25	779.0	809.25	2614278
2009-04-02 00:00:00	809.0	842.25	807.25	835.5	2984901
2009-04-03 00:00:00	835.25	844.5	822.75	840.5	2171655
2009-04-06 00:00:00	840.0	848.0	818.75	830.5	1996010
2009-04-07 00:00:00	831.0	833.75	810.75	814.0	2101777
2009-04-08 00:00:00	815.0	825.25	802.25	822.5	2088351
2009-04-09 00:00:00	823.25	854.5	822.25	852.5	2081575
2009-04-13 00:00:00	848.75	861.25	841.5	854.0	1635670
2009-04-14 00:00:00	853.0	857.5	836.25	840.25	2351211
2009-04-15 00:00:00	837.75	850.5	831.5	848.5	2175733
2009-04-16 00:00:00	848.5	867.0	840.25	861.5	2587100
2009-04-17 00:00:00	861.5	872.0	853.75	866.75	1873990
2009-04-20 00:00:00	865.5	865.5	828.75	833.0	2217804
2009-04-21 00:00:00	831.5	848.75	823.0	847.75	2691106
2009-04-22 00:00:00	847.75	858.75	835.25	837.0	2933883
2009-04-23 00:00:00	836.0	850.0	831.25	848.75	2489552
2009-04-24 00:00:00	848.5	868.75	841.5	866.5	2407351
2009-04-27 00:00:00	863.25	865.75	846.75	856.75	2460914
2009-04-28 00:00:00	855.0	861.5	838.5	851.75	2224466
2009-04-29 00:00:00	850.25	879.25	849.25	869.0	2418138
2009-04-30 00:00:00	868.5	887.0	864.5	870.0	2712027
2009-05-01 00:00:00	866.0	878.25	862.5	876.0	1802797
2009-05-04 00:00:00	876.0	904.75	876.0	902.75	2171103
2009-05-05 00:00:00	902.75	905.0	893.5	903.5	1997855
2009-05-06 00:00:00	903.0	918.0	891.0	917.25	2650152
2009-05-07 00:00:00	916.75	929.5	898.0	907.0	2743570
2009-05-08 00:00:00	907.25	927.75	903.0	924.75	2641858
2009-05-11 00:00:00	921.0	923.0	905.75	909.0	2061930
2009-05-12 00:00:00	908.75	915.25	894.0	906.75	2530397
2009-05-13 00:00:00	907.5	911.25	880.0	885.25	2461178
2009-05-14 00:00:00	885.0	896.75	878.75	889.5	2200806
2009-05-15 00:00:00	890.0	895.5	876.75	883.0	2204790
2009-05-18 00:00:00	882.25	908.75	875.25	907.0	1928363
2009-05-19 00:00:00	907.75	915.75	903.5	906.5	1981787
2009-05-20 00:00:00	905.75	923.5	899.25	900.0	2781625
2009-05-21 00:00:00	900.0	901.0	877.75	888.75	2388542
2009-05-22 00:00:00	888.75	896.0	882.0	885.0	1651521
2009-05-26 00:00:00	885.0	911.0	876.75	908.75	2586181
2009-05-27 00:00:00	908.0	914.0	890.5	892.5	2404322
2009-05-28 00:00:00	892.25	908.75	886.25	905.0	2694863
2009-05-29 00:00:00	905.0	927.75	902.25	918.0	2009771
2009-06-01 00:00:00	920.25	947.25	916.5	939.0	2197829
2009-06-02 00:00:00	939.0	949.0	934.5	942.5	1946965
2009-06-03 00:00:00	942.75	945.75	922.5	931.75	1975454
2009-06-04 00:00:00	931.0	942.0	928.0	940.5	1786027
2009-06-05 00:00:00	941.0	957.5	933.25	940.5	2399049
2009-06-08 00:00:00	939.5	946.5	925.5	938.75	1980655
2009-06-09 00:00:00	938.75	947.0	934.25	939.5	1928047
2009-06-10 00:00:00	939.25	955.0	927.0	940.5	2636837
2009-06-11 00:00:00	939.75	956.5	936.75	942.0	1574555
2009-06-12 00:00:00	941.0	946.75	935.25	944.75	761323
2009-06-15 00:00:00	942.75	942.75	919.25	923.5	747400
2009-06-16 00:00:00	923.75	928.75	910.75	912.0	651370
2009-06-17 00:00:00	912.5	918.5	903.5	909.75	398535
2009-06-18 00:00:00	910.25	922.0	907.5	917.75	308167
2009-06-19 00:00:00	917.25	927.25	916.25	926.1500244140625	1623895
2009-06-22 00:00:00	914.5	919.25	887.75	888.5	2043793
2009-06-23 00:00:00	888.75	894.5	884.25	890.25	1834657
2009-06-24 00:00:00	890.5	906.5	888.25	898.0	1749833
2009-06-25 00:00:00	898.0	917.75	891.0	916.5	2278262
2009-06-26 00:00:00	917.0	919.0	908.5	914.0	1410004
2009-06-29 00:00:00	913.0	924.0	907.25	921.25	1346711
2009-06-30 00:00:00	921.5	926.25	908.25	915.5	2062874
2009-07-01 00:00:00	915.5	928.25	913.5	919.25	1534550
2009-07-02 00:00:00	919.25	919.75	892.75	893.25	1850449
2009-07-06 00:00:00	892.0	896.25	882.0	895.5	1736323
2009-07-07 00:00:00	895.75	898.25	875.25	879.25	1930545
2009-07-08 00:00:00	879.5	883.5	865.25	873.75	2498962
2009-07-09 00:00:00	874.0	884.5	873.75	879.0	1779181
2009-07-10 00:00:00	878.75	880.25	868.75	874.25	1825714
2009-07-13 00:00:00	874.75	897.75	865.5	895.5	2053821
2009-07-14 00:00:00	895.5	904.0	892.5	901.5	2009856
2009-07-15 00:00:00	906.75	930.75	906.5	927.25	2188329
2009-07-16 00:00:00	925.75	940.75	921.0	935.75	2191367
2009-07-17 00:00:00	935.25	938.75	928.0	937.0	1525903
2009-07-20 00:00:00	937.0	949.25	933.75	949.0	1574716
2009-07-21 00:00:00	947.75	956.25	939.5	953.5	1892528
2009-07-22 00:00:00	951.75	956.75	943.5	949.5	2049033
2009-07-23 00:00:00	950.25	976.5	948.75	969.0	2299971
2009-07-24 00:00:00	965.0	979.0	962.5	977.75	1682233
2009-07-27 00:00:00	977.0	984.0	969.0	980.0	1521546
2009-07-28 00:00:00	978.5	981.5	966.0	976.0	1932201
2009-07-29 00:00:00	975.25	976.0	964.0	975.0	1869237
2009-07-30 00:00:00	974.0	994.0	973.5	982.25	2202255
2009-07-31 00:00:00	982.25	990.5	978.25	984.5	2082892
2009-08-03 00:00:00	982.75	1001.25	982.0	1000.75	1754282
2009-08-04 00:00:00	1000.25	1005.0	992.0	1004.75	1874293
2009-08-05 00:00:00	1004.5	1006.5	991.25	1000.75	1862527
2009-08-06 00:00:00	1000.25	1007.75	989.75	995.0	1731837
2009-08-07 00:00:00	994.75	1016.0	990.0	1006.5	1979123
2009-08-10 00:00:00	1005.75	1007.75	998.25	1007.5	1189129
2009-08-11 00:00:00	1007.0	1010.75	990.0	993.0	1612512
2009-08-12 00:00:00	992.5	1011.25	985.75	1002.25	2040882
2009-08-13 00:00:00	1002.25	1015.25	998.0	1013.5	1828176
2009-08-14 00:00:00	1013.0	1015.75	992.25	1005.75	1836479
2009-08-17 00:00:00	1004.25	1004.25	975.5	978.25	2201445
2009-08-18 00:00:00	978.25	990.0	976.25	989.5	1753397
2009-08-19 00:00:00	989.5	998.75	976.75	997.0	2127507
2009-08-20 00:00:00	996.75	1007.75	994.25	1004.75	1639885
2009-08-21 00:00:00	1004.5	1027.0	996.5	1025.25	1932725
2009-08-24 00:00:00	1025.0	1035.0	1021.25	1024.5	1725611
2009-08-25 00:00:00	1024.25	1038.0	1018.25	1026.0	2067951
2009-08-26 00:00:00	1025.75	1032.0	1020.25	1026.75	1886346
2009-08-27 00:00:00	1026.25	1032.75	1014.75	1029.25	2068535
2009-08-28 00:00:00	1029.25	1038.75	1022.0	1027.5	1570206
2009-08-31 00:00:00	1026.5	1031.0	1013.25	1019.75	1647166
2009-09-01 00:00:00	1021.0	1027.75	995.25	996.5	3206696
2009-09-02 00:00:00	996.25	1001.0	991.0	994.25	1920576
2009-09-03 00:00:00	994.0	1004.25	991.25	1001.75	1398009
2009-09-04 00:00:00	1001.5	1016.25	1000.0	1014.0	1625973
2009-09-08 00:00:00	1013.5	1027.0	1012.25	1025.0	1527757
2009-09-09 00:00:00	1024.5	1036.25	1018.75	1032.5	2091726
2009-09-10 00:00:00	1032.5	1044.0	1027.5	1041.75	1445592
2009-09-11 00:00:00	1041.25	1048.25	1038.0	1041.5	827072
2009-09-14 00:00:00	1040.5	1049.75	1032.75	1048.0	640193
2009-09-15 00:00:00	1047.5	1056.5	1042.75	1050.25	610394
2009-09-16 00:00:00	1050.25	1068.75	1048.75	1068.0	431773
2009-09-17 00:00:00	1067.75	1076.5	1061.0	1067.5	344998
2009-09-18 00:00:00	1067.25	1073.0	1060.75	1071.5699462890625	1872677
2009-09-21 00:00:00	1059.25	1062.75	1051.5	1060.5	1698615
2009-09-22 00:00:00	1060.0	1069.25	1059.5	1067.25	1414027
2009-09-23 00:00:00	1067.25	1075.75	1055.25	1059.0	2129823
2009-09-24 00:00:00	1058.5	1064.0	1041.0	1044.25	2315316
2009-09-25 00:00:00	1044.0	1049.5	1036.25	1041.0	1885166
2009-09-28 00:00:00	1042.25	1061.0	1035.75	1059.0	1516970
2009-09-29 00:00:00	1059.25	1065.75	1053.25	1054.75	1645534
2009-09-30 00:00:00	1054.75	1063.25	1041.5	1053.0	2852909
2009-10-01 00:00:00	1053.5	1056.0	1024.5	1027.5	2761051
2009-10-02 00:00:00	1027.0	1027.75	1012.0	1021.75	2564606
2009-10-05 00:00:00	1021.75	1038.5	1019.5	1036.5	1675762
2009-10-06 00:00:00	1036.75	1056.75	1035.5	1048.5	2160838
2009-10-07 00:00:00	1048.25	1054.75	1045.25	1053.5	1692060
2009-10-08 00:00:00	1053.5	1067.25	1053.25	1063.75	1874290
2009-10-09 00:00:00	1063.25	1068.5	1058.5	1068.0	1327011
2009-10-12 00:00:00	1067.75	1076.75	1067.0	1071.5	1060806
2009-10-13 00:00:00	1071.0	1074.25	1063.0	1068.75	1519381
2009-10-14 00:00:00	1072.75	1089.75	1072.75	1087.75	1968023
2009-10-15 00:00:00	1087.5	1093.25	1080.5	1089.75	1839117
2009-10-16 00:00:00	1090.25	1095.5	1077.5	1082.0	2017636
2009-10-19 00:00:00	1080.25	1096.75	1076.25	1091.0	1559384
2009-10-20 00:00:00	1089.75	1099.0	1082.0	1089.5	1991670
2009-10-21 00:00:00	1089.0	1098.5	1072.5	1078.0	2418114
2009-10-22 00:00:00	1076.5	1092.25	1070.25	1090.75	2184400
2009-10-23 00:00:00	1090.5	1095.25	1071.5	1077.0	2348150
2009-10-26 00:00:00	1076.5	1088.5	1061.25	1066.5	2339507
2009-10-27 00:00:00	1066.25	1069.75	1057.0	1060.5	2460527
2009-10-28 00:00:00	1061.0	1063.0	1038.0	1038.5	2843071
2009-10-29 00:00:00	1038.75	1064.0	1037.25	1061.5	2298367
2009-10-30 00:00:00	1061.25	1062.75	1029.5	1033.0	3376612
2009-11-02 00:00:00	1031.25	1049.5	1026.0	1039.0	2783823
2009-11-03 00:00:00	1039.25	1044.0	1026.5	1041.75	2315679
2009-11-04 00:00:00	1041.75	1058.5	1040.75	1047.0	2360779
2009-11-05 00:00:00	1046.75	1064.0	1039.0	1063.25	1949016
2009-11-06 00:00:00	1063.25	1069.5	1053.5	1066.25	2082058
2009-11-09 00:00:00	1065.75	1092.0	1065.0	1091.75	1833896
2009-11-10 00:00:00	1091.5	1094.5	1085.0	1092.0	1810118
2009-11-11 00:00:00	1091.75	1103.25	1091.25	1096.25	1800698
2009-11-12 00:00:00	1096.0	1101.0	1082.5	1087.25	2020189
2009-11-13 00:00:00	1087.5	1096.0	1082.75	1091.5	1478254
2009-11-16 00:00:00	1092.0	1112.25	1091.0	1106.25	1992105
2009-11-17 00:00:00	1106.25	1109.0	1100.0	1107.5	1517083
2009-11-18 00:00:00	1107.5	1110.75	1100.75	1108.5	1480000
2009-11-19 00:00:00	1108.5	1109.5	1086.5	1094.25	2047058
2009-11-20 00:00:00	1094.0	1095.0	1083.5	1090.0	1451811
2009-11-23 00:00:00	1089.75	1111.5	1089.0	1103.75	1545064
2009-11-24 00:00:00	1103.5	1107.0	1095.0	1103.0	1584089
2009-11-25 00:00:00	1103.25	1111.25	1102.25	1109.0	1078340
2009-11-27 00:00:00	1108.75	1111.25	1067.0	1089.5	1704981
2009-11-30 00:00:00	1091.5	1098.0	1084.5	1094.75	2016591
2009-12-01 00:00:00	1092.75	1111.75	1092.25	1108.5	1835688
2009-12-02 00:00:00	1108.25	1115.5	1104.25	1108.0	1669060
2009-12-03 00:00:00	1107.75	1117.0	1097.5	1098.0	2054949
2009-12-04 00:00:00	1097.75	1119.0	1095.25	1108.0	2928961
2009-12-07 00:00:00	1108.0	1110.75	1098.75	1103.75	1572214
2009-12-08 00:00:00	1104.75	1107.5	1087.75	1090.0	2251962
2009-12-09 00:00:00	1090.0	1097.5	1085.0	1095.5	2239481
2009-12-10 00:00:00	1095.0	1106.25	1092.5	1102.0	1327831
2009-12-11 00:00:00	1102.5	1110.5	1101.25	1108.0	798580
2009-12-14 00:00:00	1107.5	1118.0	1104.5	1113.5	757740
2009-12-15 00:00:00	1112.75	1115.75	1105.25	1108.75	629375
2009-12-16 00:00:00	1108.5	1116.75	1107.75	1110.5	401776
2009-12-17 00:00:00	1110.25	1111.0	1095.75	1099.0	346525
2009-12-18 00:00:00	1099.25	1107.5	1098.5	1102.3800048828125	1732758
2009-12-21 00:00:00	1098.75	1113.25	1096.5	1108.25	1163792
2009-12-22 00:00:00	1107.75	1115.75	1107.25	1113.5	930910
2009-12-23 00:00:00	1113.75	1120.0	1111.25	1115.5	727761
2009-12-24 00:00:00	1115.25	1122.5	1114.75	1122.0	248984
2009-12-28 00:00:00	1120.5	1126.25	1117.5	1123.0	474293
2009-12-29 00:00:00	1122.75	1128.5	1120.5	1121.75	579344
2009-12-30 00:00:00	1121.25	1122.5	1113.0	1122.0	596890
2009-12-31 00:00:00	1121.75	1125.25	1109.75	1110.75	638861
2010-01-04 00:00:00	1113.75	1129.75	1113.25	1128.75	1291254
2010-01-05 00:00:00	1128.5	1133.0	1125.0	1132.25	1378593
2010-01-06 00:00:00	1132.0	1135.5	1127.25	1133.0	1259921
2010-01-07 00:00:00	1133.0	1138.75	1127.0	1137.5	1567025
2010-01-08 00:00:00	1137.25	1141.75	1131.0	1141.5	1527666
2010-01-11 00:00:00	1141.75	1148.0	1137.75	1142.5	1456443
2010-01-12 00:00:00	1141.25	1143.0	1127.75	1134.0	2117166
2010-01-13 00:00:00	1134.25	1145.25	1129.25	1141.5	2131642
2010-01-14 00:00:00	1141.5	1147.0	1138.25	1145.25	1355731
2010-01-15 00:00:00	1146.75	1147.25	1127.5	1132.25	2059496
2010-01-19 00:00:00	1131.75	1147.0	1126.25	1145.75	1927993
2010-01-20 00:00:00	1145.0	1146.5	1125.25	1134.0	2391710
2010-01-21 00:00:00	1134.5	1139.25	1110.25	1111.0	3438955
2010-01-22 00:00:00	1109.75	1115.75	1086.25	1091.0	3544446
2010-01-25 00:00:00	1094.0	1103.0	1089.75	1092.5	2080292
2010-01-26 00:00:00	1094.0	1100.0	1081.0	1087.25	2449263
2010-01-27 00:00:00	1087.5	1096.25	1078.5	1094.5	2634603
2010-01-28 00:00:00	1094.5	1103.5	1074.25	1079.25	3052088
2010-01-29 00:00:00	1081.0	1093.25	1066.5	1070.5	3068079
2010-02-01 00:00:00	1070.0	1086.5	1068.0	1086.25	1896011
2010-02-02 00:00:00	1086.0	1101.5	1082.0	1097.25	2104398
2010-02-03 00:00:00	1097.0	1100.25	1090.5	1096.5	1883815
2010-02-04 00:00:00	1096.25	1098.25	1059.25	1061.75	3302110
2010-02-05 00:00:00	1061.75	1065.0	1040.75	1059.75	3983950
2010-02-08 00:00:00	1062.0	1068.5	1053.0	1056.0	2061320
2010-02-09 00:00:00	1055.5	1077.0	1054.0	1066.25	3014475
2010-02-10 00:00:00	1066.5	1072.5	1056.25	1063.25	2204772
2010-02-11 00:00:00	1063.5	1078.0	1057.5	1076.5	2262497
2010-02-12 00:00:00	1076.25	1079.75	1060.0	1079.0	2747993
2010-02-16 00:00:00	1077.5	1094.0	1073.5	1093.25	1761523
2010-02-17 00:00:00	1093.25	1100.0	1092.5	1099.5	1669958
2010-02-18 00:00:00	1099.75	1106.75	1093.0	1105.5	1832739
2010-02-19 00:00:00	1105.5	1111.0	1092.5	1106.25	2096659
2010-02-22 00:00:00	1106.0	1112.75	1103.5	1107.5	1317880
2010-02-23 00:00:00	1107.0	1112.75	1090.25	1097.25	2224420
2010-02-24 00:00:00	1096.75	1105.5	1092.5	1103.5	1882885
2010-02-25 00:00:00	1103.0	1103.5	1084.5	1102.25	2697610
2010-02-26 00:00:00	1102.0	1107.75	1096.25	1103.5	1944020
2010-03-01 00:00:00	1105.5	1115.5	1104.25	1114.5	1615001
2010-03-02 00:00:00	1114.25	1122.75	1112.75	1117.5	1502795
2010-03-03 00:00:00	1117.5	1125.0	1115.0	1118.5	1583814
2010-03-04 00:00:00	1118.25	1123.5	1114.0	1122.25	1490362
2010-03-05 00:00:00	1122.0	1138.75	1121.5	1136.5	1869074
2010-03-08 00:00:00	1136.25	1140.5	1135.0	1137.0	1179723
2010-03-09 00:00:00	1137.25	1145.25	1131.5	1140.5	1759468
2010-03-10 00:00:00	1140.0	1148.0	1137.75	1145.75	2112662
2010-03-11 00:00:00	1145.5	1151.0	1138.5	1150.5	1642010
2010-03-12 00:00:00	1150.75	1159.5	1146.75	1151.25	826747
2010-03-15 00:00:00	1151.0	1151.0	1141.25	1150.25	542821
2010-03-16 00:00:00	1150.25	1160.5	1149.0	1159.5	534353
2010-03-17 00:00:00	1159.5	1170.0	1158.75	1165.75	382975
2010-03-18 00:00:00	1165.25	1169.25	1161.0	1166.0	323112
2010-03-19 00:00:00	1166.25	1170.0	1164.75	1172.949951171875	2165925
2010-03-22 00:00:00	1150.75	1163.25	1146.75	1162.0	1915804
2010-03-23 00:00:00	1161.75	1170.5	1159.0	1169.5	1856410
2010-03-24 00:00:00	1169.25	1170.0	1161.0	1164.5	1992386
2010-03-25 00:00:00	1164.25	1176.5	1160.25	1162.75	2355473
2010-03-26 00:00:00	1162.25	1169.75	1156.5	1163.5	2161399
2010-03-29 00:00:00	1164.75	1171.0	1164.0	1168.75	1454311
2010-03-30 00:00:00	1168.5	1173.75	1164.25	1169.5	1642976
2010-03-31 00:00:00	1169.0	1170.5	1161.25	1165.25	2109287
2010-04-01 00:00:00	1167.0	1177.5	1165.75	1173.75	1942722
2010-04-05 00:00:00	1178.75	1183.75	1174.5	1183.0	1025888
2010-04-06 00:00:00	1183.0	1188.0	1177.25	1185.75	1395387
2010-04-07 00:00:00	1185.75	1186.25	1173.25	1179.0	2171684
2010-04-08 00:00:00	1178.5	1185.0	1171.0	1183.75	1910628
2010-04-09 00:00:00	1183.5	1193.0	1183.0	1192.5	1450628
2010-04-12 00:00:00	1194.75	1198.5	1190.75	1192.5	1253624
2010-04-13 00:00:00	1192.25	1195.75	1185.0	1193.0	1553891
2010-04-14 00:00:00	1195.5	1207.25	1194.5	1206.5	1727998
2010-04-15 00:00:00	1206.5	1210.5	1201.0	1208.5	1732427
2010-04-16 00:00:00	1208.0	1208.5	1182.75	1190.25	3584806
2010-04-19 00:00:00	1186.0	1196.5	1179.75	1195.5	2480009
2010-04-20 00:00:00	1195.75	1205.75	1194.0	1205.5	1534819
2010-04-21 00:00:00	1205.0	1209.5	1195.0	1200.5	2168277
2010-04-22 00:00:00	1198.5	1207.0	1186.25	1201.75	2668931
2010-04-23 00:00:00	1201.25	1213.75	1197.5	1212.25	1856101
2010-04-26 00:00:00	1211.25	1216.75	1207.5	1208.25	1624454
2010-04-27 00:00:00	1207.75	1210.0	1177.5	1181.0	3590721
2010-04-28 00:00:00	1181.5	1192.0	1176.75	1190.0	2857714
2010-04-29 00:00:00	1190.0	1206.25	1188.0	1205.25	1980761
2010-04-30 00:00:00	1205.5	1208.0	1182.75	1183.5	2897399
2010-05-03 00:00:00	1184.5	1202.0	1183.75	1198.5	1797282
2010-05-04 00:00:00	1198.25	1199.75	1164.25	1172.5	3553338
2010-05-05 00:00:00	1171.75	1175.0	1154.75	1164.0	3057926
2010-05-06 00:00:00	1163.75	1168.75	1056.0	1122.5	5675645
2010-05-07 00:00:00	1123.75	1135.5	1090.75	1107.0	5013862
2010-05-10 00:00:00	1125.25	1162.0	1121.5	1156.5	3640288
2010-05-11 00:00:00	1156.0	1169.0	1140.5	1152.25	2663633
2010-05-12 00:00:00	1151.75	1171.25	1141.0	1169.75	2109839
2010-05-13 00:00:00	1169.0	1174.75	1153.75	1156.75	1963587
2010-05-14 00:00:00	1155.5	1159.5	1123.75	1135.25	2979512
2010-05-17 00:00:00	1133.75	1140.25	1112.75	1134.5	3052733
2010-05-18 00:00:00	1135.5	1147.5	1115.25	1118.75	3092769
2010-05-19 00:00:00	1118.0	1122.75	1098.75	1110.0	3585852
2010-05-20 00:00:00	1110.0	1116.5	1067.25	1070.0	4378875
2010-05-21 00:00:00	1069.25	1088.75	1051.25	1084.5	4024607
2010-05-24 00:00:00	1085.5	1088.75	1070.0	1071.0	2231741
2010-05-25 00:00:00	1069.5	1074.75	1036.75	1073.0	3433912
2010-05-26 00:00:00	1072.5	1089.5	1060.5	1061.25	2929237
2010-05-27 00:00:00	1060.0	1103.0	1055.5	1101.0	2613372
2010-05-28 00:00:00	1100.25	1106.75	1083.25	1088.5	2368730
2010-06-01 00:00:00	1088.5	1096.0	1068.5	1069.5	2593945
2010-06-02 00:00:00	1069.25	1098.25	1067.25	1096.75	2214865
2010-06-03 00:00:00	1097.0	1105.25	1090.75	1103.5	2033254
2010-06-04 00:00:00	1104.0	1107.75	1059.25	1066.0	3211493
2010-06-07 00:00:00	1064.0	1070.75	1047.0	1048.0	2390986
2010-06-08 00:00:00	1048.25	1063.25	1041.25	1059.25	3401030
2010-06-09 00:00:00	1059.0	1077.75	1051.25	1055.5	2970468
2010-06-10 00:00:00	1055.0	1087.75	1052.25	1083.75	2421258
2010-06-11 00:00:00	1084.0	1092.25	1074.5	1089.25	1182031
2010-06-14 00:00:00	1090.5	1106.0	1088.75	1090.5	887313
2010-06-15 00:00:00	1090.25	1115.75	1088.5	1113.5	796631
2010-06-16 00:00:00	1113.5	1119.0	1104.25	1114.0	589440
2010-06-17 00:00:00	1114.0	1122.5	1105.5	1116.25	469613
2010-06-18 00:00:00	1116.0	1119.0	1113.0	1118.8299560546875	1631682
2010-06-21 00:00:00	1116.0	1129.5	1103.25	1110.5	2162081
2010-06-22 00:00:00	1110.5	1117.0	1089.5	1090.5	2286571
2010-06-23 00:00:00	1090.75	1097.75	1080.25	1087.5	2235636
2010-06-24 00:00:00	1086.5	1091.0	1066.5	1070.5	2551855
2010-06-25 00:00:00	1070.25	1079.5	1062.75	1074.75	2454671
2010-06-28 00:00:00	1074.25	1079.75	1066.5	1071.0	1686899
2010-06-29 00:00:00	1070.5	1074.75	1030.25	1035.25	3109449
2010-06-30 00:00:00	1035.25	1044.5	1023.0	1026.5	2622061
2010-07-01 00:00:00	1024.5	1029.75	1006.0	1021.75	3354900
2010-07-02 00:00:00	1022.25	1032.5	1010.75	1014.25	2135335
2010-07-06 00:00:00	1015.0	1038.5	1002.75	1024.25	2431642
2010-07-07 00:00:00	1024.0	1059.75	1016.25	1059.25	2556140
2010-07-08 00:00:00	1058.75	1068.5	1054.0	1067.0	2112208
2010-07-09 00:00:00	1066.75	1075.0	1063.25	1072.5	1421814
2010-07-12 00:00:00	1071.5	1077.25	1065.5	1076.5	1382638
2010-07-13 00:00:00	1076.0	1096.0	1073.0	1089.75	2001017
2010-07-14 00:00:00	1095.0	1099.0	1083.5	1091.0	1940692
2010-07-15 00:00:00	1091.25	1099.25	1076.25	1090.5	2416608
2010-07-16 00:00:00	1090.5	1094.75	1059.0	1063.0	2503643
2010-07-19 00:00:00	1061.75	1071.0	1057.0	1063.75	1760879
2010-07-20 00:00:00	1063.25	1080.75	1050.75	1080.0	2275816
2010-07-21 00:00:00	1079.5	1087.75	1061.0	1064.0	2440958
2010-07-22 00:00:00	1063.25	1094.5	1061.25	1087.75	2178892
2010-07-23 00:00:00	1087.25	1101.5	1084.0	1100.5	2091081
2010-07-26 00:00:00	1101.25	1111.75	1097.0	1109.5	1543914
2010-07-27 00:00:00	1109.25	1118.75	1106.0	1111.0	1822245
2010-07-28 00:00:00	1110.5	1115.75	1099.25	1102.0	1641500
2010-07-29 00:00:00	1102.5	1113.0	1088.75	1097.0	2250104
2010-07-30 00:00:00	1096.25	1103.5	1083.5	1098.25	2133582
2010-08-02 00:00:00	1104.5	1124.25	1101.75	1121.75	1610959
2010-08-03 00:00:00	1121.75	1122.75	1113.25	1118.25	1493524
2010-08-04 00:00:00	1118.0	1126.0	1112.25	1124.5	1591800
2010-08-05 00:00:00	1124.75	1127.75	1115.5	1123.5	1340145
2010-08-06 00:00:00	1123.5	1127.0	1103.75	1119.5	2177376
2010-08-09 00:00:00	1120.0	1126.75	1116.5	1125.5	998906
2010-08-10 00:00:00	1125.25	1125.75	1108.25	1119.75	2029717
2010-08-11 00:00:00	1119.25	1119.75	1084.5	1085.0	2638258
2010-08-12 00:00:00	1085.0	1087.5	1070.5	1079.25	2180112
2010-08-13 00:00:00	1079.5	1089.0	1072.5	1076.0	1479393
2010-08-16 00:00:00	1077.5	1081.5	1066.25	1077.0	1612131
2010-08-17 00:00:00	1077.25	1098.5	1074.5	1089.0	1779783
2010-08-18 00:00:00	1089.0	1098.5	1083.75	1086.75	1814778
2010-08-19 00:00:00	1087.0	1095.0	1068.5	1071.25	2433838
2010-08-20 00:00:00	1070.75	1076.0	1061.75	1070.25	1806978
2010-08-23 00:00:00	1070.0	1080.25	1064.25	1065.5	1567358
2010-08-24 00:00:00	1065.5	1065.75	1044.0	1049.75	2466756
2010-08-25 00:00:00	1050.0	1057.75	1037.0	1054.5	2478780
2010-08-26 00:00:00	1055.25	1061.75	1043.0	1044.75	1994211
2010-08-27 00:00:00	1043.75	1064.5	1037.25	1063.75	2541324
2010-08-30 00:00:00	1064.5	1072.75	1044.5	1045.0	1506592
2010-08-31 00:00:00	1045.0	1054.25	1037.5	1048.25	2516451
2010-09-01 00:00:00	1051.75	1082.5	1050.75	1081.75	2355074
2010-09-02 00:00:00	1081.5	1090.5	1076.5	1089.5	1601762
2010-09-03 00:00:00	1089.75	1104.5	1086.25	1103.5	2017072
2010-09-07 00:00:00	1103.75	1107.25	1089.75	1091.25	1751617
2010-09-08 00:00:00	1091.5	1103.0	1086.25	1099.25	2001331
2010-09-09 00:00:00	1099.25	1112.0	1096.75	1102.5	1612227
2010-09-10 00:00:00	1103.0	1110.5	1100.5	1109.75	892734
2010-09-13 00:00:00	1112.5	1124.0	1112.0	1121.25	891533
2010-09-14 00:00:00	1120.75	1127.5	1115.0	1120.75	652411
2010-09-15 00:00:00	1120.75	1126.5	1114.0	1125.75	540325
2010-09-16 00:00:00	1126.25	1129.0	1118.0	1127.75	375122
2010-09-17 00:00:00	1128.0	1137.75	1127.75	1131.1500244140625	1933484
2010-09-20 00:00:00	1118.5	1140.25	1117.0	1136.5	1789965
2010-09-21 00:00:00	1136.5	1144.0	1130.25	1134.75	2098867
2010-09-22 00:00:00	1135.0	1140.25	1126.5	1129.75	1957234
2010-09-23 00:00:00	1130.0	1134.5	1117.25	1120.5	2190002
2010-09-24 00:00:00	1120.5	1144.5	1118.5	1143.25	1846928
2010-09-27 00:00:00	1144.0	1149.75	1137.0	1137.75	1343049
2010-09-28 00:00:00	1137.75	1146.0	1127.25	1141.75	2305031
2010-09-29 00:00:00	1141.75	1146.75	1135.5	1141.0	1860633
2010-09-30 00:00:00	1141.0	1153.5	1131.25	1136.75	2825790
2010-10-01 00:00:00	1135.75	1146.5	1134.5	1142.25	2065971
2010-10-04 00:00:00	1143.25	1144.0	1127.0	1134.75	1849807
2010-10-05 00:00:00	1134.75	1158.75	1132.75	1154.75	2203058
2010-10-06 00:00:00	1155.0	1160.0	1151.0	1155.75	1720880
2010-10-07 00:00:00	1155.75	1163.75	1147.25	1156.5	1988730
2010-10-08 00:00:00	1156.5	1164.0	1145.5	1160.5	1969643
2010-10-11 00:00:00	1161.5	1165.0	1157.75	1162.25	1005696
2010-10-12 00:00:00	1162.5	1169.0	1151.75	1164.5	1941433
2010-10-13 00:00:00	1165.25	1181.0	1164.25	1174.25	2163266
2010-10-14 00:00:00	1174.75	1180.75	1162.5	1173.5	2400204
2010-10-15 00:00:00	1174.0	1180.0	1163.0	1175.0	2644031
2010-10-18 00:00:00	1174.25	1182.25	1164.75	1178.25	1465558
2010-10-19 00:00:00	1178.75	1179.5	1155.5	1163.75	3065772
2010-10-20 00:00:00	1164.0	1180.0	1160.5	1174.75	2289137
2010-10-21 00:00:00	1174.75	1186.25	1167.25	1175.75	2408540
2010-10-22 00:00:00	1175.25	1181.5	1173.25	1180.75	1204824
2010-10-25 00:00:00	1180.75	1193.0	1180.5	1182.75	1752840
2010-10-26 00:00:00	1182.0	1184.25	1174.0	1182.75	1743843
2010-10-27 00:00:00	1183.25	1186.25	1167.75	1178.75	2246880
2010-10-28 00:00:00	1178.5	1187.5	1173.5	1179.25	2014979
2010-10-29 00:00:00	1179.25	1182.5	1172.0	1179.75	1751544
2010-11-01 00:00:00	1180.5	1192.75	1173.75	1183.0	2032082
2010-11-02 00:00:00	1182.75	1193.5	1180.75	1192.75	1573659
2010-11-03 00:00:00	1192.75	1198.0	1179.5	1197.25	2361808
2010-11-04 00:00:00	1197.5	1218.75	1195.25	1218.5	2301698
2010-11-05 00:00:00	1218.25	1224.5	1212.5	1222.0	2301698
2010-11-08 00:00:00	1220.5	1222.25	1214.75	1220.0	1542756
2010-11-09 00:00:00	1219.25	1224.75	1206.25	1211.0	2324133
2010-11-10 00:00:00	1210.5	1217.0	1201.75	1214.0	2483583
2010-11-11 00:00:00	1213.5	1213.75	1202.0	1211.0	1775665
2010-11-12 00:00:00	1210.5	1211.75	1191.5	1195.5	2766115
2010-11-15 00:00:00	1195.5	1205.75	1192.5	1195.75	2071297
2010-11-16 00:00:00	1195.25	1195.25	1171.0	1174.75	3168883
2010-11-17 00:00:00	1175.75	1182.0	1173.25	1177.5	2021219
2010-11-18 00:00:00	1177.75	1199.0	1177.0	1197.75	2067180
2010-11-19 00:00:00	1197.5	1200.0	1187.5	1198.25	1733603
2010-11-22 00:00:00	1202.75	1206.0	1182.5	1198.0	2212329
2010-11-23 00:00:00	1197.0	1197.75	1174.75	1178.25	2456997
2010-11-24 00:00:00	1178.0	1197.5	1175.5	1196.5	1821455
2010-11-26 00:00:00	1195.75	1200.5	1182.5	1183.25	963332
2010-11-29 00:00:00	1188.5	1193.75	1172.25	1186.5	2491942
2010-11-30 00:00:00	1186.5	1188.25	1173.0	1179.5	3089404
2010-12-01 00:00:00	1177.75	1207.75	1176.25	1204.5	2346276
2010-12-02 00:00:00	1204.0	1223.25	1202.0	1222.75	2037342
2010-12-03 00:00:00	1222.75	1227.25	1213.0	1223.5	1890658
2010-12-06 00:00:00	1223.25	1226.75	1216.25	1222.0	1326050
2010-12-07 00:00:00	1222.75	1235.0	1219.0	1223.25	2449523
2010-12-08 00:00:00	1222.75	1229.25	1217.25	1228.75	2142544
2010-12-09 00:00:00	1228.5	1238.0	1226.5	1233.0	1388754
2010-12-10 00:00:00	1232.75	1241.5	1231.5	1241.0	893224
2010-12-13 00:00:00	1242.0	1247.0	1236.75	1241.25	682650
2010-12-14 00:00:00	1240.75	1247.25	1237.75	1241.75	662944
2010-12-15 00:00:00	1242.0	1244.25	1234.0	1237.0	533898
2010-12-16 00:00:00	1237.0	1244.5	1232.5	1243.5	317800
2010-12-17 00:00:00	1243.25	1245.0	1240.75	1242.3499755859375	1340620
2010-12-20 00:00:00	1240.0	1245.75	1234.0	1241.25	1145804
2010-12-21 00:00:00	1241.0	1251.25	1240.75	1250.75	943293
2010-12-22 00:00:00	1250.0	1255.0	1249.0	1254.5	664450
2010-12-23 00:00:00	1254.5	1255.75	1249.25	1253.0	594048
2010-12-27 00:00:00	1249.5	1254.25	1245.5	1253.25	587701
2010-12-28 00:00:00	1253.5	1256.5	1251.5	1254.0	553798
2010-12-29 00:00:00	1254.0	1258.5	1253.25	1255.75	588441
2010-12-30 00:00:00	1255.75	1257.5	1251.5	1254.5	713588
2010-12-31 00:00:00	1254.25	1257.75	1249.5	1253.0	667046
2011-01-03 00:00:00	1256.0	1272.5	1255.25	1265.25	1591034
2011-01-04 00:00:00	1264.75	1270.0	1258.25	1265.25	1778621
2011-01-05 00:00:00	1265.5	1273.75	1255.75	1271.75	1797267
2011-01-06 00:00:00	1271.75	1277.0	1266.25	1270.25	1614397
2011-01-07 00:00:00	1269.75	1274.0	1257.75	1267.5	2175596
2011-01-10 00:00:00	1266.25	1268.0	1258.0	1265.5	1876415
2011-01-11 00:00:00	1265.5	1273.75	1264.0	1270.5	1662412
2011-01-12 00:00:00	1270.0	1284.25	1269.25	1283.5	1604117
2011-01-13 00:00:00	1283.25	1284.5	1276.25	1281.25	1671242
2011-01-14 00:00:00	1281.25	1290.0	1274.25	1289.5	1631162
2011-01-18 00:00:00	1289.5	1295.0	1282.75	1294.75	1673094
2011-01-19 00:00:00	1294.5	1296.25	1275.0	1278.5	2322868
2011-01-20 00:00:00	1279.25	1281.5	1267.5	1276.25	2534106
2011-01-21 00:00:00	1276.0	1288.0	1273.25	1279.75	2012431
2011-01-24 00:00:00	1279.5	1289.75	1277.75	1288.5	1635794
2011-01-25 00:00:00	1288.5	1291.75	1277.0	1287.5	2360267
2011-01-26 00:00:00	1287.25	1296.75	1286.0	1293.5	1609255
2011-01-27 00:00:00	1293.75	1298.25	1289.25	1295.75	1554851
2011-01-28 00:00:00	1295.25	1299.5	1270.5	1271.5	3238629
2011-01-31 00:00:00	1269.5	1283.75	1262.25	1282.5	2314420
2011-02-01 00:00:00	1282.5	1306.0	1281.25	1302.75	2089240
2011-02-02 00:00:00	1302.25	1305.5	1298.0	1300.0	1396167
2011-02-03 00:00:00	1300.25	1305.75	1291.5	1303.25	1828391
2011-02-04 00:00:00	1303.25	1308.5	1298.0	1307.25	1585618
2011-02-07 00:00:00	1307.25	1320.0	1306.0	1315.75	1501112
2011-02-08 00:00:00	1315.0	1322.25	1313.0	1321.75	1453914
2011-02-09 00:00:00	1321.5	1322.0	1311.75	1319.25	1825859
2011-02-10 00:00:00	1318.5	1320.5	1308.5	1318.75	2055532
2011-02-11 00:00:00	1318.25	1328.75	1310.0	1327.25	1881031
2011-02-14 00:00:00	1326.0	1331.25	1324.5	1327.75	1171814
2011-02-15 00:00:00	1328.0	1329.25	1322.25	1326.25	1457415
2011-02-16 00:00:00	1326.25	1336.0	1325.75	1333.0	1801087
2011-02-17 00:00:00	1333.0	1340.0	1328.5	1337.75	1677669
2011-02-18 00:00:00	1337.75	1343.0	1335.0	1342.5	1516091
2011-02-22 00:00:00	1342.25	1342.5	1310.25	1314.5	3257861
2011-02-23 00:00:00	1314.0	1320.5	1297.5	1305.5	3075485
2011-02-24 00:00:00	1305.75	1310.75	1292.5	1302.75	2903883
2011-02-25 00:00:00	1302.5	1320.0	1301.5	1318.75	1827557
2011-02-28 00:00:00	1318.25	1329.0	1313.0	1326.0	1941581
2011-03-01 00:00:00	1326.5	1336.5	1300.75	1301.0	3054741
2011-03-02 00:00:00	1301.25	1313.75	1296.25	1305.75	2680941
2011-03-03 00:00:00	1306.25	1332.0	1305.0	1329.75	2361733
2011-03-04 00:00:00	1329.75	1334.5	1311.25	1320.25	2944659
2011-03-07 00:00:00	1320.25	1327.25	1302.75	1309.0	2702700
2011-03-08 00:00:00	1308.75	1325.75	1306.0	1320.0	2209200
2011-03-09 00:00:00	1319.75	1325.0	1311.5	1315.5	2196273
2011-03-10 00:00:00	1315.75	1317.25	1292.75	1294.25	2605190
2011-03-11 00:00:00	1293.75	1308.75	1283.0	1306.0	1125367
2011-03-14 00:00:00	1302.25	1305.75	1286.0	1295.5	817826
2011-03-15 00:00:00	1295.5	1298.0	1256.0	1280.0	1008182
2011-03-16 00:00:00	1280.0	1288.25	1248.0	1258.75	798954
2011-03-17 00:00:00	1259.75	1279.25	1246.5	1273.75	482797
2011-03-18 00:00:00	1272.25	1293.25	1266.25	1287.7099609375	2342198
2011-03-21 00:00:00	1276.25	1296.25	1274.75	1293.0	1488232
2011-03-22 00:00:00	1292.5	1296.5	1287.5	1288.25	1441789
2011-03-23 00:00:00	1287.75	1296.0	1279.0	1292.0	1939892
2011-03-24 00:00:00	1292.0	1306.75	1289.25	1305.25	1833298
2011-03-25 00:00:00	1304.5	1314.5	1304.0	1310.0	1651563
2011-03-28 00:00:00	1309.25	1315.25	1302.0	1302.25	1290490
2011-03-29 00:00:00	1302.75	1317.75	1300.25	1316.5	1549071
2011-03-30 00:00:00	1316.25	1327.75	1314.75	1324.0	1407633
2011-03-31 00:00:00	1324.5	1325.75	1320.5	1321.0	1521964
2011-04-01 00:00:00	1321.25	1333.75	1320.5	1327.75	1660075
2011-04-04 00:00:00	1327.0	1332.75	1324.5	1329.25	1273974
2011-04-05 00:00:00	1329.75	1334.25	1323.0	1326.75	1558287
2011-04-06 00:00:00	1327.0	1336.5	1326.0	1329.0	1656416
2011-04-07 00:00:00	1329.0	1335.25	1322.25	1328.5	2180272
2011-04-08 00:00:00	1328.5	1335.75	1318.75	1323.75	1858868
2011-04-11 00:00:00	1325.75	1330.25	1317.0	1319.5	1527470
2011-04-12 00:00:00	1320.25	1320.5	1305.25	1308.25	2078928
2011-04-13 00:00:00	1308.25	1318.75	1305.0	1308.75	1919662
2011-04-14 00:00:00	1309.25	1313.25	1298.25	1310.25	2027796
2011-04-15 00:00:00	1310.5	1319.25	1305.75	1318.75	1644200
2011-04-18 00:00:00	1318.25	1318.75	1290.25	1301.0	2255340
2011-04-19 00:00:00	1301.0	1309.5	1294.0	1308.5	1528995
2011-04-20 00:00:00	1308.75	1330.5	1308.5	1328.25	1871971
2011-04-21 00:00:00	1328.5	1337.75	1328.0	1331.0	1276072
2011-04-25 00:00:00	1330.5	1335.25	1327.25	1330.75	599322
2011-04-26 00:00:00	1330.75	1346.25	1328.0	1341.0	1386038
2011-04-27 00:00:00	1341.0	1354.25	1340.25	1351.0	1386295
2011-04-28 00:00:00	1351.5	1358.5	1346.75	1355.0	1706910
2011-04-29 00:00:00	1355.0	1363.75	1352.75	1359.75	1272342
2011-05-02 00:00:00	1363.25	1373.5	1354.75	1357.75	1707040
2011-05-03 00:00:00	1357.75	1358.5	1345.75	1352.0	1674060
2011-05-04 00:00:00	1351.75	1355.0	1337.5	1343.0	2382666
2011-05-05 00:00:00	1343.25	1348.75	1325.25	1335.0	2915006
2011-05-06 00:00:00	1334.25	1351.75	1331.75	1334.5	2673077
2011-05-09 00:00:00	1337.25	1346.25	1334.5	1342.75	1666599
2011-05-10 00:00:00	1342.5	1356.5	1339.0	1353.75	1571216
2011-05-11 00:00:00	1353.75	1358.25	1333.0	1338.75	2190906
2011-05-12 00:00:00	1339.25	1348.75	1328.75	1347.5	2254909
2011-05-13 00:00:00	1347.25	1352.5	1330.5	1334.0	2235430
2011-05-16 00:00:00	1332.0	1341.25	1324.75	1325.5	2177046
2011-05-17 00:00:00	1325.25	1332.0	1316.0	1325.5	2292146
2011-05-18 00:00:00	1326.25	1340.5	1324.5	1338.5	1612220
2011-05-19 00:00:00	1338.25	1345.5	1334.5	1341.75	1825276
2011-05-20 00:00:00	1341.5	1344.0	1327.0	1327.75	2248408
2011-05-23 00:00:00	1326.0	1327.0	1310.75	1315.25	2054242
2011-05-24 00:00:00	1314.75	1322.5	1311.75	1313.5	1860601
2011-05-25 00:00:00	1313.0	1324.5	1302.25	1316.5	2100699
2011-05-26 00:00:00	1316.5	1327.5	1312.5	1326.5	2286732
2011-05-27 00:00:00	1326.5	1333.75	1324.5	1330.0	1393298
2011-05-31 00:00:00	1329.75	1345.75	1328.25	1344.0	1927228
2011-06-01 00:00:00	1344.75	1347.75	1311.25	1312.0	2681845
2011-06-02 00:00:00	1313.25	1317.75	1304.25	1312.5	2433178
2011-06-03 00:00:00	1312.25	1313.5	1294.5	1296.25	2677734
2011-06-06 00:00:00	1298.75	1299.0	1283.25	1285.0	2185300
2011-06-07 00:00:00	1285.25	1295.5	1282.5	1284.75	2069553
2011-06-08 00:00:00	1285.0	1287.75	1276.25	1277.0	2695851
2011-06-09 00:00:00	1277.75	1294.0	1275.25	1287.5	1725026
2011-06-10 00:00:00	1287.75	1288.75	1267.0	1269.25	1453530
2011-06-13 00:00:00	1270.0	1277.25	1265.0	1271.5	798749
2011-06-14 00:00:00	1272.0	1292.5	1270.5	1290.0	1067759
2011-06-15 00:00:00	1288.75	1289.0	1261.25	1265.5	757016
2011-06-16 00:00:00	1266.25	1274.5	1258.0	1269.0	407054
2011-06-17 00:00:00	1269.5	1282.5	1264.25	1279.4000244140625	2335210
2011-06-20 00:00:00	1265.0	1275.25	1256.25	1273.75	1675608
2011-06-21 00:00:00	1273.25	1292.75	1271.75	1288.0	2075568
2011-06-22 00:00:00	1287.75	1293.75	1279.5	1279.75	1872931
2011-06-23 00:00:00	1280.0	1280.75	1257.0	1277.0	3316080
2011-06-24 00:00:00	1277.5	1286.0	1261.25	1264.0	2499136
2011-06-27 00:00:00	1265.0	1280.0	1257.0	1276.25	2000732
2011-06-28 00:00:00	1277.0	1295.0	1271.5	1294.5	1913881
2011-06-29 00:00:00	1293.5	1305.5	1291.5	1304.25	2489063
2011-06-30 00:00:00	1304.0	1317.5	1302.25	1315.5	1875270
2011-07-01 00:00:00	1314.75	1336.5	1312.5	1334.75	1955127
2011-07-05 00:00:00	1334.5	1337.75	1328.25	1336.75	1729821
2011-07-06 00:00:00	1336.0	1340.75	1326.5	1335.75	1819425
2011-07-07 00:00:00	1336.0	1352.75	1335.75	1351.75	1678156
2011-07-08 00:00:00	1351.5	1354.5	1329.25	1341.75	2253551
2011-07-11 00:00:00	1339.25	1339.5	1311.75	1318.5	2432258
2011-07-12 00:00:00	1318.0	1323.25	1295.25	1310.75	2888474
2011-07-13 00:00:00	1310.75	1327.75	1307.25	1312.25	2315093
2011-07-14 00:00:00	1312.25	1323.25	1302.0	1306.75	2877782
2011-07-15 00:00:00	1307.75	1315.5	1300.5	1315.0	2298613
2011-07-18 00:00:00	1314.5	1314.75	1291.25	1300.5	2168734
2011-07-19 00:00:00	1301.5	1324.25	1300.25	1321.25	2098625
2011-07-20 00:00:00	1321.25	1329.75	1319.25	1321.25	1637321
2011-07-21 00:00:00	1321.75	1343.5	1315.0	1342.5	2311771
2011-07-22 00:00:00	1341.25	1347.75	1332.75	1341.0	1478170
2011-07-25 00:00:00	1330.0	1340.25	1322.0	1333.5	1640963
2011-07-26 00:00:00	1333.5	1339.75	1325.5	1326.25	1698186
2011-07-27 00:00:00	1326.0	1328.5	1298.0	1299.0	2535676
2011-07-28 00:00:00	1299.25	1313.0	1295.25	1296.75	2338767
2011-07-29 00:00:00	1297.75	1300.75	1278.5	1288.5	2889931
2011-08-01 00:00:00	1306.0	1309.75	1270.25	1279.75	3020191
2011-08-02 00:00:00	1279.75	1285.0	1246.75	1247.25	3293753
2011-08-03 00:00:00	1248.25	1258.0	1230.25	1254.5	3815275
2011-08-04 00:00:00	1254.25	1264.25	1193.25	1198.75	5039775
2011-08-05 00:00:00	1199.5	1219.0	1163.25	1197.75	6160540
2011-08-08 00:00:00	1167.25	1189.0	1109.5	1111.25	6173318
2011-08-09 00:00:00	1113.0	1175.5	1077.0	1171.75	6285917
2011-08-10 00:00:00	1171.0	1178.75	1113.75	1123.5	4925051
2011-08-11 00:00:00	1123.0	1184.0	1103.0	1168.5	4482222
2011-08-12 00:00:00	1168.25	1186.75	1146.75	1176.75	2720118
2011-08-15 00:00:00	1179.75	1201.75	1176.25	1198.5	2002026
2011-08-16 00:00:00	1196.5	1201.5	1177.5	1192.25	2556621
2011-08-17 00:00:00	1191.75	1206.75	1181.5	1190.0	2112805
2011-08-18 00:00:00	1189.5	1190.0	1128.25	1143.5	3809916
2011-08-19 00:00:00	1143.75	1153.25	1117.5	1124.0	3583223
2011-08-22 00:00:00	1122.0	1146.5	1111.25	1123.25	2714560
2011-08-23 00:00:00	1123.5	1160.75	1118.5	1158.5	3338118
2011-08-24 00:00:00	1159.0	1176.75	1142.5	1172.0	2616278
2011-08-25 00:00:00	1171.5	1188.5	1153.0	1157.5	3198280
2011-08-26 00:00:00	1157.0	1179.75	1132.75	1176.0	3053686
2011-08-29 00:00:00	1175.5	1208.75	1172.25	1208.0	1832857
2011-08-30 00:00:00	1208.0	1218.75	1193.5	1204.75	2576230
2011-08-31 00:00:00	1204.25	1229.75	1201.25	1217.75	3159833
2011-09-01 00:00:00	1218.0	1228.5	1200.75	1201.25	2656315
2011-09-02 00:00:00	1201.0	1203.25	1168.5	1169.25	2427798
2011-09-06 00:00:00	1165.0	1166.75	1136.0	1164.5	3522564
2011-09-07 00:00:00	1164.5	1199.75	1163.75	1199.0	2595150
2011-09-08 00:00:00	1199.25	1203.75	1182.0	1185.75	2136073
2011-09-09 00:00:00	1185.75	1194.0	1146.75	1158.0	1615259
2011-09-12 00:00:00	1143.5	1164.0	1129.5	1163.25	1148718
2011-09-13 00:00:00	1162.75	1176.75	1145.0	1171.5	1129051
2011-09-14 00:00:00	1171.25	1202.5	1154.25	1188.5	868479
2011-09-15 00:00:00	1189.0	1212.0	1182.25	1210.75	457743
2011-09-16 00:00:00	1210.0	1216.0	1201.5	1216.739990234375	2661191
2011-09-19 00:00:00	1199.25	1203.75	1181.5	1197.75	2446620
2011-09-20 00:00:00	1196.75	1214.5	1185.25	1196.0	2614553
2011-09-21 00:00:00	1196.5	1203.75	1155.0	1155.75	3254771
2011-09-22 00:00:00	1155.25	1159.0	1106.75	1123.5	4741905
2011-09-23 00:00:00	1124.25	1138.5	1102.0	1129.75	3365634
2011-09-26 00:00:00	1122.0	1159.0	1115.0	1158.5	3089036
2011-09-27 00:00:00	1157.5	1190.0	1155.0	1169.5	3258954
2011-09-28 00:00:00	1169.0	1181.75	1143.5	1148.75	2802438
2011-09-29 00:00:00	1148.25	1170.75	1133.5	1156.25	2975702
2011-09-30 00:00:00	1157.25	1159.75	1121.5	1126.0	2980938
2011-10-03 00:00:00	1123.0	1133.5	1085.25	1086.25	3504183
2011-10-04 00:00:00	1087.5	1119.75	1068.0	1113.5	4190407
2011-10-05 00:00:00	1114.5	1141.25	1106.5	1135.0	3039981
2011-10-06 00:00:00	1135.0	1160.5	1129.0	1157.5	2903759
2011-10-07 00:00:00	1157.25	1173.75	1144.75	1155.0	2865466
2011-10-10 00:00:00	1157.75	1192.25	1156.5	1191.0	1776333
2011-10-11 00:00:00	1190.5	1194.75	1180.75	1189.5	1953734
2011-10-12 00:00:00	1187.5	1216.0	1180.75	1198.25	2559219
2011-10-13 00:00:00	1198.5	1204.25	1185.25	1198.0	2316227
2011-10-14 00:00:00	1197.5	1221.5	1193.0	1219.25	2244214
2011-10-17 00:00:00	1218.25	1230.75	1193.5	1194.0	2385603
2011-10-18 00:00:00	1194.0	1229.75	1185.5	1223.0	2978540
2011-10-19 00:00:00	1222.75	1227.25	1201.5	1206.5	2430802
2011-10-20 00:00:00	1206.75	1216.25	1192.5	1210.0	2898123
2011-10-21 00:00:00	1208.75	1235.75	1208.0	1235.25	2115010
2011-10-24 00:00:00	1229.75	1252.5	1226.75	1247.0	2006311
2011-10-25 00:00:00	1247.0	1254.5	1222.25	1224.5	2635786
2011-10-26 00:00:00	1225.0	1242.5	1216.5	1237.5	2697660
2011-10-27 00:00:00	1238.0	1289.25	1237.5	1282.5	3324091
2011-10-28 00:00:00	1282.25	1284.25	1272.75	1281.0	1932702
2011-10-31 00:00:00	1280.0	1280.75	1245.25	1249.25	2239270
2011-11-01 00:00:00	1247.5	1248.0	1208.5	1224.5	3666184
2011-11-02 00:00:00	1223.5	1238.75	1216.5	1234.25	2264238
2011-11-03 00:00:00	1234.25	1259.75	1213.5	1255.75	2822923
2011-11-04 00:00:00	1255.75	1258.75	1234.5	1251.0	2243027
2011-11-07 00:00:00	1251.0	1259.5	1232.0	1257.5	1982159
2011-11-08 00:00:00	1257.5	1275.25	1248.5	1273.25	2241483
2011-11-09 00:00:00	1273.25	1274.0	1222.75	1225.75	3248837
2011-11-10 00:00:00	1226.25	1245.0	1218.25	1237.5	2584328
2011-11-11 00:00:00	1237.5	1264.75	1233.75	1261.5	1603127
2011-11-14 00:00:00	1264.25	1270.75	1243.5	1252.5	1889071
2011-11-15 00:00:00	1251.5	1262.25	1234.0	1254.0	2243400
2011-11-16 00:00:00	1254.5	1258.75	1230.5	1231.0	2711882
2011-11-17 00:00:00	1231.25	1241.75	1206.5	1214.75	3096973
2011-11-18 00:00:00	1215.0	1229.75	1208.75	1214.0	2178618
2011-11-21 00:00:00	1208.0	1209.0	1180.5	1190.75	2401770
2011-11-22 00:00:00	1190.75	1199.0	1179.25	1182.75	2306860
2011-11-23 00:00:00	1182.75	1185.0	1158.5	1160.0	2325948
2011-11-25 00:00:00	1160.25	1173.75	1147.5	1153.5	1518196
2011-11-28 00:00:00	1172.0	1196.25	1169.25	1191.0	2362657
2011-11-29 00:00:00	1190.75	1206.0	1186.25	1196.5	2423915
2011-11-30 00:00:00	1195.0	1246.75	1183.0	1246.0	3298494
2011-12-01 00:00:00	1243.75	1251.0	1235.75	1243.5	2110759
2011-12-02 00:00:00	1243.5	1262.75	1242.0	1243.5	2179603
2011-12-05 00:00:00	1248.0	1266.25	1248.0	1255.0	2333966
2011-12-06 00:00:00	1253.25	1265.75	1245.25	1255.0	2187368
2011-12-07 00:00:00	1255.5	1268.0	1244.0	1264.0	2724649
2011-12-08 00:00:00	1263.75	1272.0	1230.75	1236.0	2442801
2011-12-09 00:00:00	1235.5	1260.5	1228.5	1258.75	1143695
2011-12-12 00:00:00	1256.0	1260.5	1226.0	1235.25	908998
2011-12-13 00:00:00	1235.0	1249.75	1218.5	1226.25	1000947
2011-12-14 00:00:00	1226.0	1232.5	1209.0	1212.5	593669
2011-12-15 00:00:00	1212.75	1227.0	1204.5	1218.0	327313
2011-12-16 00:00:00	1218.25	1229.25	1217.25	1224.0	2189561
2011-12-19 00:00:00	1212.0	1219.75	1195.5	1199.0	1683745
2011-12-20 00:00:00	1199.0	1237.25	1198.75	1236.0	1825749
2011-12-21 00:00:00	1236.0	1249.0	1223.0	1236.25	1986543
2011-12-22 00:00:00	1236.0	1251.0	1232.25	1249.0	1333614
2011-12-23 00:00:00	1249.5	1260.75	1248.75	1260.25	693965
2011-12-27 00:00:00	1260.5	1264.0	1256.0	1260.25	508261
2011-12-28 00:00:00	1260.0	1264.5	1243.0	1244.5	1013536
2011-12-29 00:00:00	1244.0	1258.5	1243.75	1257.5	878740
2011-12-30 00:00:00	1256.75	1260.5	1250.75	1252.5	692364
2012-01-03 00:00:00	1274.75	1280.0	1270.25	1272.0	1565370
2012-01-04 00:00:00	1272.0	1274.75	1262.75	1273.0	1419339
2012-01-05 00:00:00	1273.25	1278.0	1259.75	1273.0	1819520
2012-01-06 00:00:00	1273.25	1282.25	1266.75	1274.25	1691991
2012-01-09 00:00:00	1274.75	1277.75	1267.25	1275.5	1438170
2012-01-10 00:00:00	1275.0	1292.0	1274.5	1286.0	1531383
2012-01-11 00:00:00	1286.0	1289.5	1279.25	1288.25	1800297
2012-01-12 00:00:00	1288.25	1297.5	1280.75	1291.75	1755528
2012-01-13 00:00:00	1292.0	1295.0	1272.75	1289.0	2115831
2012-01-17 00:00:00	1285.25	1302.5	1281.25	1289.25	1837834
2012-01-18 00:00:00	1289.0	1304.25	1286.5	1302.25	2008751
2012-01-19 00:00:00	1302.75	1311.5	1299.25	1310.5	1837168
2012-01-20 00:00:00	1310.0	1311.75	1304.75	1310.75	1420429
2012-01-23 00:00:00	1307.5	1318.25	1305.0	1311.0	1609178
2012-01-24 00:00:00	1311.25	1311.75	1301.5	1311.5	1478167
2012-01-25 00:00:00	1311.25	1324.75	1303.0	1320.25	1973502
2012-01-26 00:00:00	1320.75	1329.75	1309.25	1315.25	2012742
2012-01-27 00:00:00	1314.75	1319.25	1307.0	1312.5	1730821
2012-01-30 00:00:00	1314.0	1314.5	1296.0	1309.0	1710571
2012-01-31 00:00:00	1309.0	1317.5	1302.25	1308.25	1894426
2012-02-01 00:00:00	1307.75	1327.0	1303.75	1319.75	1904608
2012-02-02 00:00:00	1320.25	1326.0	1317.0	1322.75	1357576
2012-02-03 00:00:00	1322.75	1342.0	1320.0	1339.0	1710648
2012-02-06 00:00:00	1336.5	1340.5	1330.25	1339.0	1196876
2012-02-07 00:00:00	1339.0	1345.75	1331.75	1344.75	1498861
2012-02-08 00:00:00	1344.25	1348.25	1338.25	1347.0	1540962
2012-02-09 00:00:00	1347.0	1352.75	1340.75	1348.25	1755116
2012-02-10 00:00:00	1348.0	1348.25	1333.75	1340.5	1713982
2012-02-13 00:00:00	1347.25	1352.25	1342.75	1349.0	1235174
2012-02-14 00:00:00	1349.25	1352.0	1337.75	1347.75	1739688
2012-02-15 00:00:00	1347.5	1358.0	1338.0	1342.25	2282387
2012-02-16 00:00:00	1341.75	1357.25	1334.25	1354.75	1962084
2012-02-17 00:00:00	1354.75	1361.25	1353.0	1359.75	1250939
2012-02-21 00:00:00	1366.75	1369.5	1355.75	1360.0	1584418
2012-02-22 00:00:00	1359.75	1364.0	1353.0	1356.0	1439240
2012-02-23 00:00:00	1356.0	1363.75	1350.25	1363.0	1602052
2012-02-24 00:00:00	1363.0	1368.5	1361.5	1363.25	1165825
2012-02-27 00:00:00	1363.25	1370.75	1353.0	1367.25	1662699
2012-02-28 00:00:00	1367.25	1373.75	1364.5	1371.5	1540432
2012-02-29 00:00:00	1371.25	1377.25	1356.75	1364.5	2280683
2012-03-01 00:00:00	1362.25	1375.25	1358.75	1374.5	1966089
2012-03-02 00:00:00	1374.5	1377.0	1365.0	1368.75	1458860
2012-03-05 00:00:00	1367.25	1369.5	1358.0	1364.5	1535936
2012-03-06 00:00:00	1364.0	1365.75	1338.5	1342.0	2450910
2012-03-07 00:00:00	1341.5	1354.25	1341.25	1352.75	1893777
2012-03-08 00:00:00	1352.75	1368.5	1350.5	1366.5	1832191
2012-03-09 00:00:00	1366.25	1374.5	1363.25	1372.5	1063406
2012-03-12 00:00:00	1372.75	1372.75	1366.0	1372.5	905373
2012-03-13 00:00:00	1372.5	1397.0	1371.5	1396.25	1026961
2012-03-14 00:00:00	1396.5	1399.75	1390.0	1394.25	511161
2012-03-15 00:00:00	1394.0	1403.0	1390.5	1401.75	354750
2012-03-16 00:00:00	1401.5	1406.25	1400.0	1405.75	1384158
2012-03-19 00:00:00	1397.25	1408.0	1393.5	1404.0	1525304
2012-03-20 00:00:00	1404.0	1405.0	1391.75	1400.0	1583682
2012-03-21 00:00:00	1400.0	1405.75	1394.25	1397.5	1533579
2012-03-22 00:00:00	1397.75	1400.75	1382.5	1389.0	1682418
2012-03-23 00:00:00	1389.0	1395.25	1380.5	1394.0	1559341
2012-03-26 00:00:00	1393.75	1415.5	1392.5	1415.0	1456063
2012-03-27 00:00:00	1415.0	1419.75	1406.0	1406.5	1251826
2012-03-28 00:00:00	1406.25	1412.25	1392.0	1400.25	1759121
2012-03-29 00:00:00	1399.5	1404.0	1386.25	1398.25	1827754
2012-03-30 00:00:00	1398.0	1406.25	1395.75	1403.25	1619524
2012-04-02 00:00:00	1407.25	1417.75	1399.0	1412.5	1718652
2012-04-03 00:00:00	1412.0	1414.25	1399.5	1408.75	1673086
2012-04-04 00:00:00	1409.0	1409.0	1388.5	1393.25	1834777
2012-04-05 00:00:00	1393.25	1397.75	1384.0	1390.25	1539342
2012-04-09 00:00:00	1375.0	1382.75	1371.75	1375.0	1083274
2012-04-10 00:00:00	1374.25	1380.75	1352.5	1357.0	2522310
2012-04-11 00:00:00	1357.75	1370.5	1357.5	1364.0	1739768
2012-04-12 00:00:00	1364.25	1386.25	1363.25	1386.0	1852924
2012-04-13 00:00:00	1385.75	1388.5	1363.75	1365.0	1936470
2012-04-16 00:00:00	1366.0	1375.25	1360.5	1364.0	1959799
2012-04-17 00:00:00	1364.25	1388.75	1359.25	1383.5	1848818
2012-04-18 00:00:00	1383.75	1386.75	1377.75	1378.25	1848236
2012-04-19 00:00:00	1378.75	1390.0	1365.5	1372.5	2631716
2012-04-20 00:00:00	1373.75	1383.25	1371.25	1375.25	1808442
2012-04-23 00:00:00	1372.25	1374.75	1354.0	1362.75	1848613
2012-04-24 00:00:00	1363.0	1371.25	1361.0	1370.0	1440903
2012-04-25 00:00:00	1370.75	1387.75	1369.5	1387.25	1827484
2012-04-26 00:00:00	1387.25	1398.25	1381.0	1396.75	1666603
2012-04-27 00:00:00	1396.75	1403.0	1386.5	1398.5	1616584
2012-04-30 00:00:00	1400.25	1402.5	1389.75	1393.5	1322300
2012-05-01 00:00:00	1394.25	1411.75	1391.25	1400.5	1305665
2012-05-02 00:00:00	1400.5	1404.75	1389.25	1397.5	1682321
2012-05-03 00:00:00	1397.5	1402.75	1384.5	1386.0	1761579
2012-05-04 00:00:00	1386.5	1389.0	1361.5	1362.5	2076198
2012-05-07 00:00:00	1354.0	1370.25	1342.5	1365.75	1610579
2012-05-08 00:00:00	1365.25	1368.0	1343.75	1358.5	2307638
2012-05-09 00:00:00	1359.0	1360.75	1339.25	1351.0	2523438
2012-05-10 00:00:00	1351.25	1363.75	1345.75	1357.5	1839321
2012-05-11 00:00:00	1357.5	1363.25	1344.0	1350.0	1840516
2012-05-14 00:00:00	1346.0	1351.0	1333.25	1334.0	1912994
2012-05-15 00:00:00	1334.5	1347.0	1325.5	1328.25	2402932
2012-05-16 00:00:00	1328.75	1339.75	1320.75	1322.5	2282620
2012-05-17 00:00:00	1323.0	1330.75	1300.5	1301.25	2906203
2012-05-18 00:00:00	1302.0	1310.5	1289.75	1290.75	2816411
2012-05-21 00:00:00	1291.75	1316.0	1287.25	1315.75	2051007
2012-05-22 00:00:00	1315.25	1326.5	1307.5	1314.75	2449269
2012-05-23 00:00:00	1315.5	1319.0	1294.0	1315.75	2555222
2012-05-24 00:00:00	1315.75	1323.5	1306.0	1322.5	2171218
2012-05-25 00:00:00	1322.5	1329.75	1312.0	1315.0	1521622
2012-05-29 00:00:00	1322.0	1334.25	1317.5	1333.5	2236090
2012-05-30 00:00:00	1333.5	1334.25	1308.0	1308.5	2313731
2012-05-31 00:00:00	1309.0	1319.0	1297.25	1309.25	2746687
2012-06-01 00:00:00	1306.25	1307.5	1273.5	1274.0	3278646
2012-06-04 00:00:00	1275.0	1281.5	1262.0	1273.0	2338973
2012-06-05 00:00:00	1273.25	1286.75	1267.5	1285.0	2035780
2012-06-06 00:00:00	1285.25	1315.75	1283.0	1315.5	2836135
2012-06-07 00:00:00	1315.25	1329.5	1312.0	1316.75	2584043
2012-06-08 00:00:00	1316.25	1329.5	1305.5	1328.75	1334158
2012-06-11 00:00:00	1342.0	1349.0	1306.25	1307.0	1171558
2012-06-12 00:00:00	1307.5	1327.25	1303.75	1326.75	817732
2012-06-13 00:00:00	1326.25	1327.75	1310.25	1315.5	511475
2012-06-14 00:00:00	1315.75	1334.5	1311.75	1333.0	485343
2012-06-15 00:00:00	1332.25	1339.75	1331.25	1335.75	1817397
2012-06-18 00:00:00	1345.25	1347.5	1327.25	1341.0	2074890
2012-06-19 00:00:00	1340.75	1357.0	1336.5	1350.5	1772340
2012-06-20 00:00:00	1350.0	1355.5	1338.75	1350.75	2364882
2012-06-21 00:00:00	1350.75	1353.25	1317.5	1318.25	2713717
2012-06-22 00:00:00	1318.5	1331.75	1318.25	1326.75	1859289
2012-06-25 00:00:00	1325.5	1326.5	1302.5	1306.5	1843892
2012-06-26 00:00:00	1306.75	1318.0	1303.25	1315.5	1810328
2012-06-27 00:00:00	1315.75	1328.5	1312.0	1325.5	1615882
2012-06-28 00:00:00	1325.75	1327.75	1306.75	1322.5	2291307
2012-06-29 00:00:00	1322.0	1359.5	1316.0	1356.5	2488982
2012-07-02 00:00:00	1358.75	1362.25	1349.5	1357.5	1688137
2012-07-03 00:00:00	1358.25	1369.5	1355.25	1368.0	1047073
2012-07-05 00:00:00	1366.5	1375.0	1357.0	1361.5	1885277
2012-07-06 00:00:00	1361.5	1364.0	1342.25	1351.75	1955639
2012-07-09 00:00:00	1349.25	1350.25	1341.0	1349.25	1473739
2012-07-10 00:00:00	1349.0	1356.5	1330.5	1335.5	2020477
2012-07-11 00:00:00	1335.0	1342.5	1327.75	1336.25	1912327
2012-07-12 00:00:00	1336.5	1339.5	1319.75	1329.25	1904895
2012-07-13 00:00:00	1329.25	1353.25	1328.75	1351.75	1758931
2012-07-16 00:00:00	1351.25	1352.5	1343.0	1347.5	1547166
2012-07-17 00:00:00	1347.25	1360.5	1339.25	1358.5	1970476
2012-07-18 00:00:00	1358.5	1370.5	1352.5	1367.25	1797575
2012-07-19 00:00:00	1367.25	1376.0	1366.0	1372.0	1743124
2012-07-20 00:00:00	1371.5	1372.0	1357.0	1358.25	1800661
2012-07-23 00:00:00	1355.5	1356.75	1332.0	1343.75	2078031
2012-07-24 00:00:00	1343.75	1346.5	1323.75	1329.5	2115725
2012-07-25 00:00:00	1331.0	1340.0	1321.25	1335.0	1840501
2012-07-26 00:00:00	1334.75	1358.75	1327.75	1354.75	2275727
2012-07-27 00:00:00	1354.75	1385.0	1352.75	1382.5	2495356
2012-07-30 00:00:00	1379.25	1387.5	1375.75	1380.5	1486890
2012-07-31 00:00:00	1380.0	1386.5	1371.0	1374.5	1774241
2012-08-01 00:00:00	1372.0	1381.5	1367.75	1370.5	1800024
2012-08-02 00:00:00	1370.0	1383.0	1349.25	1362.0	2835526
2012-08-03 00:00:00	1362.25	1390.5	1360.0	1389.0	1945915
2012-08-06 00:00:00	1390.25	1395.75	1387.25	1390.0	1171977
2012-08-07 00:00:00	1390.0	1403.25	1387.5	1397.0	1459898
2012-08-08 00:00:00	1396.5	1400.25	1390.5	1398.25	1227991
2012-08-09 00:00:00	1398.5	1403.75	1393.75	1400.5	1179356
2012-08-10 00:00:00	1400.25	1402.75	1392.0	1402.5	1246593
2012-08-13 00:00:00	1400.5	1404.0	1394.25	1402.5	1202738
2012-08-14 00:00:00	1402.0	1409.5	1397.25	1401.5	1435083
2012-08-15 00:00:00	1401.25	1405.75	1397.0	1403.5	1103484
2012-08-16 00:00:00	1403.5	1415.5	1401.75	1413.0	1495429
2012-08-17 00:00:00	1413.75	1416.75	1410.75	1415.25	1139564
2012-08-20 00:00:00	1415.0	1418.0	1409.5	1414.75	1110701
2012-08-21 00:00:00	1414.75	1424.75	1408.0	1412.5	1731248
2012-08-22 00:00:00	1412.75	1414.25	1404.25	1412.25	1675386
2012-08-23 00:00:00	1412.25	1418.0	1398.0	1400.0	1592212
2012-08-24 00:00:00	1399.75	1412.0	1395.25	1409.75	1572472
2012-08-27 00:00:00	1410.0	1416.0	1407.0	1408.25	932096
2012-08-28 00:00:00	1408.25	1412.0	1403.25	1407.75	1210117
2012-08-29 00:00:00	1407.25	1412.5	1404.75	1407.25	959745
2012-08-30 00:00:00	1407.0	1407.75	1395.25	1397.0	1217187
2012-08-31 00:00:00	1397.0	1412.25	1395.5	1405.0	2046718
2012-09-04 00:00:00	1406.25	1409.5	1394.5	1406.0	1680397
2012-09-05 00:00:00	1406.25	1408.25	1397.25	1403.5	1429039
2012-09-06 00:00:00	1403.5	1432.25	1403.25	1431.0	2040626
2012-09-07 00:00:00	1431.0	1438.75	1430.5	1438.25	1472193
2012-09-10 00:00:00	1436.75	1438.0	1425.75	1426.5	1096739
2012-09-11 00:00:00	1425.5	1437.5	1421.5	1430.5	1430082
2012-09-12 00:00:00	1430.5	1440.25	1428.5	1439.5	1725227
2012-09-13 00:00:00	1438.25	1464.25	1435.0	1457.25	2603518
2012-09-14 00:00:00	1456.5	1474.75	1456.5	1465.75	1291449
2012-09-17 00:00:00	1465.75	1465.75	1457.5	1460.75	676512
2012-09-18 00:00:00	1460.5	1463.25	1455.75	1459.25	762529
2012-09-19 00:00:00	1460.0	1465.5	1457.75	1459.5	457469
2012-09-20 00:00:00	1459.75	1461.75	1450.0	1460.5	309519
2012-09-21 00:00:00	1460.75	1469.25	1460.25	1468.25	1605312
2012-09-24 00:00:00	1450.25	1454.5	1444.75	1451.5	1261245
2012-09-25 00:00:00	1451.75	1457.0	1435.0	1437.25	1813743
2012-09-26 00:00:00	1436.75	1439.75	1424.0	1427.0	1793271
2012-09-27 00:00:00	1427.5	1444.5	1427.5	1441.0	1754826
2012-09-28 00:00:00	1441.0	1443.5	1429.0	1434.25	2101935
2012-10-01 00:00:00	1432.75	1451.5	1427.75	1437.0	1903230
2012-10-02 00:00:00	1436.5	1446.0	1432.25	1441.0	1610265
2012-10-03 00:00:00	1440.25	1448.75	1435.5	1444.75	1553817
2012-10-04 00:00:00	1444.0	1457.75	1444.0	1455.75	1566715
2012-10-05 00:00:00	1455.75	1466.0	1451.25	1455.5	1681666
2012-10-08 00:00:00	1457.25	1457.25	1447.5	1449.75	961596
2012-10-09 00:00:00	1449.75	1454.5	1435.25	1436.0	1956139
2012-10-10 00:00:00	1437.0	1437.75	1425.0	1426.25	1672672
2012-10-11 00:00:00	1425.75	1439.25	1421.25	1428.5	1585045
2012-10-12 00:00:00	1428.25	1434.5	1420.0	1421.5	1624836
2012-10-15 00:00:00	1423.5	1436.5	1416.5	1435.5	1525436
2012-10-16 00:00:00	1436.0	1451.5	1434.5	1449.25	1622289
2012-10-17 00:00:00	1449.25	1457.75	1446.25	1457.0	1534392
2012-10-18 00:00:00	1457.0	1459.75	1447.75	1451.5	1805949
2012-10-19 00:00:00	1451.25	1453.5	1423.5	1424.0	2400959
2012-10-22 00:00:00	1424.5	1431.25	1416.75	1430.0	1777803
2012-10-23 00:00:00	1430.75	1433.25	1402.0	1406.75	2303989
2012-10-24 00:00:00	1406.5	1415.0	1401.75	1405.25	1756752
2012-10-25 00:00:00	1406.25	1416.75	1399.5	1408.25	1808585
2012-10-26 00:00:00	1409.75	1412.5	1394.5	1407.5	2089898
2012-10-31 00:00:00	1412.5	1418.25	1400.5	1406.75	1775915
2012-11-01 00:00:00	1402.0	1425.0	1398.5	1423.25	1705976
2012-11-02 00:00:00	1423.25	1431.5	1405.0	1405.5	2089006
2012-11-05 00:00:00	1402.75	1415.5	1402.5	1412.0	1388947
2012-11-06 00:00:00	1411.0	1429.25	1409.75	1425.25	1481236
2012-11-07 00:00:00	1425.0	1431.75	1384.0	1389.0	3199570
2012-11-08 00:00:00	1390.25	1397.5	1372.5	1375.25	2615376
2012-11-09 00:00:00	1375.75	1388.0	1363.5	1375.75	2549324
2012-11-12 00:00:00	1375.25	1381.75	1372.5	1378.25	1138665
2012-11-13 00:00:00	1378.25	1386.25	1365.75	1371.0	1950603
2012-11-14 00:00:00	1373.25	1381.75	1349.5	1353.0	2448722
2012-11-15 00:00:00	1354.0	1359.0	1345.25	1351.25	2416674
2012-11-16 00:00:00	1351.5	1360.5	1340.25	1359.75	2605521
2012-11-19 00:00:00	1360.75	1385.75	1360.25	1382.5	1741462
2012-11-20 00:00:00	1380.0	1387.5	1374.0	1386.25	1548714
2012-11-21 00:00:00	1386.0	1389.75	1377.0	1388.25	1068642
2012-11-23 00:00:00	1389.0	1407.5	1387.25	1405.25	913304
2012-11-26 00:00:00	1403.25	1405.0	1395.0	1403.25	1220715
2012-11-27 00:00:00	1404.0	1407.75	1395.5	1397.5	1639215
2012-11-28 00:00:00	1397.5	1408.75	1383.0	1407.0	2128449
2012-11-29 00:00:00	1406.75	1418.5	1404.5	1415.75	1877829
2012-11-30 00:00:00	1411.5	1419.5	1409.75	1414.5	1686640
2012-12-03 00:00:00	1413.25	1424.0	1404.5	1407.0	1652126
2012-12-04 00:00:00	1406.0	1411.75	1401.5	1405.5	1619569
2012-12-05 00:00:00	1402.75	1414.75	1396.75	1408.25	2045099
2012-12-06 00:00:00	1406.5	1413.5	1404.0	1413.0	1382373
2012-12-07 00:00:00	1412.25	1422.25	1408.5	1416.0	1772166
2012-12-10 00:00:00	1416.0	1421.0	1410.75	1420.25	1136090
2012-12-11 00:00:00	1417.5	1434.25	1415.0	1431.5	1772202
2012-12-12 00:00:00	1431.25	1438.75	1425.75	1427.25	1833412
2012-12-13 00:00:00	1425.75	1431.5	1415.75	1418.0	1950507
2012-12-14 00:00:00	1416.75	1425.5	1411.5	1415.0	1043852
2012-12-17 00:00:00	1421.25	1434.25	1415.0	1432.5	856691
2012-12-18 00:00:00	1433.75	1448.25	1430.5	1445.75	875266
2012-12-19 00:00:00	1445.0	1450.5	1432.75	1437.25	505129
2012-12-20 00:00:00	1433.5	1446.25	1431.75	1445.5	343847
2012-12-21 00:00:00	1445.5	1446.5	1393.0	1424.75	2112856
2012-12-24 00:00:00	1424.25	1424.5	1417.5	1419.75	318126
2012-12-26 00:00:00	1424.0	1425.5	1410.75	1413.5	578176
2012-12-27 00:00:00	1413.25	1418.5	1396.0	1410.75	1470310
2012-12-28 00:00:00	1413.25	1416.75	1382.25	1384.0	1061849
2012-12-31 00:00:00	1388.25	1425.75	1383.5	1420.0	1480199
2013-01-02 00:00:00	1443.0	1458.0	1438.25	1457.0	1939767
2013-01-03 00:00:00	1456.0	1460.5	1450.0	1453.5	1598235
2013-01-04 00:00:00	1454.0	1463.0	1451.25	1457.75	1514786
2013-01-07 00:00:00	1460.25	1460.75	1450.75	1455.75	1199834
2013-01-08 00:00:00	1456.75	1457.0	1446.0	1452.25	1366996
2013-01-09 00:00:00	1451.5	1459.5	1451.25	1455.75	1193627
2013-01-10 00:00:00	1456.5	1470.25	1454.75	1467.0	1540850
2013-01-11 00:00:00	1469.75	1471.5	1462.25	1467.25	1150333
2013-01-14 00:00:00	1466.75	1471.25	1460.25	1464.25	1168502
2013-01-15 00:00:00	1465.0	1468.25	1456.5	1465.25	1324056
2013-01-16 00:00:00	1467.0	1469.0	1460.0	1465.5	1232690
2013-01-17 00:00:00	1465.0	1480.5	1460.5	1475.75	1745053
2013-01-18 00:00:00	1475.5	1481.0	1470.5	1479.0	1487277
2013-01-22 00:00:00	1478.0	1491.5	1475.0	1489.5	1474784
2013-01-23 00:00:00	1490.5	1491.25	1484.5	1490.25	1192172
2013-01-24 00:00:00	1483.25	1497.75	1482.75	1491.75	1828454
2013-01-25 00:00:00	1487.75	1499.25	1486.75	1495.75	1591858
2013-01-28 00:00:00	1495.75	1500.0	1491.25	1497.0	1206900
2013-01-29 00:00:00	1495.5	1505.75	1491.0	1505.0	1500028
2013-01-30 00:00:00	1505.0	1506.0	1493.5	1495.25	1798387
2013-01-31 00:00:00	1494.25	1500.0	1491.25	1493.25	1639166
2013-02-01 00:00:00	1496.0	1510.5	1495.75	1506.75	1779718
2013-02-04 00:00:00	1508.0	1508.5	1490.25	1493.5	1765571
2013-02-05 00:00:00	1492.5	1511.0	1492.25	1506.0	1741970
2013-02-06 00:00:00	1507.25	1510.25	1499.0	1506.75	1753717
2013-02-07 00:00:00	1507.25	1511.0	1494.5	1505.25	1960681
2013-02-08 00:00:00	1505.0	1515.0	1503.75	1512.5	1428025
2013-02-11 00:00:00	1513.5	1517.0	1509.75	1513.0	1229917
2013-02-12 00:00:00	1512.5	1519.0	1508.5	1516.25	1258561
2013-02-13 00:00:00	1517.5	1522.0	1513.0	1517.25	1269215
2013-02-14 00:00:00	1516.25	1520.75	1510.0	1518.5	1369303
2013-02-15 00:00:00	1518.75	1521.75	1511.25	1517.0	1732853
2013-02-19 00:00:00	1516.0	1529.0	1515.25	1528.0	1498369
2013-02-20 00:00:00	1528.75	1530.0	1506.5	1507.0	2018732
2013-02-21 00:00:00	1507.75	1509.75	1495.0	1501.0	2510874
2013-02-22 00:00:00	1502.25	1515.0	1502.0	1514.5	1763806
2013-02-25 00:00:00	1515.5	1524.5	1481.75	1487.25	3093507
2013-02-26 00:00:00	1485.5	1497.75	1482.75	1492.5	2933833
2013-02-27 00:00:00	1493.25	1519.25	1490.0	1515.75	2458935
2013-02-28 00:00:00	1516.25	1524.5	1508.75	1513.25	2199825
2013-03-01 00:00:00	1512.5	1519.0	1499.5	1516.5	2545008
2013-03-04 00:00:00	1514.75	1527.5	1507.0	1525.75	1980880
2013-03-05 00:00:00	1526.75	1542.75	1524.5	1537.0	2368997
2013-03-06 00:00:00	1539.0	1544.75	1537.0	1539.0	2091010
2013-03-07 00:00:00	1539.75	1545.5	1537.5	1542.75	1673556
2013-03-08 00:00:00	1542.75	1553.5	1540.25	1549.5	1136905
2013-03-11 00:00:00	1547.25	1557.25	1545.5	1556.0	755669
2013-03-12 00:00:00	1556.75	1557.0	1547.5	1552.5	795044
2013-03-13 00:00:00	1553.0	1557.0	1548.0	1556.0	505430
2013-03-14 00:00:00	1556.5	1563.5	1555.0	1562.25	368214
2013-03-15 00:00:00	1561.25	1565.0	1559.75	1561.25	1699828
2013-03-18 00:00:00	1544.0	1552.5	1529.5	1546.75	2193099
2013-03-19 00:00:00	1547.25	1551.25	1531.75	1542.25	2546167
2013-03-20 00:00:00	1539.25	1555.75	1536.5	1549.0	1802214
2013-03-21 00:00:00	1549.5	1550.75	1536.5	1539.0	1904151
2013-03-22 00:00:00	1538.5	1554.0	1535.0	1552.0	1579747
2013-03-25 00:00:00	1550.0	1560.5	1539.0	1547.0	2254735
2013-03-26 00:00:00	1548.25	1558.75	1546.75	1557.25	1594034
2013-03-27 00:00:00	1558.25	1560.5	1545.75	1556.75	1569031
2013-03-28 00:00:00	1556.75	1564.5	1549.75	1562.75	1627305
2013-04-01 00:00:00	1563.0	1565.0	1552.5	1556.0	1135817
2013-04-02 00:00:00	1556.25	1568.0	1554.25	1564.5	1609532
2013-04-03 00:00:00	1566.0	1567.75	1544.0	1548.5	2269317
2013-04-04 00:00:00	1548.5	1557.5	1546.0	1554.5	2004726
2013-04-05 00:00:00	1554.75	1555.25	1533.25	1546.0	2269710
2013-04-08 00:00:00	1545.5	1562.75	1543.0	1559.25	1444510
2013-04-09 00:00:00	1560.75	1569.0	1555.5	1563.25	1632380
2013-04-10 00:00:00	1563.75	1584.5	1561.0	1582.75	2034329
2013-04-11 00:00:00	1583.5	1593.0	1580.75	1587.75	1723235
2013-04-12 00:00:00	1588.25	1589.75	1575.0	1582.0	1809731
2013-04-15 00:00:00	1582.25	1583.0	1538.75	1543.5	2854380
2013-04-16 00:00:00	1542.5	1570.75	1542.25	1568.75	2252603
2013-04-17 00:00:00	1569.25	1569.5	1538.0	1546.0	2968750
2013-04-18 00:00:00	1544.5	1553.5	1530.75	1534.0	2316865
2013-04-19 00:00:00	1537.0	1550.75	1535.25	1547.5	1879483
2013-04-22 00:00:00	1548.5	1561.0	1542.75	1556.0	1594693
2013-04-23 00:00:00	1557.25	1577.0	1548.75	1573.5	2108112
2013-04-24 00:00:00	1573.5	1579.0	1570.75	1574.0	1421896
2013-04-25 00:00:00	1573.0	1588.25	1570.75	1581.75	1595167
2013-04-26 00:00:00	1581.5	1582.5	1572.5	1576.5	1335027
2013-04-29 00:00:00	1576.25	1592.25	1573.75	1588.25	1234877
2013-04-30 00:00:00	1588.5	1594.25	1581.25	1592.25	1555013
2013-05-01 00:00:00	1593.75	1595.5	1576.0	1577.25	1467806
2013-05-02 00:00:00	1579.25	1594.25	1578.75	1592.25	1652820
2013-05-03 00:00:00	1592.25	1614.25	1589.5	1608.5	1936845
2013-05-06 00:00:00	1608.25	1615.25	1607.25	1613.5	963963
2013-05-07 00:00:00	1612.5	1621.75	1609.25	1620.5	1507222
2013-05-08 00:00:00	1620.75	1629.5	1617.0	1628.75	1593279
2013-05-09 00:00:00	1628.25	1632.25	1620.0	1624.5	1825700
2013-05-10 00:00:00	1626.0	1631.0	1620.25	1629.5	1641619
2013-05-13 00:00:00	1625.5	1633.25	1621.5	1630.75	1328925
2013-05-14 00:00:00	1630.75	1648.75	1626.5	1648.0	2018666
2013-05-15 00:00:00	1647.5	1659.75	1642.75	1654.25	2123306
2013-05-16 00:00:00	1655.25	1658.75	1646.0	1648.0	1920088
2013-05-17 00:00:00	1649.5	1665.75	1648.25	1663.0	1923927
2013-05-20 00:00:00	1662.5	1670.75	1659.75	1664.5	1749840
2013-05-21 00:00:00	1663.5	1673.25	1660.0	1665.5	1694697
2013-05-22 00:00:00	1665.75	1685.75	1646.5	1655.5	2970647
2013-05-23 00:00:00	1657.5	1659.0	1632.75	1650.0	2681434
2013-05-24 00:00:00	1651.25	1655.25	1634.5	1650.5	1950868
2013-05-28 00:00:00	1650.0	1672.75	1644.25	1654.5	2091551
2013-05-29 00:00:00	1654.25	1656.75	1638.0	1647.0	2129262
2013-05-30 00:00:00	1646.5	1660.75	1641.0	1653.5	1773923
2013-05-31 00:00:00	1653.75	1658.0	1626.25	1629.0	2559471
2013-06-03 00:00:00	1629.5	1639.0	1620.75	1636.25	2530617
2013-06-04 00:00:00	1635.75	1645.75	1621.5	1631.25	2173999
2013-06-05 00:00:00	1629.25	1632.25	1605.5	1608.0	2648546
2013-06-06 00:00:00	1608.5	1624.25	1596.5	1622.75	2796168
2013-06-07 00:00:00	1622.0	1644.0	1618.0	1638.5	2382985
2013-06-10 00:00:00	1636.5	1648.5	1634.5	1642.0	1820611
2013-06-11 00:00:00	1642.0	1642.5	1621.5	1627.0	2590976
2013-06-12 00:00:00	1627.5	1638.25	1609.5	1610.0	2600131
2013-06-13 00:00:00	1610.75	1639.5	1597.5	1636.75	2359119
2013-06-14 00:00:00	1637.75	1640.75	1623.25	1624.25	1040616
2013-06-17 00:00:00	1624.5	1646.75	1624.0	1639.75	893732
2013-06-18 00:00:00	1640.75	1654.5	1638.0	1651.0	739743
2013-06-19 00:00:00	1652.5	1655.0	1626.25	1629.5	589660
2013-06-20 00:00:00	1627.25	1628.75	1583.75	1590.5	639744
2013-06-21 00:00:00	1590.5	1604.25	1589.5	1600.75	2982380
2013-06-24 00:00:00	1583.75	1586.25	1553.25	1566.25	2848089
2013-06-25 00:00:00	1566.5	1587.75	1558.25	1581.5	2020973
2013-06-26 00:00:00	1580.25	1601.25	1573.0	1595.5	1731510
2013-06-27 00:00:00	1596.75	1614.25	1594.75	1606.5	1601032
2013-06-28 00:00:00	1606.25	1614.5	1594.25	1599.25	2143749
2013-07-01 00:00:00	1600.25	1620.5	1593.25	1606.75	1551011
2013-07-02 00:00:00	1606.75	1618.5	1600.25	1607.25	1670998
2013-07-03 00:00:00	1607.0	1613.0	1594.0	1609.0	1031771
2013-07-05 00:00:00	1609.0	1630.75	1608.25	1627.25	1721212
2013-07-08 00:00:00	1628.5	1639.5	1626.0	1635.5	1317337
2013-07-09 00:00:00	1636.75	1649.0	1635.75	1645.5	1281034
2013-07-10 00:00:00	1647.0	1658.75	1641.25	1648.5	1460004
2013-07-11 00:00:00	1658.25	1671.75	1657.5	1670.0	1457417
2013-07-12 00:00:00	1669.0	1674.25	1666.25	1670.25	1144481
2013-07-15 00:00:00	1670.0	1679.5	1669.75	1677.5	911484
2013-07-16 00:00:00	1677.75	1679.5	1666.5	1671.25	1171424
2013-07-17 00:00:00	1671.75	1680.5	1665.75	1675.5	1413187
2013-07-18 00:00:00	1676.75	1688.5	1671.75	1680.5	1355890
2013-07-19 00:00:00	1680.0	1690.5	1675.25	1689.5	1145886
2013-07-22 00:00:00	1690.0	1694.25	1685.5	1690.25	900143
2013-07-23 00:00:00	1690.5	1695.5	1686.0	1688.25	979783
2013-07-24 00:00:00	1689.5	1695.25	1677.25	1683.75	1508386
2013-07-25 00:00:00	1684.0	1686.5	1671.75	1684.0	1425052
2013-07-26 00:00:00	1685.75	1689.0	1670.5	1686.5	1400373
2013-07-29 00:00:00	1686.5	1688.0	1676.5	1682.5	1100568
2013-07-30 00:00:00	1682.25	1688.5	1677.25	1684.75	1318504
2013-07-31 00:00:00	1684.0	1694.0	1680.25	1680.5	1981532
2013-08-01 00:00:00	1685.5	1703.75	1684.5	1700.25	1517822
2013-08-02 00:00:00	1702.25	1705.0	1695.75	1704.0	1216474
2013-08-05 00:00:00	1702.75	1705.0	1698.75	1702.5	856742
2013-08-06 00:00:00	1701.25	1703.5	1688.75	1694.0	1273487
2013-08-07 00:00:00	1692.75	1693.5	1680.5	1688.25	1384518
2013-08-08 00:00:00	1688.75	1697.0	1684.5	1693.75	1522504
2013-08-09 00:00:00	1694.0	1696.25	1682.5	1686.25	1662642
2013-08-12 00:00:00	1685.0	1688.5	1675.25	1687.0	1251215
2013-08-13 00:00:00	1688.0	1694.5	1679.25	1690.75	1604935
2013-08-14 00:00:00	1691.5	1693.25	1681.0	1682.0	1504592
2013-08-15 00:00:00	1680.5	1682.0	1654.25	1655.75	2399533
2013-08-16 00:00:00	1654.75	1662.0	1649.5	1651.0	1739935
2013-08-19 00:00:00	1651.0	1657.0	1642.25	1645.0	1468577
2013-08-20 00:00:00	1644.25	1656.75	1641.0	1650.5	1582327
2013-08-21 00:00:00	1651.0	1654.75	1634.0	1636.5	2121839
2013-08-22 00:00:00	1635.0	1657.75	1631.5	1654.75	1556777
2013-08-23 00:00:00	1655.5	1662.75	1650.5	1661.5	1307807
2013-08-26 00:00:00	1660.75	1667.5	1653.25	1654.25	1213990
2013-08-27 00:00:00	1654.5	1655.5	1626.25	1628.25	2249547
2013-08-28 00:00:00	1628.25	1639.25	1624.75	1632.25	1652221
2013-08-29 00:00:00	1630.5	1644.75	1627.75	1636.75	1743635
2013-08-30 00:00:00	1639.0	1645.0	1625.5	1631.25	1932571
2013-09-03 00:00:00	1640.25	1650.0	1630.75	1639.0	2318259
2013-09-04 00:00:00	1638.0	1655.25	1635.0	1653.5	1638385
2013-09-05 00:00:00	1654.75	1658.25	1650.5	1653.0	1254398
2013-09-06 00:00:00	1652.0	1664.0	1638.75	1653.5	2582191
2013-09-09 00:00:00	1652.0	1671.75	1652.0	1669.0	1483598
2013-09-10 00:00:00	1671.0	1683.25	1669.0	1682.5	1849907
2013-09-11 00:00:00	1682.25	1690.5	1677.75	1688.75	1843965
2013-09-12 00:00:00	1689.75	1690.0	1681.25	1685.0	1354307
2013-09-13 00:00:00	1684.75	1690.5	1680.5	1688.5	762611
2013-09-16 00:00:00	1698.5	1710.5	1694.75	1698.0	1005353
2013-09-17 00:00:00	1696.25	1706.75	1694.75	1705.0	727287
2013-09-18 00:00:00	1706.0	1729.75	1700.0	1724.5	666723
2013-09-19 00:00:00	1725.0	1733.25	1720.5	1724.25	419654
2013-09-20 00:00:00	1724.0	1727.25	1721.25	1726.75	1767531
2013-09-23 00:00:00	1706.5	1707.5	1689.5	1692.75	1671968
2013-09-24 00:00:00	1693.25	1701.0	1687.5	1692.5	1501832
2013-09-25 00:00:00	1692.25	1695.0	1684.5	1685.75	1639285
2013-09-26 00:00:00	1686.5	1697.5	1685.75	1692.5	1466733
2013-09-27 00:00:00	1694.5	1695.5	1680.0	1686.5	1432245
2013-09-30 00:00:00	1675.0	1681.0	1666.75	1674.25	2151896
2013-10-01 00:00:00	1678.5	1692.25	1675.25	1689.5	1762715
2013-10-02 00:00:00	1691.5	1691.75	1673.25	1683.0	1702460
2013-10-03 00:00:00	1683.0	1684.75	1663.25	1669.75	2263290
2013-10-04 00:00:00	1668.0	1686.0	1667.5	1684.75	1512965
2013-10-07 00:00:00	1676.75	1679.5	1666.5	1667.75	1599803
2013-10-08 00:00:00	1667.0	1671.5	1646.0	1650.5	2352160
2013-10-09 00:00:00	1648.0	1658.25	1640.0	1648.75	2485975
2013-10-10 00:00:00	1648.5	1687.75	1648.0	1685.0	2287318
2013-10-11 00:00:00	1683.0	1700.25	1673.0	1699.0	1558254
2013-10-14 00:00:00	1684.0	1706.75	1680.75	1704.25	1509558
2013-10-15 00:00:00	1706.25	1709.75	1689.5	1692.0	1872624
2013-10-16 00:00:00	1694.25	1717.0	1691.25	1713.25	1797067
2013-10-17 00:00:00	1712.0	1728.75	1706.25	1727.75	1669215
2013-10-18 00:00:00	1727.5	1740.25	1727.0	1736.5	1537541
2013-10-21 00:00:00	1738.0	1742.5	1734.75	1738.25	1138916
2013-10-22 00:00:00	1737.75	1754.5	1736.0	1749.5	1844860
2013-10-23 00:00:00	1749.5	1749.5	1734.5	1741.75	1520034
2013-10-24 00:00:00	1742.75	1751.75	1740.0	1748.5	1252875
2013-10-25 00:00:00	1748.0	1755.75	1742.75	1754.0	1253456
2013-10-28 00:00:00	1753.75	1762.25	1751.5	1759.0	1157924
2013-10-29 00:00:00	1759.0	1768.75	1754.5	1767.5	1189498
2013-10-30 00:00:00	1768.25	1773.25	1751.75	1760.5	1778748
2013-10-31 00:00:00	1757.75	1764.0	1750.25	1751.0	1885721
2013-11-01 00:00:00	1755.5	1761.25	1747.0	1754.75	1602379
2013-11-04 00:00:00	1754.0	1764.0	1753.25	1763.0	1005972
2013-11-05 00:00:00	1762.75	1764.0	1750.5	1756.5	1479362
2013-11-06 00:00:00	1757.25	1770.0	1755.75	1765.5	1322195
2013-11-07 00:00:00	1763.75	1774.5	1742.25	1745.25	2463701
2013-11-08 00:00:00	1744.75	1768.0	1736.5	1766.0	2071703
2013-11-11 00:00:00	1767.0	1770.25	1762.75	1767.5	960010
2013-11-12 00:00:00	1767.75	1769.75	1758.5	1765.0	1419105
2013-11-13 00:00:00	1764.75	1782.25	1754.25	1778.75	1682642
2013-11-14 00:00:00	1779.75	1789.0	1777.25	1787.75	1584763
2013-11-15 00:00:00	1787.75	1796.0	1786.5	1793.5	1227567
2013-11-18 00:00:00	1793.5	1799.75	1784.75	1788.75	1559073
2013-11-19 00:00:00	1789.5	1793.75	1782.0	1785.25	1587851
2013-11-20 00:00:00	1785.5	1794.25	1774.5	1779.75	2066306
2013-11-21 00:00:00	1779.5	1795.5	1775.75	1793.75	1390391
2013-11-22 00:00:00	1793.25	1803.25	1792.0	1801.25	1240120
2013-11-25 00:00:00	1802.0	1809.25	1798.5	1802.5	1114352
2013-11-26 00:00:00	1801.25	1807.0	1798.75	1802.0	1095564
2013-11-27 00:00:00	1802.0	1807.5	1801.25	1804.25	849593
2013-11-29 00:00:00	1804.5	1812.5	1802.75	1804.0	818602
2013-12-02 00:00:00	1806.25	1809.0	1797.0	1799.75	1330983
2013-12-03 00:00:00	1800.25	1801.75	1786.25	1791.5	1727930
2013-12-04 00:00:00	1792.0	1799.5	1777.75	1791.75	2107738
2013-12-05 00:00:00	1792.5	1794.25	1782.0	1784.0	1576138
2013-12-06 00:00:00	1784.5	1806.0	1784.25	1805.0	1757106
2013-12-09 00:00:00	1806.5	1811.5	1804.75	1809.0	1060287
2013-12-10 00:00:00	1809.25	1811.5	1801.0	1803.0	1174676
2013-12-11 00:00:00	1804.25	1808.0	1779.25	1780.75	2004200
2013-12-12 00:00:00	1780.75	1784.0	1771.75	1775.0	1833127
2013-12-13 00:00:00	1773.5	1783.0	1771.75	1774.75	994289
2013-12-16 00:00:00	1774.75	1792.5	1760.25	1786.5	869476
2013-12-17 00:00:00	1784.75	1789.0	1776.5	1779.25	748121
2013-12-18 00:00:00	1778.25	1812.75	1767.25	1810.75	711563
2013-12-19 00:00:00	1810.0	1813.0	1801.25	1808.5	387385
2013-12-20 00:00:00	1808.75	1813.0	1808.75	1810.25	1356110
2013-12-23 00:00:00	1817.0	1824.5	1816.75	1822.75	737153
2013-12-24 00:00:00	1822.75	1829.5	1820.5	1829.0	314408
2013-12-26 00:00:00	1830.0	1837.75	1829.75	1836.5	438937
2013-12-27 00:00:00	1836.5	1840.0	1833.25	1836.5	622702
2013-12-30 00:00:00	1836.0	1838.5	1833.5	1834.75	581577
2013-12-31 00:00:00	1835.5	1846.5	1834.25	1841.0	653055
2014-01-02 00:00:00	1837.75	1840.75	1821.75	1826.5	1243227
2014-01-03 00:00:00	1827.25	1833.0	1820.5	1825.5	961601
2014-01-06 00:00:00	1824.0	1832.5	1817.25	1820.75	1369207
2014-01-07 00:00:00	1819.75	1834.75	1819.5	1830.75	1162443
2014-01-08 00:00:00	1830.75	1834.75	1825.5	1832.5	1330414
2014-01-09 00:00:00	1831.75	1839.0	1824.25	1833.0	1324605
2014-01-10 00:00:00	1833.25	1842.5	1826.25	1837.75	1455887
2014-01-13 00:00:00	1838.5	1838.75	1809.5	1815.0	1710408
2014-01-14 00:00:00	1815.75	1834.25	1812.75	1833.0	1595178
2014-01-15 00:00:00	1833.0	1845.75	1831.5	1841.5	1260095
2014-01-16 00:00:00	1841.5	1843.75	1834.5	1836.25	952497
2014-01-17 00:00:00	1838.0	1842.75	1829.25	1834.25	1182782
2014-01-21 00:00:00	1834.0	1844.0	1826.25	1838.5	1329662
2014-01-22 00:00:00	1837.5	1843.25	1834.75	1838.5	941604
2014-01-23 00:00:00	1839.0	1844.0	1813.75	1824.25	1815516
2014-01-24 00:00:00	1824.0	1828.0	1780.0	1782.0	2566321
2014-01-27 00:00:00	1781.75	1792.0	1767.0	1775.75	2776036
2014-01-28 00:00:00	1771.25	1797.0	1771.0	1788.25	1726338
2014-01-29 00:00:00	1796.0	1801.25	1764.0	1771.25	2740741
2014-01-30 00:00:00	1770.0	1793.75	1767.75	1781.25	1824579
2014-01-31 00:00:00	1783.5	1788.25	1761.25	1776.5	2389820
2014-02-03 00:00:00	1777.5	1783.75	1732.25	1732.75	3026524
2014-02-04 00:00:00	1738.25	1753.5	1734.0	1743.75	2325416
2014-02-05 00:00:00	1744.25	1750.75	1732.0	1744.0	2075514
2014-02-06 00:00:00	1744.75	1769.75	1744.0	1766.5	1739245
2014-02-07 00:00:00	1768.0	1794.0	1758.25	1793.5	2344919
2014-02-10 00:00:00	1793.0	1796.0	1786.25	1794.75	1148560
2014-02-11 00:00:00	1795.25	1819.5	1794.25	1813.5	1764385
2014-02-12 00:00:00	1813.25	1823.25	1811.25	1817.0	1385941
2014-02-13 00:00:00	1816.75	1827.0	1802.25	1824.25	1645236
2014-02-14 00:00:00	1823.75	1838.75	1816.0	1835.0	1365228
2014-02-18 00:00:00	1833.5	1840.25	1831.5	1837.5	1210508
2014-02-19 00:00:00	1837.25	1844.5	1823.25	1825.5	1771087
2014-02-20 00:00:00	1826.0	1840.25	1817.25	1836.25	1608588
2014-02-21 00:00:00	1836.0	1844.0	1832.75	1834.25	1316655
2014-02-24 00:00:00	1835.25	1856.75	1829.25	1846.0	1612323
2014-02-25 00:00:00	1844.75	1851.0	1837.25	1846.25	1566204
2014-02-26 00:00:00	1847.5	1853.25	1838.0	1842.0	1464320
2014-02-27 00:00:00	1843.75	1855.75	1832.75	1854.0	1615828
2014-02-28 00:00:00	1854.5	1866.5	1845.25	1857.5	2106508
2014-03-03 00:00:00	1846.0	1849.5	1832.25	1843.0	2376689
2014-03-04 00:00:00	1843.75	1874.75	1843.5	1871.5	1750397
2014-03-05 00:00:00	1870.75	1875.5	1867.75	1872.5	1254803
2014-03-06 00:00:00	1873.75	1881.0	1871.0	1876.25	1283006
2014-03-07 00:00:00	1876.25	1887.5	1869.25	1878.0	1756169
2014-03-10 00:00:00	1875.5	1878.75	1865.75	1877.25	1167755
2014-03-11 00:00:00	1876.25	1882.25	1863.0	1865.25	1609666
2014-03-12 00:00:00	1864.75	1869.0	1853.75	1867.75	1666288
2014-03-13 00:00:00	1868.75	1875.0	1841.5	1846.75	2346907
2014-03-14 00:00:00	1847.25	1853.0	1839.0	1840.0	1309202
2014-03-17 00:00:00	1839.5	1862.75	1830.5	1857.75	797416
2014-03-18 00:00:00	1858.75	1874.0	1852.5	1870.75	871094
2014-03-19 00:00:00	1871.0	1874.5	1849.5	1859.75	640709
2014-03-20 00:00:00	1858.5	1874.25	1852.5	1873.75	344340
2014-03-21 00:00:00	1873.0	1882.0	1870.75	1881.75	1750423
2014-03-24 00:00:00	1855.5	1866.0	1841.25	1849.5	1835881
2014-03-25 00:00:00	1850.25	1864.5	1848.0	1859.25	1657649
2014-03-26 00:00:00	1859.0	1868.75	1841.5	1842.5	1898746
2014-03-27 00:00:00	1845.0	1848.5	1834.0	1840.5	2031166
2014-03-28 00:00:00	1843.5	1859.5	1841.5	1850.5	1502152
2014-03-31 00:00:00	1855.0	1868.0	1855.0	1864.5	1572419
2014-04-01 00:00:00	1864.5	1878.75	1862.25	1877.75	1213329
2014-04-02 00:00:00	1877.75	1886.25	1876.25	1883.0	1181442
2014-04-03 00:00:00	1882.75	1887.5	1875.5	1883.0	1239722
2014-04-04 00:00:00	1884.25	1892.5	1855.75	1860.0	2496813
2014-04-07 00:00:00	1861.0	1861.75	1834.5	1838.0	2179083
2014-04-08 00:00:00	1840.0	1849.0	1830.75	1845.0	1854828
2014-04-09 00:00:00	1845.0	1866.5	1843.75	1864.75	1414210
2014-04-10 00:00:00	1865.75	1867.5	1823.75	1827.0	2378458
2014-04-11 00:00:00	1829.5	1832.0	1807.25	1811.75	2527152
2014-04-14 00:00:00	1806.0	1828.0	1803.25	1824.5	1885532
2014-04-15 00:00:00	1825.0	1844.0	1809.25	1839.5	2609484
2014-04-16 00:00:00	1842.75	1857.0	1840.5	1852.75	1643896
2014-04-17 00:00:00	1852.5	1863.75	1847.25	1858.0	1255343
2014-04-21 00:00:00	1859.25	1865.5	1856.5	1864.5	533891
2014-04-22 00:00:00	1864.25	1878.75	1860.75	1874.0	1106460
2014-04-23 00:00:00	1873.0	1880.75	1867.5	1873.0	1000557
2014-04-24 00:00:00	1879.0	1882.5	1863.75	1873.0	1577086
2014-04-25 00:00:00	1872.5	1873.75	1853.0	1860.0	1507792
2014-04-28 00:00:00	1861.75	1871.75	1844.0	1866.0	2065197
2014-04-29 00:00:00	1866.0	1875.25	1865.0	1871.75	1219110
2014-04-30 00:00:00	1870.5	1880.25	1866.25	1878.0	1502102
2014-05-01 00:00:00	1879.5	1882.75	1871.5	1877.75	938351
2014-05-02 00:00:00	1878.75	1886.0	1872.0	1874.5	1717169
2014-05-05 00:00:00	1875.5	1880.0	1860.5	1875.75	1176754
2014-05-06 00:00:00	1877.5	1881.5	1861.75	1864.25	1379161
2014-05-07 00:00:00	1864.0	1875.75	1854.5	1874.25	1999538
2014-05-08 00:00:00	1874.75	1884.75	1865.0	1872.25	1753107
2014-05-09 00:00:00	1870.25	1875.0	1862.5	1873.5	1476536
2014-05-12 00:00:00	1874.0	1894.0	1874.0	1892.75	1183703
2014-05-13 00:00:00	1893.5	1898.5	1892.0	1894.25	1076997
2014-05-14 00:00:00	1894.75	1897.25	1882.25	1885.25	1186879
2014-05-15 00:00:00	1885.75	1888.5	1859.0	1867.25	2247238
2014-05-16 00:00:00	1867.0	1875.75	1861.25	1874.75	1522446
2014-05-19 00:00:00	1876.25	1883.0	1865.75	1882.25	1035685
2014-05-20 00:00:00	1881.5	1884.5	1864.75	1868.0	1564172
2014-05-21 00:00:00	1868.5	1886.5	1866.5	1885.0	1358710
2014-05-22 00:00:00	1883.75	1894.0	1882.75	1890.25	1026615
2014-05-23 00:00:00	1890.25	1899.25	1889.5	1897.0	761557
2014-05-27 00:00:00	1898.0	1910.0	1897.0	1909.25	922499
2014-05-28 00:00:00	1909.75	1914.0	1904.5	1909.0	1062079
2014-05-29 00:00:00	1909.75	1918.0	1907.25	1918.0	981817
2014-05-30 00:00:00	1917.0	1922.25	1914.25	1921.5	1169034
2014-06-02 00:00:00	1921.25	1924.25	1913.75	1921.75	1053526
2014-06-03 00:00:00	1921.5	1923.5	1916.0	1922.0	948001
2014-06-04 00:00:00	1922.75	1927.0	1916.0	1925.75	917108
2014-06-05 00:00:00	1925.5	1940.75	1921.0	1938.5	1676659
2014-06-06 00:00:00	1938.5	1949.75	1937.75	1949.25	1205739
2014-06-09 00:00:00	1949.25	1954.75	1945.75	1950.25	1026966
2014-06-10 00:00:00	1949.25	1951.75	1943.0	1950.5	1038073
2014-06-11 00:00:00	1950.75	1951.0	1938.5	1944.0	1348569
2014-06-12 00:00:00	1943.75	1947.75	1924.75	1930.5	1665612
2014-06-13 00:00:00	1930.75	1937.0	1926.5	1935.75	945294
2014-06-16 00:00:00	1934.25	1940.75	1926.5	1936.5	866802
2014-06-17 00:00:00	1936.5	1943.5	1931.25	1941.5	881102
2014-06-18 00:00:00	1941.5	1958.0	1938.0	1957.0	522409
2014-06-19 00:00:00	1956.0	1960.25	1952.25	1958.5	369578
2014-06-20 00:00:00	1957.5	1970.0	1956.75	1968.0	1162086
2014-06-23 00:00:00	1952.75	1959.75	1950.0	1953.0	1024411
2014-06-24 00:00:00	1951.25	1960.0	1939.75	1943.25	1530560
2014-06-25 00:00:00	1942.25	1953.25	1937.25	1949.5	1532088
2014-06-26 00:00:00	1948.75	1952.5	1936.25	1948.75	1486643
2014-06-27 00:00:00	1948.25	1954.0	1942.75	1952.0	1176129
2014-06-30 00:00:00	1951.75	1956.75	1948.0	1952.5	1155861
2014-07-01 00:00:00	1954.5	1971.75	1953.5	1965.75	1455654
2014-07-02 00:00:00	1966.25	1970.0	1964.5	1967.75	920982
2014-07-03 00:00:00	1968.0	1978.25	1966.0	1977.5	846127
2014-07-07 00:00:00	1975.75	1977.5	1967.25	1971.0	1151705
2014-07-08 00:00:00	1970.5	1970.75	1952.75	1960.5	1776514
2014-07-09 00:00:00	1960.5	1968.25	1958.25	1967.25	1393006
2014-07-10 00:00:00	1967.5	1968.25	1945.25	1957.75	1972746
2014-07-11 00:00:00	1957.25	1963.5	1953.0	1962.5	1364154
2014-07-14 00:00:00	1962.75	1974.0	1962.5	1971.0	1003831
2014-07-15 00:00:00	1971.25	1976.25	1958.75	1968.0	1905617
2014-07-16 00:00:00	1968.0	1978.0	1967.0	1974.75	1320381
2014-07-17 00:00:00	1971.25	1976.0	1948.5	1953.5	2441561
2014-07-18 00:00:00	1949.25	1974.25	1942.5	1971.5	1796625
2014-07-21 00:00:00	1970.25	1971.5	1959.0	1966.25	1414256
2014-07-22 00:00:00	1965.75	1980.5	1965.25	1975.0	1274851
2014-07-23 00:00:00	1973.0	1983.5	1972.75	1980.75	1149621
2014-07-24 00:00:00	1981.0	1985.75	1976.75	1980.75	1165644
2014-07-25 00:00:00	1978.75	1980.75	1968.0	1971.5	1426906
2014-07-28 00:00:00	1970.75	1976.0	1960.75	1973.0	1368020
2014-07-29 00:00:00	1972.5	1979.5	1962.0	1963.0	1509091
2014-07-30 00:00:00	1964.25	1974.25	1956.5	1965.0	1768972
2014-07-31 00:00:00	1965.0	1965.5	1923.5	1924.75	2772401
2014-08-01 00:00:00	1926.0	1932.25	1910.25	1918.5	2886317
2014-08-04 00:00:00	1919.5	1937.5	1914.75	1932.0	1605356
2014-08-05 00:00:00	1931.0	1933.25	1907.5	1913.0	2137277
2014-08-06 00:00:00	1914.75	1923.5	1903.0	1914.75	1705227
2014-08-07 00:00:00	1914.75	1925.75	1899.75	1905.25	1954046
2014-08-08 00:00:00	1905.25	1928.25	1890.25	1923.75	1904778
2014-08-11 00:00:00	1923.5	1941.0	1923.25	1932.5	1178957
2014-08-12 00:00:00	1934.0	1938.75	1923.5	1930.5	1234217
2014-08-13 00:00:00	1932.25	1946.5	1930.75	1944.75	1120054
2014-08-14 00:00:00	1946.0	1955.0	1942.0	1953.5	967191
2014-08-15 00:00:00	1954.25	1961.0	1937.25	1952.5	1813411
2014-08-18 00:00:00	1955.75	1969.0	1955.75	1967.5	890465
2014-08-19 00:00:00	1968.5	1979.75	1968.25	1977.25	868384
2014-08-20 00:00:00	1977.75	1986.0	1973.0	1983.25	1058754
2014-08-21 00:00:00	1982.75	1992.0	1980.75	1989.5	841545
2014-08-22 00:00:00	1989.75	1991.5	1981.5	1987.75	1115885
2014-08-25 00:00:00	1990.0	1999.75	1988.75	1995.0	853066
2014-08-26 00:00:00	1994.5	2002.75	1992.25	1998.5	878014
2014-08-27 00:00:00	1999.25	2000.5	1993.5	1997.0	761368
2014-08-28 00:00:00	1996.75	1999.5	1987.5	1996.75	1088971
2014-08-29 00:00:00	1999.25	2003.75	1992.25	2001.5	1042385
2014-09-02 00:00:00	1999.0	2006.25	1992.75	1999.75	1244899
2014-09-03 00:00:00	2000.5	2011.0	1996.25	1998.75	1297828
2014-09-04 00:00:00	1998.75	2010.0	1990.75	1997.75	1519084
2014-09-05 00:00:00	1999.0	2007.75	1988.25	2006.0	1693274
2014-09-08 00:00:00	2006.5	2006.75	1994.0	2000.5	1212909
2014-09-09 00:00:00	2000.25	2003.0	1983.25	1989.75	1768258
2014-09-10 00:00:00	1989.5	1996.25	1981.5	1995.0	1590462
2014-09-11 00:00:00	1994.5	1999.5	1985.0	1997.0	1742511
2014-09-12 00:00:00	1999.25	1999.25	1979.5	1984.75	1254423
2014-09-15 00:00:00	1981.75	1987.25	1972.0	1984.25	854380
2014-09-16 00:00:00	1984.75	2002.5	1978.5	1999.5	884642
2014-09-17 00:00:00	1999.5	2010.75	1991.25	2001.5	623841
2014-09-18 00:00:00	2003.5	2014.5	2001.0	2012.25	333677
2014-09-19 00:00:00	2013.5	2022.5	2013.25	2019.25	1670453
2014-09-22 00:00:00	2002.0	2003.0	1982.5	1986.25	1578996
2014-09-23 00:00:00	1984.0	1988.0	1968.25	1972.25	1631355
2014-09-24 00:00:00	1969.75	1992.5	1969.5	1991.0	1566690
2014-09-25 00:00:00	1990.75	1991.5	1957.75	1961.5	2318873
2014-09-26 00:00:00	1961.0	1979.25	1956.5	1976.0	1680945
2014-09-29 00:00:00	1974.75	1977.0	1955.5	1969.5	1786769
2014-09-30 00:00:00	1968.75	1978.25	1960.5	1965.5	1991628
2014-10-01 00:00:00	1961.0	1967.0	1933.75	1940.75	2450968
2014-10-02 00:00:00	1940.75	1945.75	1918.25	1938.5	2721573
2014-10-03 00:00:00	1938.5	1964.5	1935.75	1960.25	1556834
2014-10-06 00:00:00	1961.0	1971.0	1950.5	1956.0	1727529
2014-10-07 00:00:00	1953.25	1956.25	1924.25	1928.0	2166031
2014-10-08 00:00:00	1926.25	1964.0	1918.0	1961.75	2521875
2014-10-09 00:00:00	1961.5	1968.5	1915.25	1925.0	3103761
2014-10-10 00:00:00	1917.0	1931.25	1893.25	1894.25	3069299
2014-10-13 00:00:00	1892.0	1906.0	1863.75	1865.5	2948075
2014-10-14 00:00:00	1866.25	1892.75	1864.75	1874.75	3114778
2014-10-15 00:00:00	1878.25	1883.25	1813.0	1846.75	4661757
2014-10-16 00:00:00	1846.75	1869.75	1815.25	1850.5	3368379
2014-10-17 00:00:00	1853.0	1891.75	1851.0	1881.0	2579053
2014-10-20 00:00:00	1884.0	1904.5	1872.25	1900.0	1653127
2014-10-21 00:00:00	1903.5	1939.75	1885.75	1938.0	2239114
2014-10-22 00:00:00	1938.25	1943.75	1920.25	1925.0	2022453
2014-10-23 00:00:00	1924.5	1956.25	1922.25	1946.0	2014997
2014-10-24 00:00:00	1946.0	1961.25	1931.75	1959.75	1601260
2014-10-27 00:00:00	1960.25	1965.75	1944.5	1957.0	1452059
2014-10-28 00:00:00	1957.75	1980.75	1956.75	1980.0	1571000
2014-10-29 00:00:00	1976.0	1985.75	1962.0	1972.25	1895667
2014-10-30 00:00:00	1971.75	1994.25	1959.25	1988.5	1980796
2014-10-31 00:00:00	1987.75	2016.75	1986.75	2011.5	1924396
2014-11-03 00:00:00	2011.25	2019.25	2007.0	2011.0	1361523
2014-11-04 00:00:00	2010.5	2013.75	1995.25	2005.5	1524332
2014-11-05 00:00:00	2006.25	2020.5	2003.75	2018.75	1574778
2014-11-06 00:00:00	2018.5	2029.25	2010.75	2028.0	1434905
2014-11-07 00:00:00	2027.25	2033.5	2020.5	2026.0	1282437
2014-11-10 00:00:00	2025.75	2035.0	2021.0	2034.0	967814
2014-11-11 00:00:00	2033.75	2039.0	2031.0	2036.5	779708
2014-11-12 00:00:00	2036.5	2037.25	2026.75	2036.0	1082280
2014-11-13 00:00:00	2034.75	2043.75	2026.75	2034.0	1541477
2014-11-14 00:00:00	2033.0	2039.75	2032.0	2038.0	1047384
2014-11-17 00:00:00	2038.5	2040.5	2025.25	2039.75	1061143
2014-11-18 00:00:00	2039.25	2054.0	2035.75	2048.5	1146480
2014-11-19 00:00:00	2048.75	2050.5	2037.75	2047.25	1188471
2014-11-20 00:00:00	2047.0	2052.75	2035.25	2052.0	1130058
2014-11-21 00:00:00	2052.25	2072.25	2049.75	2061.75	1634315
2014-11-24 00:00:00	2062.25	2069.0	2060.75	2067.5	793915
2014-11-25 00:00:00	2067.25	2073.0	2062.75	2067.5	977855
2014-11-26 00:00:00	2068.25	2075.25	2065.25	2072.25	743541
2014-11-28 00:00:00	2074.0	2074.75	2063.5	2066.25	783116
2014-12-01 00:00:00	2063.25	2064.0	2048.25	2050.75	1471696
2014-12-02 00:00:00	2051.0	2068.0	2050.75	2066.0	1152160
2014-12-03 00:00:00	2066.5	2076.0	2063.25	2072.5	925314
2014-12-04 00:00:00	2073.0	2077.25	2061.25	2072.0	1374378
2014-12-05 00:00:00	2071.75	2079.0	2068.5	2076.0	1148282
2014-12-08 00:00:00	2075.75	2077.5	2053.75	2059.5	1414138
2014-12-09 00:00:00	2060.25	2062.25	2033.25	2057.5	1893729
2014-12-10 00:00:00	2057.75	2060.0	2023.25	2026.5	2376052
2014-12-11 00:00:00	2026.25	2056.5	2023.75	2031.0	2255859
2014-12-12 00:00:00	2029.5	2032.25	1996.5	1997.25	1487564
2014-12-15 00:00:00	1998.75	2019.25	1981.5	1990.0	1128936
2014-12-16 00:00:00	1991.25	2018.0	1968.25	1971.5	1219044
2014-12-17 00:00:00	1973.5	2017.0	1972.75	2014.25	785286
2014-12-18 00:00:00	2013.75	2068.0	2010.75	2065.0	538248
2014-12-19 00:00:00	2066.0	2079.75	2061.25	2065.0	1765615
2014-12-22 00:00:00	2065.0	2076.0	2064.0	2072.5	858554
2014-12-23 00:00:00	2073.0	2084.5	2071.5	2079.0	777814
2014-12-24 00:00:00	2078.75	2083.5	2077.0	2078.75	235054
2014-12-26 00:00:00	2078.75	2088.75	2078.5	2084.25	309281
2014-12-29 00:00:00	2086.0	2088.75	2076.0	2085.75	636345
2014-12-30 00:00:00	2087.5	2088.5	2073.0	2076.75	718028
2014-12-31 00:00:00	2076.25	2082.75	2050.75	2052.5	836223
2015-01-02 00:00:00	2055.0	2067.25	2038.75	2046.25	1358348
2015-01-05 00:00:00	2045.75	2048.25	2009.5	2016.0	2033774
2015-01-06 00:00:00	2019.0	2023.5	1984.25	1994.5	2345361
2015-01-07 00:00:00	1996.5	2023.75	1995.75	2019.5	1760658
2015-01-08 00:00:00	2020.5	2058.5	2020.25	2055.0	1555733
2015-01-09 00:00:00	2053.75	2062.0	2031.25	2035.25	1907571
2015-01-12 00:00:00	2034.5	2048.25	2015.25	2022.5	1622204
2015-01-13 00:00:00	2023.75	2051.75	2001.0	2016.0	2496445
2015-01-14 00:00:00	2017.25	2019.5	1981.25	2007.5	2516599
2015-01-15 00:00:00	2009.75	2027.25	1978.25	1989.0	2259660
2015-01-16 00:00:00	1980.75	2014.25	1970.25	2013.0	2017979
2015-01-20 00:00:00	2013.5	2026.5	1997.5	2016.75	1807759
2015-01-21 00:00:00	2015.75	2032.75	2005.25	2026.5	1639269
2015-01-22 00:00:00	2026.75	2059.25	2019.25	2056.5	1834361
2015-01-23 00:00:00	2056.5	2062.5	2042.25	2044.0	1353089
2015-01-26 00:00:00	2035.0	2055.0	2025.5	2053.5	1264468
2015-01-27 00:00:00	2054.0	2054.75	2013.25	2030.0	1957000
2015-01-28 00:00:00	2036.5	2046.5	1991.25	1991.5	2087277
2015-01-29 00:00:00	1993.5	2020.0	1982.0	2018.5	2124643
2015-01-30 00:00:00	2019.25	2020.5	1986.25	1988.5	2353992
2015-02-02 00:00:00	1990.5	2018.5	1973.75	2017.0	2038824
2015-02-03 00:00:00	2015.0	2044.0	2007.0	2042.0	1705780
2015-02-04 00:00:00	2040.5	2049.25	2022.75	2030.0	1696963
2015-02-05 00:00:00	2025.0	2058.75	2020.75	2055.0	1343547
2015-02-06 00:00:00	2056.25	2068.0	2044.5	2053.0	1722475
2015-02-09 00:00:00	2050.0	2051.75	2036.5	2042.5	1289419
2015-02-10 00:00:00	2043.75	2066.5	2040.5	2062.25	1397704
2015-02-11 00:00:00	2062.75	2079.5	2053.25	2065.75	1295469
2015-02-12 00:00:00	2071.5	2085.5	2058.5	2084.0	1433910
2015-02-13 00:00:00	2083.0	2095.0	2081.5	2093.5	1224925
2015-02-17 00:00:00	2091.25	2098.75	2080.75	2096.0	1234818
2015-02-18 00:00:00	2096.5	2098.5	2088.5	2095.5	1088179
2015-02-19 00:00:00	2095.25	2099.5	2087.25	2095.25	1143901
2015-02-20 00:00:00	2096.0	2108.75	2082.25	2107.0	1645222
2015-02-23 00:00:00	2107.25	2108.25	2099.75	2106.75	849695
2015-02-24 00:00:00	2106.25	2115.75	2102.75	2113.75	1080747
2015-02-25 00:00:00	2113.75	2117.75	2107.25	2110.25	974711
2015-02-26 00:00:00	2110.5	2114.75	2101.5	2110.0	1176136
2015-02-27 00:00:00	2109.5	2111.0	2100.75	2102.75	1207187
2015-03-02 00:00:00	2104.0	2115.5	2100.5	2114.0	1075660
2015-03-03 00:00:00	2114.0	2114.5	2095.5	2104.75	1360995
2015-03-04 00:00:00	2104.75	2104.75	2085.25	2096.5	1490440
2015-03-05 00:00:00	2096.5	2103.5	2093.25	2099.75	1097593
2015-03-06 00:00:00	2099.5	2103.5	2065.5	2070.75	1901150
2015-03-09 00:00:00	2073.5	2082.5	2066.0	2077.75	1189658
2015-03-10 00:00:00	2077.5	2078.0	2041.25	2042.0	1903455
2015-03-11 00:00:00	2044.25	2052.25	2038.25	2039.5	1707510
2015-03-12 00:00:00	2042.0	2066.5	2038.25	2064.0	1628622
2015-03-13 00:00:00	2064.25	2068.75	2040.0	2049.75	1209436
2015-03-16 00:00:00	2050.75	2081.75	2044.5	2076.5	946436
2015-03-17 00:00:00	2074.5	2078.75	2064.25	2074.5	953277
2015-03-18 00:00:00	2074.25	2107.75	2060.5	2100.5	644412
2015-03-19 00:00:00	2101.0	2107.25	2085.0	2090.5	341006
2015-03-20 00:00:00	2088.5	2105.5	2086.5	2101.25	1417654
2015-03-23 00:00:00	2097.75	2107.0	2093.25	2094.75	957576
2015-03-24 00:00:00	2094.0	2101.0	2083.0	2085.0	1193863
2015-03-25 00:00:00	2085.25	2089.25	2052.25	2053.75	1777447
2015-03-26 00:00:00	2056.0	2058.75	2033.25	2048.5	1842218
2015-03-27 00:00:00	2050.0	2057.75	2041.0	2052.5	1158856
2015-03-30 00:00:00	2052.75	2081.75	2047.25	2075.5	1236364
2015-03-31 00:00:00	2074.75	2076.75	2056.25	2060.75	1596352
2015-04-01 00:00:00	2058.0	2060.75	2033.5	2053.0	1818878
2015-04-02 00:00:00	2055.25	2064.75	2044.0	2059.5	1047174
2015-04-06 00:00:00	2039.5	2080.0	2038.75	2073.25	948447
2015-04-07 00:00:00	2071.5	2082.75	2066.0	2067.75	1048474
2015-04-08 00:00:00	2068.5	2080.25	2064.5	2076.0	1217049
2015-04-09 00:00:00	2077.75	2087.0	2066.75	2085.75	1211778
2015-04-10 00:00:00	2086.0	2096.25	2083.0	2095.5	880529
2015-04-13 00:00:00	2095.25	2101.25	2085.25	2086.5	1080267
2015-04-14 00:00:00	2087.0	2092.75	2075.75	2091.0	1267366
2015-04-15 00:00:00	2091.75	2105.5	2087.25	2099.75	1045308
2015-04-16 00:00:00	2101.5	2104.75	2089.0	2100.75	1113607
2015-04-17 00:00:00	2101.25	2101.75	2064.5	2075.5	1822841
2015-04-20 00:00:00	2081.0	2097.5	2078.5	2091.0	1119881
2015-04-21 00:00:00	2089.5	2105.25	2087.25	2091.0	1052404
2015-04-22 00:00:00	2092.0	2103.75	2080.25	2100.25	1188586
2015-04-23 00:00:00	2099.25	2114.5	2087.5	2107.0	1362552
2015-04-24 00:00:00	2107.5	2114.75	2103.0	2111.75	958312
2015-04-27 00:00:00	2113.25	2119.75	2100.25	2104.75	1210483
2015-04-28 00:00:00	2103.75	2112.5	2088.25	2112.0	1476513
2015-04-29 00:00:00	2110.75	2112.5	2090.5	2099.0	1739720
2015-04-30 00:00:00	2098.25	2102.0	2070.25	2079.0	2026329
2015-05-01 00:00:00	2082.75	2102.5	2080.5	2101.5	1022085
2015-05-04 00:00:00	2101.75	2115.0	2098.0	2109.25	1000837
2015-05-05 00:00:00	2109.5	2111.75	2081.5	2084.0	1590274
2015-05-06 00:00:00	2085.5	2093.75	2061.25	2074.25	1756254
2015-05-07 00:00:00	2074.75	2088.25	2057.0	2084.25	1437746
2015-05-08 00:00:00	2085.25	2113.5	2084.0	2108.5	1379447
2015-05-11 00:00:00	2110.0	2113.5	2095.75	2097.75	1147278
2015-05-12 00:00:00	2097.75	2101.0	2079.25	2095.0	1483837
2015-05-13 00:00:00	2096.25	2106.5	2091.5	2094.5	1341325
2015-05-14 00:00:00	2096.0	2118.25	2092.0	2117.5	1104560
2015-05-15 00:00:00	2117.25	2122.75	2113.25	2119.0	1023893
2015-05-18 00:00:00	2119.25	2128.75	2112.25	2126.0	917101
2015-05-19 00:00:00	2126.75	2134.0	2121.25	2124.5	1001397
2015-05-20 00:00:00	2124.25	2132.25	2119.25	2122.5	1011268
2015-05-21 00:00:00	2120.75	2132.0	2115.0	2128.0	794479
2015-05-22 00:00:00	2129.25	2131.0	2122.75	2124.5	765943
2015-05-26 00:00:00	2124.5	2127.0	2096.0	2105.0	1589652
2015-05-27 00:00:00	2105.75	2124.25	2101.25	2121.0	1290556
2015-05-28 00:00:00	2120.0	2122.75	2110.5	2121.75	1082365
2015-05-29 00:00:00	2121.75	2122.75	2102.25	2106.0	1692162
2015-06-01 00:00:00	2107.0	2117.75	2100.25	2109.25	1338859
2015-06-02 00:00:00	2111.0	2116.0	2094.0	2106.75	1442814
2015-06-03 00:00:00	2107.0	2120.75	2106.75	2116.0	1314954
2015-06-04 00:00:00	2116.25	2116.5	2091.25	2099.0	1717287
2015-06-05 00:00:00	2098.75	2102.75	2083.5	2092.25	1460654
2015-06-08 00:00:00	2092.0	2093.25	2076.25	2078.25	1290922
2015-06-09 00:00:00	2080.0	2084.75	2068.75	2080.0	1449695
2015-06-10 00:00:00	2080.75	2108.0	2080.0	2107.0	1665519
2015-06-11 00:00:00	2106.0	2114.75	2103.25	2109.25	1480514
2015-06-12 00:00:00	2109.0	2109.25	2090.25	2093.0	1134193
2015-06-15 00:00:00	2087.0	2089.75	2071.25	2084.0	1082004
2015-06-16 00:00:00	2083.5	2098.25	2070.5	2097.5	795763
2015-06-17 00:00:00	2097.75	2107.0	2087.0	2097.5	550648
2015-06-18 00:00:00	2097.25	2127.5	2090.5	2123.0	430533
2015-06-19 00:00:00	2123.25	2126.5	2118.25	2118.5	1239246
2015-06-22 00:00:00	2105.75	2122.0	2103.5	2112.75	1095709
2015-06-23 00:00:00	2114.75	2120.5	2111.25	2116.5	837133
2015-06-24 00:00:00	2117.5	2118.5	2099.0	2099.5	1163124
2015-06-25 00:00:00	2101.25	2112.75	2092.0	2094.0	1218149
2015-06-26 00:00:00	2094.75	2100.75	2086.25	2095.75	1321884
2015-06-29 00:00:00	2064.0	2083.25	2047.25	2050.5	2292340
2015-06-30 00:00:00	2054.5	2069.0	2046.75	2054.5	2381572
2015-07-01 00:00:00	2054.5	2077.5	2054.5	2071.0	1496815
2015-07-02 00:00:00	2071.5	2079.0	2062.25	2068.75	1252317
2015-07-06 00:00:00	2068.5	2071.75	2034.25	2064.5	1973058
2015-07-07 00:00:00	2067.75	2078.0	2035.0	2073.75	2531662
2015-07-08 00:00:00	2073.0	2073.25	2036.25	2039.25	2393226
2015-07-09 00:00:00	2039.75	2068.0	2038.25	2041.25	1981972
2015-07-10 00:00:00	2044.75	2074.75	2044.75	2069.0	1573858
2015-07-13 00:00:00	2054.75	2094.75	2052.0	2094.5	1333579
2015-07-14 00:00:00	2094.0	2105.5	2090.5	2102.0	955518
2015-07-15 00:00:00	2102.5	2107.75	2095.0	2104.25	1147598
2015-07-16 00:00:00	2104.0	2118.5	2102.75	2117.0	1107382
2015-07-17 00:00:00	2117.0	2120.0	2112.75	2118.75	903686
2015-07-20 00:00:00	2118.0	2126.25	2116.5	2122.0	937630
2015-07-21 00:00:00	2121.25	2125.0	2106.75	2114.5	1209300
2015-07-22 00:00:00	2107.75	2112.0	2102.25	2108.0	1224393
2015-07-23 00:00:00	2109.25	2113.75	2091.5	2098.5	1437249
2015-07-24 00:00:00	2101.0	2104.0	2069.75	2077.5	1669725
2015-07-27 00:00:00	2078.25	2080.75	2056.5	2064.5	1781810
2015-07-28 00:00:00	2065.5	2089.0	2061.5	2087.25	1725788
2015-07-29 00:00:00	2088.0	2104.25	2084.5	2101.5	1397228
2015-07-30 00:00:00	2099.5	2104.25	2087.75	2103.75	1286157
2015-07-31 00:00:00	2101.75	2109.25	2095.25	2098.5	1602805
2015-08-03 00:00:00	2098.75	2102.5	2080.0	2091.0	1512106
2015-08-04 00:00:00	2090.5	2096.25	2081.5	2083.0	1327878
2015-08-05 00:00:00	2082.5	2107.0	2082.25	2093.75	1384241
2015-08-06 00:00:00	2094.0	2099.25	2070.0	2079.5	1608876
2015-08-07 00:00:00	2080.0	2082.75	2062.0	2073.5	1596391
2015-08-10 00:00:00	2072.0	2101.25	2071.75	2099.75	1198912
2015-08-11 00:00:00	2100.75	2101.75	2070.75	2079.75	1783349
2015-08-12 00:00:00	2080.75	2085.25	2046.5	2084.25	2364321
2015-08-13 00:00:00	2082.75	2093.0	2073.25	2080.5	1496065
2015-08-14 00:00:00	2079.25	2090.5	2073.75	2089.5	1069465
2015-08-17 00:00:00	2089.5	2100.5	2074.75	2099.25	1292437
2015-08-18 00:00:00	2098.25	2103.75	2090.25	2094.0	1135552
2015-08-19 00:00:00	2093.25	2098.0	2066.5	2072.75	2289064
2015-08-20 00:00:00	2073.5	2077.75	2024.5	2025.5	2583142
2015-08-21 00:00:00	2026.25	2029.0	1967.25	1971.5	4168331
2015-08-24 00:00:00	1964.5	1964.75	1831.0	1871.25	5258752
2015-08-25 00:00:00	1872.75	1948.5	1860.0	1872.75	3658827
2015-08-26 00:00:00	1876.0	1943.0	1850.5	1938.0	3527300
2015-08-27 00:00:00	1941.25	1990.25	1934.5	1989.25	2940255
2015-08-28 00:00:00	1988.25	1992.75	1967.25	1989.75	1968514
2015-08-31 00:00:00	1986.25	1987.75	1959.25	1969.25	1876279
2015-09-01 00:00:00	1965.5	1966.25	1898.75	1916.0	2822050
2015-09-02 00:00:00	1913.5	1949.0	1907.25	1947.0	2178629
2015-09-03 00:00:00	1947.5	1973.5	1942.0	1946.0	2054305
2015-09-04 00:00:00	1947.25	1949.25	1907.75	1921.75	2138986
2015-09-08 00:00:00	1916.75	1968.75	1915.75	1965.75	1880634
2015-09-09 00:00:00	1966.5	1992.0	1935.5	1942.75	2144217
2015-09-10 00:00:00	1943.75	1967.25	1928.5	1949.5	2270403
2015-09-11 00:00:00	1949.5	1962.5	1937.25	1960.25	1045267
2015-09-14 00:00:00	1963.75	1974.25	1946.5	1954.0	893365
2015-09-15 00:00:00	1953.25	1983.0	1945.0	1979.75	1034822
2015-09-16 00:00:00	1979.75	1999.0	1972.75	1998.25	0
2015-09-17 00:00:00	1997.0	2021.5	1982.5	1987.75	0
2015-09-18 00:00:00	1988.0	1993.75	1954.75	1960.0	2423501
2015-09-21 00:00:00	1949.25	1969.0	1938.5	1963.0	1513503
2015-09-22 00:00:00	1964.25	1965.0	1917.75	1932.0	1985152
2015-09-23 00:00:00	1930.5	1941.75	1910.5	1928.5	1423965
2015-09-24 00:00:00	1931.75	1936.25	1897.25	1918.75	2218286
2015-09-25 00:00:00	1913.25	1951.0	1910.25	1919.25	2080724
2015-09-28 00:00:00	1915.5	1929.75	1868.75	1872.0	2354063
2015-09-29 00:00:00	1876.25	1889.75	1861.0	1874.5	2374651
2015-09-30 00:00:00	1875.0	1910.5	1871.25	1908.75	2216643
2015-10-01 00:00:00	1902.5	1929.5	1890.25	1916.75	2052465
2015-10-02 00:00:00	1917.0	1943.75	1883.0	1943.0	2466082
2015-10-05 00:00:00	1941.0	1980.0	1937.25	1974.75	1675519
2015-10-06 00:00:00	1973.0	1982.25	1962.5	1968.5	1606289
2015-10-07 00:00:00	1961.0	1991.25	1960.5	1987.25	1937061
2015-10-08 00:00:00	1987.75	2008.75	1971.0	2006.5	1803978
2015-10-09 00:00:00	2004.0	2014.0	1998.75	2007.5	1378359
2015-10-12 00:00:00	2005.25	2014.0	2001.75	2011.0	804576
2015-10-13 00:00:00	2012.0	2014.75	1991.25	1994.0	1518662
2015-10-14 00:00:00	1991.5	2001.75	1982.5	1984.0	1780661
2015-10-15 00:00:00	1985.75	2019.5	1985.0	2019.0	1731138
2015-10-16 00:00:00	2018.25	2026.5	2012.25	2025.5	1362298
2015-10-19 00:00:00	2024.5	2028.0	2014.25	2027.5	1306548
2015-10-20 00:00:00	2026.5	2031.5	2018.5	2020.5	1276349
2015-10-21 00:00:00	2019.75	2034.25	2007.5	2008.5	1791221
2015-10-22 00:00:00	2010.5	2056.0	2008.5	2053.0	2099217
2015-10-23 00:00:00	2054.25	2074.5	2053.25	2066.0	2067465
2015-10-26 00:00:00	2066.0	2068.0	2057.5	2062.25	1184323
2015-10-27 00:00:00	2063.75	2064.75	2051.25	2060.5	1243601
2015-10-28 00:00:00	2062.0	2085.25	2055.5	2084.5	1890861
2015-10-29 00:00:00	2081.0	2086.5	2073.25	2083.0	1407730
2015-10-30 00:00:00	2084.75	2094.75	2069.75	2073.75	1751269
2015-11-02 00:00:00	2073.0	2100.0	2064.25	2095.5	1284044
2015-11-03 00:00:00	2093.25	2110.25	2089.0	2103.0	1348316
2015-11-04 00:00:00	2102.5	2109.75	2090.5	2094.75	1546504
2015-11-05 00:00:00	2095.5	2104.75	2084.0	2094.0	1538081
2015-11-06 00:00:00	2094.75	2099.0	2077.5	2093.75	1846631
2015-11-09 00:00:00	2092.0	2097.75	2062.0	2073.0	1856213
2015-11-10 00:00:00	2072.25	2079.0	2064.5	2078.0	1286098
2015-11-11 00:00:00	2076.5	2087.25	2067.75	2069.0	1171396
2015-11-12 00:00:00	2068.5	2077.5	2039.5	2040.5	1807653
2015-11-13 00:00:00	2040.5	2046.0	2011.5	2018.5	2128939
2015-11-16 00:00:00	2006.5	2051.0	1998.5	2048.0	1711062
2015-11-17 00:00:00	2047.75	2063.5	2041.5	2049.0	1621036
2015-11-18 00:00:00	2049.75	2082.5	2043.0	2079.75	1543330
2015-11-19 00:00:00	2078.25	2089.25	2075.25	2079.25	1284869
2015-11-20 00:00:00	2078.25	2094.5	2076.0	2088.75	1273905
2015-11-23 00:00:00	2089.75	2093.0	2078.25	2084.25	976103
2015-11-24 00:00:00	2083.0	2091.5	2065.5	2084.75	1517871
2015-11-25 00:00:00	2084.0	2092.5	2082.25	2088.0	746319
2015-11-27 00:00:00	2089.5	2098.25	2081.5	2090.0	653387
2015-11-30 00:00:00	2089.5	2095.0	2078.5	2079.75	1389020
2015-12-01 00:00:00	2085.5	2101.5	2083.5	2100.0	1482186
2015-12-02 00:00:00	2099.5	2105.0	2075.0	2081.5	1725833
2015-12-03 00:00:00	2083.25	2095.25	2040.0	2051.25	2655148
2015-12-04 00:00:00	2053.25	2093.0	2046.75	2088.5	2269530
2015-12-07 00:00:00	2092.25	2095.5	2064.5	2081.0	1699318
2015-12-08 00:00:00	2080.0	2081.5	2050.25	2058.75	2005017
2015-12-09 00:00:00	2059.5	2079.75	2034.25	2042.0	2690846
2015-12-10 00:00:00	2045.75	2067.0	2043.75	2049.25	1814232
2015-12-11 00:00:00	2050.75	2056.25	2005.0	2009.75	1577785
2015-12-14 00:00:00	2008.0	2028.25	1992.25	2018.5	1269316
2015-12-15 00:00:00	2021.75	2054.0	2019.0	2045.5	1039906
2015-12-16 00:00:00	2046.0	2077.0	2040.0	2072.0	575717
2015-12-17 00:00:00	2069.75	2082.25	2032.5	2034.25	408498
2015-12-18 00:00:00	2033.25	2040.25	2022.0	2032.5	2118900
2015-12-21 00:00:00	1997.25	2019.5	1995.25	2015.0	1275266
2015-12-22 00:00:00	2017.0	2036.5	2007.25	2036.0	1144898
2015-12-23 00:00:00	2034.0	2057.75	2030.75	2053.0	1003982
2015-12-24 00:00:00	2052.75	2059.75	2049.0	2051.25	325205
2015-12-28 00:00:00	2051.25	2054.5	2035.25	2048.75	696448
2015-12-29 00:00:00	2049.75	2074.5	2047.5	2072.75	832686
2015-12-30 00:00:00	2072.0	2075.0	2053.5	2054.5	720601
2015-12-31 00:00:00	2055.25	2057.75	2030.25	2035.5	1029390
2016-01-04 00:00:00	2037.75	2043.5	1980.25	2009.0	2216549
2016-01-05 00:00:00	2009.0	2017.0	1992.25	2011.75	1688974
2016-01-06 00:00:00	2010.75	2013.25	1970.5	1986.0	2237518
2016-01-07 00:00:00	1987.75	1991.0	1928.5	1933.0	2969295
2016-01-08 00:00:00	1936.5	1964.75	1910.0	1911.5	2694404
2016-01-11 00:00:00	1909.25	1929.0	1892.5	1914.25	2490336
2016-01-12 00:00:00	1913.5	1940.25	1899.0	1925.0	2428110
2016-01-13 00:00:00	1922.5	1946.5	1878.0	1881.5	2899958
2016-01-14 00:00:00	1883.75	1927.5	1871.0	1914.5	3045826
2016-01-15 00:00:00	1913.5	1921.0	1849.25	1875.0	3441956
2016-01-19 00:00:00	1869.75	1907.5	1856.25	1873.0	2796679
2016-01-20 00:00:00	1871.75	1878.5	1804.25	1855.0	3929776
2016-01-21 00:00:00	1854.75	1883.25	1836.25	1861.0	2729407
2016-01-22 00:00:00	1858.5	1902.25	1855.75	1899.25	2106526
2016-01-25 00:00:00	1899.5	1904.25	1867.5	1870.25	1640401
2016-01-26 00:00:00	1871.75	1899.75	1851.25	1896.0	1780235
2016-01-27 00:00:00	1885.25	1910.0	1864.5	1875.0	2113363
2016-01-28 00:00:00	1880.0	1902.5	1865.75	1880.75	2254109
2016-01-29 00:00:00	1878.75	1933.0	1876.5	1930.0	2406399
2016-02-01 00:00:00	1929.75	1940.0	1912.5	1931.25	1748062
2016-02-02 00:00:00	1928.5	1929.25	1889.0	1897.5	2102411
2016-02-03 00:00:00	1895.0	1912.25	1865.0	1908.5	2848193
2016-02-04 00:00:00	1907.75	1922.25	1890.25	1907.75	2255360
2016-02-05 00:00:00	1905.25	1914.5	1865.75	1875.25	2320680
2016-02-08 00:00:00	1876.25	1884.5	1821.75	1852.0	2674512
2016-02-09 00:00:00	1849.75	1863.75	1825.75	1848.25	2792208
2016-02-10 00:00:00	1850.0	1877.75	1838.5	1846.75	2359881
2016-02-11 00:00:00	1842.25	1847.25	1802.5	1824.5	3203999
2016-02-12 00:00:00	1827.25	1860.75	1822.5	1858.25	2018154
2016-02-16 00:00:00	1865.25	1892.75	1865.0	1888.75	2034059
2016-02-17 00:00:00	1888.25	1928.0	1881.5	1922.75	1854185
2016-02-18 00:00:00	1926.75	1933.5	1911.25	1916.5	1615605
2016-02-19 00:00:00	1917.5	1922.75	1898.5	1914.5	1616647
2016-02-22 00:00:00	1911.0	1943.75	1908.25	1936.25	1425321
2016-02-23 00:00:00	1934.0	1938.0	1913.75	1916.0	1600879
2016-02-24 00:00:00	1914.0	1933.75	1886.75	1930.25	2315370
2016-02-25 00:00:00	1933.0	1951.5	1920.25	1950.5	1844284
2016-02-26 00:00:00	1949.0	1968.75	1941.25	1942.75	1876651
2016-02-29 00:00:00	1943.0	1956.25	1926.5	1929.5	1826411
2016-03-01 00:00:00	1928.0	1978.5	1920.75	1978.0	2035550
2016-03-02 00:00:00	1976.25	1984.75	1966.25	1983.5	1821662
2016-03-03 00:00:00	1981.75	1992.5	1974.75	1990.5	1555391
2016-03-04 00:00:00	1991.0	2007.5	1984.0	1995.0	2247812
2016-03-07 00:00:00	1994.5	2004.5	1984.5	1999.0	1633347
2016-03-08 00:00:00	1999.0	2000.25	1976.0	1981.0	1931272
2016-03-09 00:00:00	1981.75	1994.0	1978.0	1989.0	1744984
2016-03-10 00:00:00	1990.0	2010.25	1967.25	1988.75	2738172
2016-03-11 00:00:00	1988.5	2022.25	1987.5	2020.0	1220530
2016-03-14 00:00:00	2019.25	2024.5	2012.0	2018.75	880362
2016-03-15 00:00:00	2019.0	2019.5	2004.5	2015.75	923452
2016-03-16 00:00:00	2016.25	2032.25	2006.5	2027.0	580253
2016-03-17 00:00:00	2026.75	2046.75	2015.75	2039.75	479136
2016-03-18 00:00:00	2041.5	2048.75	2037.0	2048.0	1775664
2016-03-21 00:00:00	2036.5	2044.5	2031.0	2042.75	1278261
2016-03-22 00:00:00	2043.25	2047.5	2028.75	2042.5	1496196
2016-03-23 00:00:00	2043.0	2045.25	2025.25	2028.75	1557185
2016-03-24 00:00:00	2028.0	2030.25	2012.25	2028.5	1524072
2016-03-28 00:00:00	2030.25	2039.75	2022.0	2028.0	907834
2016-03-29 00:00:00	2027.75	2049.25	2019.25	2047.5	1549483
2016-03-30 00:00:00	2048.5	2064.5	2046.75	2055.25	1627085
2016-03-31 00:00:00	2055.5	2059.75	2047.25	2051.5	1736311
2016-04-01 00:00:00	2052.75	2067.0	2035.25	2065.0	2051323
2016-04-04 00:00:00	2064.0	2071.5	2054.25	2057.5	1380117
2016-04-05 00:00:00	2055.5	2055.5	2034.25	2038.75	1827488
2016-04-06 00:00:00	2042.0	2060.5	2035.0	2060.25	1894599
2016-04-07 00:00:00	2059.75	2062.0	2026.0	2035.0	2052195
2016-04-08 00:00:00	2034.5	2054.25	2030.25	2040.75	1768420
2016-04-11 00:00:00	2041.0	2056.5	2032.5	2034.5	1679757
2016-04-12 00:00:00	2032.5	2058.5	2029.25	2055.75	1831285
2016-04-13 00:00:00	2055.25	2077.0	2054.0	2076.0	1637033
2016-04-14 00:00:00	2076.25	2081.75	2068.5	2076.5	1363745
2016-04-15 00:00:00	2077.75	2080.0	2069.5	2075.0	1230494
2016-04-18 00:00:00	2064.25	2088.75	2058.5	2086.75	1400343
2016-04-19 00:00:00	2085.25	2098.5	2084.75	2093.75	1565161
2016-04-20 00:00:00	2094.25	2105.25	2085.75	2098.0	1464683
2016-04-21 00:00:00	2097.75	2104.0	2078.75	2082.75	1638276
2016-04-22 00:00:00	2079.75	2089.0	2075.0	2086.0	1497994
2016-04-25 00:00:00	2091.5	2091.5	2071.0	2083.25	1280888
2016-04-26 00:00:00	2084.25	2091.25	2079.5	2088.5	1225834
2016-04-27 00:00:00	2082.25	2094.0	2076.25	2090.75	1420203
2016-04-28 00:00:00	2092.5	2094.25	2065.25	2072.5	1938653
2016-04-29 00:00:00	2073.75	2076.0	2045.75	2059.0	2419757
2016-05-02 00:00:00	2060.75	2077.5	2055.5	2074.25	1306173
2016-05-03 00:00:00	2075.5	2076.25	2048.0	2057.0	1827577
2016-05-04 00:00:00	2057.5	2060.25	2039.0	2047.0	1557981
2016-05-05 00:00:00	2046.5	2060.0	2039.5	2044.0	1433289
2016-05-06 00:00:00	2043.5	2054.5	2030.5	2052.75	1813432
2016-05-09 00:00:00	2053.0	2059.75	2048.25	2054.25	1370423
2016-05-10 00:00:00	2054.0	2079.75	2048.0	2077.5	1416966
2016-05-11 00:00:00	2077.25	2078.75	2057.5	2058.0	1471852
2016-05-12 00:00:00	2059.0	2072.75	2048.5	2058.75	1799103
2016-05-13 00:00:00	2059.25	2063.5	2038.5	2043.5	1878403
2016-05-16 00:00:00	2041.25	2068.5	2035.0	2062.75	1421736
2016-05-17 00:00:00	2062.0	2069.5	2036.75	2043.5	1988181
2016-05-18 00:00:00	2043.75	2057.75	2030.75	2041.5	2085972
2016-05-19 00:00:00	2043.5	2044.75	2022.0	2038.75	2055973
2016-05-20 00:00:00	2038.75	2055.5	2037.25	2050.0	1583721
2016-05-23 00:00:00	2053.25	2056.0	2043.5	2045.25	1183296
2016-05-24 00:00:00	2045.0	2077.25	2041.25	2075.0	1603195
2016-05-25 00:00:00	2075.0	2092.5	2073.5	2087.25	1442270
2016-05-26 00:00:00	2088.75	2091.75	2082.5	2089.75	968439
2016-05-27 00:00:00	2090.5	2098.75	2088.0	2097.25	1035175
2016-05-31 00:00:00	2100.0	2103.75	2086.0	2095.0	1631254
2016-06-01 00:00:00	2094.0	2099.25	2083.25	2098.0	1317565
2016-06-02 00:00:00	2096.75	2104.75	2086.75	2103.75	1299962
2016-06-03 00:00:00	2103.5	2106.0	2082.75	2097.75	1746160
2016-06-06 00:00:00	2097.5	2112.25	2094.0	2108.25	1272974
2016-06-07 00:00:00	2108.25	2118.0	2106.5	2110.25	1125951
2016-06-08 00:00:00	2110.25	2119.75	2106.5	2118.0	1308451
2016-06-09 00:00:00	2117.75	2118.5	2106.25	2114.25	1644419
2016-06-10 00:00:00	2113.75	2114.0	2088.5	2096.25	1244099
2016-06-13 00:00:00	2089.25	2098.25	2075.75	2078.75	1222789
2016-06-14 00:00:00	2077.0	2081.75	2063.25	2074.5	1163137
2016-06-15 00:00:00	2072.75	2086.25	2068.75	2071.75	609849
2016-06-16 00:00:00	2070.5	2080.0	2050.0	2079.25	426215
2016-06-17 00:00:00	2077.75	2083.0	2073.75	2078.5	1833560
2016-06-20 00:00:00	2071.0	2092.5	2070.25	2074.25	1598465
2016-06-21 00:00:00	2079.0	2086.0	2074.0	2080.5	1400709
2016-06-22 00:00:00	2079.25	2091.25	2075.25	2076.75	1419838
2016-06-23 00:00:00	2083.0	2113.25	2083.0	2105.75	1314510
2016-06-24 00:00:00	2115.75	2119.5	1999.0	2018.5	4174598
2016-06-27 00:00:00	2013.75	2022.5	1981.5	1985.0	3021015
2016-06-28 00:00:00	1982.5	2029.75	1982.25	2028.5	2285755
2016-06-29 00:00:00	2028.25	2074.75	2022.75	2066.75	2065151
2016-06-30 00:00:00	2072.25	2091.25	2056.5	2090.25	2301226
2016-07-01 00:00:00	2086.5	2100.75	2081.5	2096.25	1665376
2016-07-05 00:00:00	2099.75	2104.75	2072.5	2082.75	1862935
2016-07-06 00:00:00	2084.0	2094.5	2065.75	2094.0	2054794
2016-07-07 00:00:00	2092.0	2102.0	2081.75	2092.0	1666356
2016-07-08 00:00:00	2092.0	2125.5	2087.5	2120.5	1962358
2016-07-11 00:00:00	2120.25	2136.75	2120.0	2130.25	1467322
2016-07-12 00:00:00	2130.75	2149.25	2128.5	2145.75	1704053
2016-07-13 00:00:00	2145.75	2152.25	2139.5	2146.0	1633489
2016-07-14 00:00:00	2145.25	2168.0	2142.75	2157.25	1782561
2016-07-15 00:00:00	2156.5	2164.75	2143.25	2152.75	1518276
2016-07-18 00:00:00	2154.5	2163.25	2152.75	2160.0	1205765
2016-07-19 00:00:00	2160.0	2160.75	2151.25	2158.75	1151631
2016-07-20 00:00:00	2159.0	2169.75	2155.25	2167.5	1134131
2016-07-21 00:00:00	2168.25	2170.25	2153.5	2158.0	1300678
2016-07-22 00:00:00	2159.0	2169.25	2156.0	2167.5	1133059
2016-07-25 00:00:00	2167.75	2172.5	2155.75	2162.25	1264905
2016-07-26 00:00:00	2162.75	2168.0	2153.75	2163.25	1609035
2016-07-27 00:00:00	2166.0	2169.25	2152.0	2160.5	1642569
2016-07-28 00:00:00	2162.75	2168.5	2153.5	2164.75	1622142
2016-07-29 00:00:00	2165.5	2171.75	2157.5	2168.25	1718155
2016-08-01 00:00:00	2174.0	2177.75	2159.75	2164.5	1659094
2016-08-02 00:00:00	2166.0	2171.0	2141.5	2152.75	1958950
2016-08-03 00:00:00	2152.25	2158.25	2145.25	2157.0	1371176
2016-08-04 00:00:00	2156.75	2164.25	2154.0	2159.25	1239577
2016-08-05 00:00:00	2159.5	2178.5	2159.25	2176.75	1370482
2016-08-08 00:00:00	2176.0	2183.0	2173.25	2175.5	970557
2016-08-09 00:00:00	2176.0	2183.5	2173.75	2177.5	1191826
2016-08-10 00:00:00	2178.0	2181.5	2167.75	2172.75	1371937
2016-08-11 00:00:00	2172.5	2185.25	2170.0	2181.75	1326004
2016-08-12 00:00:00	2181.75	2184.0	2175.5	2180.25	1270055
2016-08-15 00:00:00	2180.75	2190.75	2180.5	2186.0	1090675
2016-08-16 00:00:00	2186.0	2186.25	2175.25	2176.75	1391768
2016-08-17 00:00:00	2177.5	2182.0	2165.5	2179.75	1702425
2016-08-18 00:00:00	2180.75	2184.5	2176.25	2183.5	1201115
2016-08-19 00:00:00	2183.5	2184.25	2172.5	2181.75	1431860
2016-08-22 00:00:00	2181.75	2184.5	2173.5	2181.5	1543249
2016-08-23 00:00:00	2180.75	2191.5	2179.25	2185.25	1125503
2016-08-24 00:00:00	2185.75	2187.75	2168.75	2175.0	1508048
2016-08-25 00:00:00	2175.0	2177.25	2167.5	2173.5	1501328
2016-08-26 00:00:00	2174.0	2186.75	2157.5	2168.5	2535682
2016-08-29 00:00:00	2167.75	2182.25	2164.5	2179.25	1245215
2016-08-30 00:00:00	2180.0	2181.5	2168.5	2175.25	1372345
2016-08-31 00:00:00	2175.75	2176.25	2159.5	2169.5	1864629
2016-09-01 00:00:00	2169.0	2177.25	2154.75	2167.25	1943431
2016-09-02 00:00:00	2166.25	2183.75	2164.25	2178.0	1700143
2016-09-06 00:00:00	2179.25	2186.25	2173.0	2184.5	1627643
2016-09-07 00:00:00	2185.25	2186.75	2177.5	2184.5	1459543
2016-09-08 00:00:00	2184.5	2189.25	2175.75	2177.5	2105651
2016-09-09 00:00:00	2177.25	2178.25	2119.75	2122.75	2073225
2016-09-12 00:00:00	2121.75	2162.75	2107.0	2158.5	1450133
2016-09-13 00:00:00	2156.25	2157.5	2119.0	2128.75	1201101
2016-09-14 00:00:00	2131.75	2141.25	2118.75	2120.25	661156
2016-09-15 00:00:00	2121.75	2151.5	2114.75	2145.0	398401
2016-09-16 00:00:00	2143.75	2144.25	2135.5	2141.75	2064530
2016-09-19 00:00:00	2132.25	2146.75	2127.75	2133.0	1527880
2016-09-20 00:00:00	2133.75	2143.5	2129.0	2131.0	1385876
2016-09-21 00:00:00	2130.0	2157.5	2126.25	2156.25	1826950
2016-09-22 00:00:00	2156.25	2172.75	2152.75	2168.25	1523998
2016-09-23 00:00:00	2168.25	2169.5	2156.0	2158.0	1448300
2016-09-26 00:00:00	2156.25	2159.5	2136.75	2139.75	1602771
2016-09-27 00:00:00	2139.25	2154.0	2132.75	2152.75	1659780
2016-09-28 00:00:00	2152.0	2165.25	2144.0	2163.25	1733016
2016-09-29 00:00:00	2162.25	2167.0	2137.25	2148.5	2306654
2016-09-30 00:00:00	2145.75	2168.25	2135.75	2160.5	1989690
2016-10-03 00:00:00	2158.75	2164.0	2146.75	2153.25	1406125
2016-10-04 00:00:00	2153.75	2159.75	2136.0	2144.75	2143439
2016-10-05 00:00:00	2144.25	2158.0	2141.0	2153.25	1369566
2016-10-06 00:00:00	2153.25	2157.25	2143.25	2156.5	1209239
2016-10-07 00:00:00	2155.25	2161.5	2138.0	2146.5	1958026
2016-10-11 00:00:00	2159.5	2160.75	2121.75	2134.5	2243746
2016-10-12 00:00:00	2133.0	2140.75	2126.25	2131.5	1483026
2016-10-13 00:00:00	2127.75	2132.25	2107.75	2126.25	2195134
2016-10-14 00:00:00	2126.25	2143.25	2122.25	2127.0	1841156
2016-10-17 00:00:00	2126.25	2130.0	2116.75	2123.0	1251946
2016-10-18 00:00:00	2122.5	2139.75	2120.25	2132.0	1139317
2016-10-19 00:00:00	2131.5	2142.5	2126.5	2138.0	948475
2016-10-20 00:00:00	2137.5	2144.5	2126.75	2137.0	1611098
2016-10-21 00:00:00	2136.0	2138.5	2123.25	2134.75	1409837
2016-10-24 00:00:00	2137.0	2149.0	2134.75	2144.25	1010790
2016-10-25 00:00:00	2144.75	2149.75	2135.25	2138.0	1198210
2016-10-26 00:00:00	2135.25	2140.0	2124.75	2134.0	1548442
2016-10-27 00:00:00	2133.75	2143.75	2122.5	2123.5	1795356
2016-10-28 00:00:00	2127.25	2135.25	2112.5	2123.75	2391182
2016-10-31 00:00:00	2120.0	2130.5	2114.75	2120.0	1371713
2016-11-01 00:00:00	2123.5	2129.5	2091.0	2103.75	2257062
2016-11-02 00:00:00	2102.25	2106.5	2087.25	2092.25	2013595
2016-11-03 00:00:00	2088.25	2098.75	2079.75	2083.5	1795490
2016-11-04 00:00:00	2084.0	2094.25	2078.75	2080.0	2079129
2016-11-07 00:00:00	2106.0	2130.75	2102.75	2129.0	1761750
2016-11-08 00:00:00	2129.0	2143.25	2119.0	2135.5	1751369
2016-11-09 00:00:00	2138.0	2166.75	2028.5	2160.25	5280237
2016-11-10 00:00:00	2159.5	2180.5	2147.75	2167.25	3132340
2016-11-14 00:00:00	2164.5	2174.5	2152.25	2160.5	1815339
2016-11-15 00:00:00	2161.0	2179.75	2158.5	2179.25	1443589
2016-11-16 00:00:00	2179.0	2185.0	2168.75	2172.75	1327887
2016-11-17 00:00:00	2172.5	2185.5	2171.75	2184.25	1350348
2016-11-18 00:00:00	2184.0	2187.5	2176.5	2180.75	1280719
2016-11-21 00:00:00	2179.5	2196.5	2178.5	2193.0	1233201
2016-11-22 00:00:00	2193.25	2203.0	2191.75	2200.25	1257560
2016-11-23 00:00:00	2201.25	2203.5	2192.0	2200.75	1101994
2016-11-25 00:00:00	2201.0	2211.75	2197.5	2211.25	561560
2016-11-28 00:00:00	2208.0	2209.5	2198.25	2200.75	1371374
2016-11-29 00:00:00	2200.25	2209.5	2196.25	2203.75	1405556
2016-11-30 00:00:00	2203.25	2213.75	2197.25	2198.75	1960189
2016-12-01 00:00:00	2199.5	2203.0	2186.0	2192.0	2148721
2016-12-02 00:00:00	2190.5	2197.25	2184.25	2192.0	1682042
2016-12-05 00:00:00	2184.0	2208.75	2179.0	2204.25	1663731
2016-12-06 00:00:00	2205.0	2212.0	2200.25	2210.0	1483946
2016-12-07 00:00:00	2211.25	2241.25	2206.75	2236.75	2328449
2016-12-08 00:00:00	2236.5	2251.5	2232.5	2247.75	2109978
2016-12-09 00:00:00	2246.75	2261.25	2245.0	2260.0	1090581
2016-12-12 00:00:00	2260.75	2270.25	2252.25	2256.0	1019782
2016-12-13 00:00:00	2256.0	2278.25	2253.25	2273.25	1053815
2016-12-14 00:00:00	2273.25	2277.0	2248.0	2257.0	767129
2016-12-15 00:00:00	2256.0	2272.75	2252.25	2263.5	477530
2016-12-16 00:00:00	2264.25	2269.5	2261.75	2267.5	1415262
2016-12-19 00:00:00	2256.0	2263.75	2254.0	2260.0	928690
2016-12-20 00:00:00	2260.25	2269.5	2260.0	2266.5	814005
2016-12-21 00:00:00	2267.25	2268.0	2258.0	2260.5	667705
2016-12-22 00:00:00	2258.25	2261.0	2251.5	2258.75	847626
2016-12-23 00:00:00	2257.5	2261.0	2254.25	2260.0	396535
2016-12-27 00:00:00	2258.75	2269.5	2257.75	2261.0	498741
2016-12-28 00:00:00	2261.25	2267.5	2243.5	2245.25	1000606
2016-12-29 00:00:00	2245.5	2250.0	2239.5	2245.0	913220
2016-12-30 00:00:00	2246.25	2252.75	2228.0	2236.25	1281987
2017-01-03 00:00:00	2240.75	2259.5	2239.5	2252.5	1810351
2017-01-04 00:00:00	2252.75	2267.25	2251.0	2264.25	1404875
2017-01-05 00:00:00	2264.5	2266.0	2254.0	2264.25	1324035
2017-01-06 00:00:00	2264.25	2277.0	2258.25	2271.5	1551007
2017-01-09 00:00:00	2271.25	2275.25	2263.5	2265.0	1025182
2017-01-10 00:00:00	2264.5	2274.0	2259.5	2263.75	1304523
2017-01-11 00:00:00	2263.75	2271.75	2255.0	2270.5	1733727
2017-01-12 00:00:00	2270.5	2270.5	2248.5	2263.5	1752976
2017-01-13 00:00:00	2264.5	2273.5	2262.75	2272.5	1192660
2017-01-17 00:00:00	2270.25	2270.5	2257.25	2262.75	1540220
2017-01-18 00:00:00	2262.0	2268.5	2258.25	2266.5	1111992
2017-01-19 00:00:00	2265.5	2269.5	2253.0	2261.5	1386240
2017-01-20 00:00:00	2261.0	2272.75	2259.75	2266.0	1737181
2017-01-23 00:00:00	2266.0	2267.5	2251.75	2262.0	1474482
2017-01-24 00:00:00	2260.75	2280.5	2259.5	2274.5	1273116
2017-01-25 00:00:00	2275.75	2295.25	2274.75	2294.0	1386477
2017-01-26 00:00:00	2293.75	2299.5	2289.5	2294.0	1170427
2017-01-27 00:00:00	2294.0	2296.75	2287.0	2289.0	942076
2017-01-30 00:00:00	2282.0	2285.75	2263.25	2276.0	1850992
2017-01-31 00:00:00	2275.75	2278.25	2262.25	2274.5	1628810
2017-02-01 00:00:00	2277.0	2285.0	2268.25	2274.5	1565006
2017-02-02 00:00:00	2275.0	2279.75	2264.5	2275.5	1414426
2017-02-03 00:00:00	2274.0	2294.0	2270.5	2291.0	1415043
2017-02-06 00:00:00	2293.0	2294.25	2283.5	2286.5	1164914
2017-02-07 00:00:00	2286.25	2295.0	2284.0	2288.5	1202059
2017-02-08 00:00:00	2285.75	2292.0	2281.0	2290.25	1283261
2017-02-09 00:00:00	2290.5	2307.75	2287.75	2304.25	1354847
2017-02-10 00:00:00	2304.25	2315.75	2303.0	2312.75	1177521
2017-02-13 00:00:00	2314.25	2329.0	2313.25	2326.25	1210205
2017-02-14 00:00:00	2326.5	2337.75	2319.75	2337.0	1390309
2017-02-15 00:00:00	2335.5	2351.5	2331.25	2350.5	1532340
2017-02-16 00:00:00	2350.25	2350.75	2336.75	2345.5	1737007
2017-02-17 00:00:00	2345.0	2348.75	2336.5	2348.0	1399520
2017-02-21 00:00:00	2346.5	2365.0	2346.0	2360.0	1653551
2017-02-22 00:00:00	2360.0	2363.75	2355.25	2361.0	1301504
2017-02-23 00:00:00	2362.0	2367.5	2353.0	2362.75	1556359
2017-02-24 00:00:00	2361.5	2365.75	2349.5	2365.0	1551959
2017-02-27 00:00:00	2362.75	2370.75	2361.0	2368.25	1156575
2017-02-28 00:00:00	2365.75	2368.75	2357.5	2362.75	1610710
2017-03-01 00:00:00	2364.5	2401.0	2363.25	2393.5	2171551
2017-03-02 00:00:00	2392.25	2394.25	2378.0	2382.0	1744834
2017-03-03 00:00:00	2379.75	2383.25	2373.75	2381.25	1357594
2017-03-06 00:00:00	2380.25	2380.75	2367.0	2375.5	1376883
2017-03-07 00:00:00	2371.25	2375.5	2364.5	2366.5	1303962
2017-03-08 00:00:00	2365.75	2373.0	2359.5	2364.0	1651698
2017-03-09 00:00:00	2363.75	2369.25	2354.0	2366.25	1788548
2017-03-10 00:00:00	2367.5	2379.75	2362.25	2371.75	1361113
2017-03-13 00:00:00	2370.75	2375.25	2368.0	2375.0	1042690
2017-03-14 00:00:00	2374.0	2374.75	2358.0	2366.5	952366
2017-03-15 00:00:00	2367.0	2390.5	2366.5	2383.75	621381
2017-03-16 00:00:00	2382.5	2392.0	2376.75	2382.75	377982
2017-03-17 00:00:00	2382.25	2385.75	2379.0	2384.5	1277357
2017-03-20 00:00:00	2373.75	2376.0	2365.5	2370.25	1076099
2017-03-21 00:00:00	2369.0	2378.75	2338.0	2342.25	2567939
2017-03-22 00:00:00	2340.5	2348.75	2332.25	2342.5	1883451
2017-03-23 00:00:00	2342.25	2356.0	2338.25	2340.0	1631527
2017-03-24 00:00:00	2341.0	2352.75	2331.75	2344.75	1600274
2017-03-27 00:00:00	2337.0	2341.5	2317.75	2338.5	1614233
2017-03-28 00:00:00	2340.5	2360.5	2333.5	2351.5	1623900
2017-03-29 00:00:00	2353.0	2359.75	2348.75	2357.0	1154538
2017-03-30 00:00:00	2357.0	2366.75	2353.25	2364.5	1164616
2017-03-31 00:00:00	2365.5	2366.75	2356.75	2359.25	1568884
2017-04-03 00:00:00	2357.5	2363.25	2340.0	2356.0	1716027
2017-04-04 00:00:00	2354.25	2358.75	2344.75	2356.5	1209054
2017-04-05 00:00:00	2358.75	2375.0	2343.75	2346.5	1938825
2017-04-06 00:00:00	2345.5	2361.25	2338.0	2353.75	1595949
2017-04-07 00:00:00	2355.25	2360.75	2336.75	2352.25	1473460
2017-04-10 00:00:00	2351.75	2363.25	2347.5	2352.5	1351301
2017-04-11 00:00:00	2354.25	2355.75	2333.25	2351.0	1856700
2017-04-12 00:00:00	2351.75	2356.5	2337.5	2340.75	1534596
2017-04-13 00:00:00	2338.75	2345.0	2324.0	2327.5	1587079
2017-04-17 00:00:00	2324.0	2346.0	2322.75	2345.0	981675
2017-04-18 00:00:00	2345.0	2347.0	2330.25	2337.25	1432200
2017-04-19 00:00:00	2337.75	2349.25	2331.25	2333.75	1254296
2017-04-20 00:00:00	2333.25	2358.25	2332.5	2352.0	1468523
2017-04-21 00:00:00	2352.75	2356.0	2340.5	2347.5	1277783
2017-04-24 00:00:00	2365.75	2376.75	2365.25	2370.0	1553985
2017-04-25 00:00:00	2370.0	2389.25	2368.25	2385.0	1324272
2017-04-26 00:00:00	2383.0	2394.75	2381.5	2382.25	1493096
2017-04-27 00:00:00	2381.5	2388.75	2378.75	2386.0	1115269
2017-04-28 00:00:00	2386.25	2388.75	2378.25	2380.5	1167297
2017-05-01 00:00:00	2381.5	2390.75	2377.0	2387.0	906278
2017-05-02 00:00:00	2386.25	2388.75	2381.75	2385.75	958983
2017-05-03 00:00:00	2384.0	2386.0	2375.5	2383.25	1076558
2017-05-04 00:00:00	2382.0	2390.75	2376.0	2385.5	1229736
2017-05-05 00:00:00	2386.0	2399.25	2379.0	2397.75	1127621
2017-05-08 00:00:00	2402.5	2403.75	2389.75	2395.0	957161
2017-05-09 00:00:00	2394.5	2400.0	2388.75	2393.25	1105436
2017-05-10 00:00:00	2391.75	2397.0	2387.5	2395.25	998859
2017-05-11 00:00:00	2395.0	2395.25	2379.0	2391.0	1356242
2017-05-12 00:00:00	2390.25	2391.5	2384.25	2388.75	1087422
2017-05-15 00:00:00	2388.75	2402.25	2388.0	2398.5	1041264
2017-05-16 00:00:00	2399.75	2404.5	2393.75	2397.0	1071111
2017-05-17 00:00:00	2396.5	2396.75	2354.75	2357.5	2814349
2017-05-18 00:00:00	2355.0	2375.0	2344.5	2363.5	2460956
2017-05-19 00:00:00	2364.0	2388.0	2361.0	2381.5	1672971
2017-05-22 00:00:00	2381.75	2394.25	2378.25	2392.75	1113022
2017-05-23 00:00:00	2393.5	2399.5	2386.75	2398.0	1024986
2017-05-24 00:00:00	2397.0	2404.0	2394.75	2402.0	984358
2017-05-25 00:00:00	2403.0	2417.75	2402.5	2413.5	1315611
2017-05-26 00:00:00	2413.0	2415.75	2408.0	2413.75	879560
2017-05-30 00:00:00	2414.0	2417.0	2407.75	2410.75	1040285
2017-05-31 00:00:00	2410.5	2416.75	2402.75	2411.0	1729723
2017-06-01 00:00:00	2413.75	2430.5	2410.5	2429.5	1432385
2017-06-02 00:00:00	2429.25	2439.75	2427.0	2437.75	1735800
2017-06-05 00:00:00	2435.25	2439.0	2433.0	2434.5	891938
2017-06-06 00:00:00	2434.25	2435.75	2426.25	2430.75	1353806
2017-06-07 00:00:00	2429.5	2435.0	2424.0	2432.0	1431930
2017-06-08 00:00:00	2431.5	2439.0	2427.25	2432.5	1445922
2017-06-09 00:00:00	2427.25	2445.75	2414.75	2430.5	1588107
2017-06-12 00:00:00	2430.0	2431.0	2419.0	2428.5	1253497
2017-06-13 00:00:00	2428.75	2441.5	2427.25	2440.0	1028985
2017-06-14 00:00:00	2440.25	2445.5	2427.75	2437.25	684544
2017-06-15 00:00:00	2436.0	2436.0	2418.25	2434.25	470700
2017-06-16 00:00:00	2433.75	2439.0	2432.5	2433.75	1336684
2017-06-19 00:00:00	2433.5	2451.5	2432.75	2447.5	1223334
2017-06-20 00:00:00	2447.75	2451.0	2434.0	2437.5	1332027
2017-06-21 00:00:00	2435.75	2440.0	2428.0	2433.5	1374762
2017-06-22 00:00:00	2431.75	2439.0	2428.0	2431.75	1056822
2017-06-23 00:00:00	2431.25	2438.75	2428.25	2435.0	1197448
2017-06-26 00:00:00	2432.0	2447.5	2430.0	2436.0	1265812
2017-06-27 00:00:00	2435.75	2437.25	2416.5	2420.5	1639883
2017-06-28 00:00:00	2417.0	2442.5	2413.75	2438.5	1560424
2017-06-29 00:00:00	2442.0	2445.0	2402.25	2420.0	2337789
2017-06-30 00:00:00	2420.75	2429.75	2415.0	2421.0	1638217
2017-07-03 00:00:00	2422.0	2436.5	2421.5	2425.0	766228
2017-07-05 00:00:00	2423.75	2432.25	2419.25	2428.0	1287423
2017-07-06 00:00:00	2428.0	2430.5	2405.25	2408.5	1603746
2017-07-07 00:00:00	2409.25	2425.0	2407.5	2422.5	1266391
2017-07-10 00:00:00	2423.0	2430.0	2419.25	2424.5	861222
2017-07-11 00:00:00	2423.75	2427.75	2410.25	2424.5	1132273
2017-07-12 00:00:00	2425.0	2443.75	2422.5	2440.0	1163339
2017-07-13 00:00:00	2441.25	2447.0	2439.0	2445.5	941061
2017-07-14 00:00:00	2446.5	2461.25	2442.0	2456.0	1091078
2017-07-17 00:00:00	2457.0	2460.5	2454.0	2458.5	862469
2017-07-18 00:00:00	2459.25	2461.0	2448.0	2457.75	1091158
2017-07-19 00:00:00	2459.75	2472.0	2457.75	2471.5	958463
2017-07-20 00:00:00	2471.0	2476.25	2465.5	2471.25	1106684
2017-07-21 00:00:00	2472.5	2475.25	2462.75	2469.5	1095937
2017-07-24 00:00:00	2469.75	2470.5	2463.5	2468.5	857750
2017-07-25 00:00:00	2467.0	2478.75	2466.25	2474.0	1074033
2017-07-26 00:00:00	2475.25	2479.75	2471.5	2473.25	972444
2017-07-27 00:00:00	2474.5	2480.5	2457.0	2472.0	1647577
2017-07-28 00:00:00	2472.0	2472.0	2461.5	2470.25	1156784
2017-07-31 00:00:00	2470.5	2475.0	2465.25	2468.0	1229202
2017-08-01 00:00:00	2468.0	2477.25	2466.25	2472.25	1043439
2017-08-02 00:00:00	2474.0	2476.0	2463.25	2473.5	1304650
2017-08-03 00:00:00	2473.25	2474.5	2466.0	2471.75	1087355
2017-08-04 00:00:00	2470.75	2477.75	2467.75	2472.0	1070866
2017-08-07 00:00:00	2472.25	2478.25	2472.0	2477.5	599701
2017-08-08 00:00:00	2477.5	2488.5	2467.5	2472.75	1367671
2017-08-09 00:00:00	2470.0	2474.5	2459.0	2473.0	1555517
2017-08-10 00:00:00	2474.0	2474.25	2432.75	2437.5	2324062
2017-08-11 00:00:00	2434.5	2446.5	2430.25	2440.0	1670104
2017-08-14 00:00:00	2441.5	2466.5	2441.5	2463.5	1470477
2017-08-15 00:00:00	2464.5	2473.25	2460.0	2463.75	1060173
2017-08-16 00:00:00	2464.5	2474.0	2461.5	2467.5	1137333
2017-08-17 00:00:00	2466.75	2468.5	2423.75	2429.5	2236170
2017-08-18 00:00:00	2426.75	2439.5	2419.5	2426.75	2203303
2017-08-21 00:00:00	2428.75	2431.5	2415.75	2428.0	1339966
2017-08-22 00:00:00	2428.0	2454.25	2427.5	2452.75	1367156
2017-08-23 00:00:00	2453.0	2454.75	2438.75	2441.5	1243382
2017-08-24 00:00:00	2440.25	2449.0	2434.5	2440.75	1407417
2017-08-25 00:00:00	2442.5	2453.5	2437.5	2442.5	1211227
2017-08-28 00:00:00	2442.0	2449.25	2436.25	2443.75	953054
2017-08-29 00:00:00	2434.0	2448.5	2421.0	2447.0	1615262
2017-08-30 00:00:00	2446.5	2459.75	2442.75	2455.75	1301444
2017-08-31 00:00:00	2455.25	2474.25	2454.75	2470.0	1752826
2017-09-01 00:00:00	2470.25	2479.75	2470.0	2474.25	1057024
2017-09-05 00:00:00	2461.25	2471.25	2445.5	2459.75	2123649
2017-09-06 00:00:00	2460.25	2469.0	2456.5	2465.5	1574076
2017-09-07 00:00:00	2464.0	2468.75	2457.5	2466.5	1534736
2017-09-08 00:00:00	2466.5	2467.5	2456.75	2462.5	1242750
2017-09-11 00:00:00	2468.0	2489.0	2468.0	2487.5	1333316
2017-09-12 00:00:00	2488.25	2497.0	2486.75	2496.0	1042880
2017-09-13 00:00:00	2497.0	2497.5	2490.75	2496.5	611367
2017-09-14 00:00:00	2496.25	2498.25	2489.5	2496.5	419698
2017-09-15 00:00:00	2496.0	2496.5	2489.5	2496.0	1367390
2017-09-18 00:00:00	2499.0	2506.0	2497.75	2502.75	1090827
2017-09-19 00:00:00	2502.75	2506.0	2501.0	2504.75	961109
2017-09-20 00:00:00	2503.75	2507.25	2494.0	2505.25	1232948
2017-09-21 00:00:00	2504.5	2506.25	2496.5	2501.0	1117630
2017-09-22 00:00:00	2500.75	2501.0	2492.0	2499.5	1024727
2017-09-25 00:00:00	2499.0	2504.5	2485.0	2497.0	1539626
2017-09-26 00:00:00	2498.0	2501.25	2492.25	2495.5	1144642
2017-09-27 00:00:00	2495.0	2509.25	2493.0	2504.5	1576031
2017-09-28 00:00:00	2503.25	2508.25	2499.0	2507.75	1109027
2017-09-29 00:00:00	2507.75	2517.75	2504.75	2516.0	1368322
2017-10-02 00:00:00	2518.0	2528.0	2517.0	2526.25	1138362
2017-10-03 00:00:00	2527.25	2533.5	2525.5	2532.75	849153
2017-10-04 00:00:00	2533.0	2538.0	2529.0	2536.25	956590
2017-10-05 00:00:00	2535.25	2550.75	2534.5	2550.0	1104438
2017-10-06 00:00:00	2548.75	2549.75	2541.5	2545.0	1169419
2017-10-09 00:00:00	2543.25	2550.5	2539.25	2543.75	735488
2017-10-10 00:00:00	2543.25	2553.25	2542.75	2548.5	1149236
2017-10-11 00:00:00	2548.75	2553.5	2544.25	2553.0	818238
2017-10-12 00:00:00	2552.25	2553.25	2546.25	2549.5	938476
2017-10-13 00:00:00	2548.0	2555.5	2547.0	2552.75	918541
2017-10-16 00:00:00	2552.25	2557.75	2550.75	2556.25	795923
2017-10-17 00:00:00	2555.5	2557.75	2552.25	2557.0	738739
2017-10-18 00:00:00	2556.5	2562.25	2556.25	2560.0	753384
2017-10-19 00:00:00	2560.0	2561.5	2542.5	2560.5	1362805
2017-10-20 00:00:00	2561.0	2574.5	2559.5	2574.0	1254054
2017-10-23 00:00:00	2572.75	2577.25	2561.5	2563.5	1272965
2017-10-24 00:00:00	2562.5	2570.25	2562.25	2567.25	1047808
2017-10-25 00:00:00	2564.75	2566.25	2541.5	2558.5	2099172
2017-10-26 00:00:00	2559.5	2565.0	2555.5	2561.5	1392205
2017-10-27 00:00:00	2561.5	2580.75	2557.5	2578.5	1561074
2017-10-30 00:00:00	2575.5	2578.25	2565.5	2568.25	1237600
2017-10-31 00:00:00	2568.0	2575.5	2566.75	2572.75	1051279
2017-11-01 00:00:00	2572.75	2585.5	2571.0	2574.75	1290220
2017-11-02 00:00:00	2571.5	2578.5	2562.25	2576.75	1297222
2017-11-03 00:00:00	2577.5	2585.5	2573.5	2582.75	992681
2017-11-06 00:00:00	2580.0	2590.0	2575.5	2588.75	848119
2017-11-07 00:00:00	2587.75	2593.5	2580.75	2586.75	1163840
2017-11-08 00:00:00	2584.0	2592.5	2579.75	2591.0	1058023
2017-11-09 00:00:00	2591.25	2594.5	2563.25	2584.0	2218191
2017-11-10 00:00:00	2582.0	2585.75	2571.5	2579.5	1193217
2017-11-13 00:00:00	2580.25	2585.5	2570.25	2582.0	1052173
2017-11-14 00:00:00	2580.25	2582.25	2564.25	2578.0	1582882
2017-11-15 00:00:00	2576.75	2577.0	2555.5	2565.0	1917948
2017-11-16 00:00:00	2564.25	2589.5	2562.25	2585.0	1528865
2017-11-17 00:00:00	2584.25	2586.0	2574.75	2576.25	1186958
2017-11-20 00:00:00	2576.0	2584.0	2567.75	2582.0	1000520
2017-11-21 00:00:00	2582.0	2600.5	2579.25	2596.25	1153787
2017-11-22 00:00:00	2595.75	2600.0	2592.75	2594.5	536543
2017-11-24 00:00:00	2593.25	2603.0	2589.5	2601.0	551196
2017-11-27 00:00:00	2601.0	2605.5	2596.5	2601.75	960112
2017-11-28 00:00:00	2602.25	2627.0	2597.5	2626.0	1558414
2017-11-29 00:00:00	2625.5	2634.25	2619.75	2625.0	1661775
2017-11-30 00:00:00	2625.0	2658.5	2621.75	2648.0	2346236
2017-12-01 00:00:00	2640.75	2650.75	2605.0	2644.0	2520826
2017-12-04 00:00:00	2654.5	2665.25	2633.75	2638.25	1756938
2017-12-05 00:00:00	2636.0	2648.75	2627.25	2628.25	1392821
2017-12-06 00:00:00	2626.75	2634.5	2620.0	2629.25	1307666
2017-12-07 00:00:00	2630.5	2641.25	2626.25	2639.5	1345485
2017-12-08 00:00:00	2639.5	2652.5	2637.75	2651.0	1154864
2017-12-11 00:00:00	2652.0	2664.75	2649.25	2661.5	1266601
2017-12-12 00:00:00	2662.75	2670.25	2660.5	2665.0	1032184
2017-12-13 00:00:00	2665.5	2672.5	2656.75	2666.5	758320
2017-12-14 00:00:00	2665.5	2670.75	2649.25	2653.25	473836
2017-12-15 00:00:00	2650.0	2667.25	2650.0	2666.75	1410847
2017-12-18 00:00:00	2683.0	2698.0	2682.5	2694.5	1040769
2017-12-19 00:00:00	2695.0	2698.0	2682.5	2684.0	980483
2017-12-20 00:00:00	2684.75	2695.5	2679.0	2681.5	981223
2017-12-21 00:00:00	2681.5	2696.0	2680.75	2687.75	853748
2017-12-22 00:00:00	2686.75	2691.5	2682.25	2686.0	360430
2017-12-26 00:00:00	2686.75	2689.5	2683.5	2687.0	376101
2017-12-27 00:00:00	2687.5	2691.0	2681.5	2685.5	666329
2017-12-28 00:00:00	2684.0	2689.0	2683.0	2685.75	535624
2017-12-29 00:00:00	2684.75	2698.25	2667.75	2676.0	1092038
2018-01-02 00:00:00	2675.25	2696.0	2674.5	2693.0	996265
2018-01-03 00:00:00	2693.75	2714.25	2692.25	2711.0	1114548
2018-01-04 00:00:00	2710.25	2729.0	2708.5	2723.75	1166017
2018-01-05 00:00:00	2725.0	2743.25	2723.75	2742.5	1136500
2018-01-08 00:00:00	2741.75	2748.5	2736.5	2746.75	903544
2018-01-09 00:00:00	2746.5	2760.0	2742.75	2752.25	1137598
2018-01-10 00:00:00	2749.75	2752.0	2736.5	2750.5	1289898
2018-01-11 00:00:00	2750.0	2770.5	2747.75	2769.5	1045414
2018-01-12 00:00:00	2768.75	2790.0	2766.75	2788.75	1357120
2018-01-16 00:00:00	2789.75	2808.5	2769.25	2782.5	1981469
2018-01-17 00:00:00	2782.75	2809.5	2779.0	2803.75	1541873
2018-01-18 00:00:00	2803.25	2808.0	2793.75	2796.25	1345331
2018-01-19 00:00:00	2797.0	2815.0	2791.75	2811.0	1363990
2018-01-22 00:00:00	2804.0	2838.25	2802.0	2835.25	1179414
2018-01-23 00:00:00	2835.25	2844.75	2828.75	2839.5	1282163
2018-01-24 00:00:00	2837.0	2855.25	2825.5	2841.0	1885278
2018-01-25 00:00:00	2840.0	2853.75	2830.75	2841.25	1439217
2018-01-26 00:00:00	2842.25	2876.0	2841.25	2874.5	1286287
2018-01-29 00:00:00	2874.25	2878.5	2851.5	2853.5	1395078
2018-01-30 00:00:00	2853.25	2858.0	2818.5	2824.5	2133815
2018-01-31 00:00:00	2823.25	2839.75	2813.0	2825.75	1841227
2018-02-01 00:00:00	2828.75	2837.25	2809.5	2822.5	1646906
2018-02-02 00:00:00	2826.5	2831.0	2755.25	2756.75	2532442
2018-02-05 00:00:00	2757.0	2763.0	2595.75	2607.75	4009557
2018-02-06 00:00:00	2624.0	2699.75	2529.0	2694.25	4806868
2018-02-07 00:00:00	2685.5	2726.75	2660.5	2668.25	2491133
2018-02-08 00:00:00	2664.75	2686.5	2577.0	2593.5	3121915
2018-02-09 00:00:00	2593.75	2637.75	2530.25	2619.0	3909443
2018-02-12 00:00:00	2628.25	2671.5	2620.0	2655.25	2170447
2018-02-13 00:00:00	2653.25	2667.5	2634.25	2661.75	1461104
2018-02-14 00:00:00	2662.5	2701.75	2627.0	2697.0	2087016
2018-02-15 00:00:00	2695.5	2736.75	2688.5	2734.0	1668909
2018-02-16 00:00:00	2734.0	2754.75	2722.25	2735.0	1738551
2018-02-20 00:00:00	2734.5	2747.75	2705.75	2714.0	1447502
2018-02-21 00:00:00	2714.5	2747.75	2693.5	2698.75	1661308
2018-02-22 00:00:00	2698.5	2731.0	2682.0	2711.5	1623017
2018-02-23 00:00:00	2712.75	2750.25	2710.0	2748.75	0
2018-02-26 00:00:00	2751.5	2786.0	2742.5	2784.5	1256268
2018-02-27 00:00:00	2783.5	2789.75	2742.0	2747.5	1717155
2018-02-28 00:00:00	2746.5	2762.0	2712.0	2714.5	1876678
2018-03-01 00:00:00	2718.25	2731.0	2658.5	2678.25	2818966
2018-03-02 00:00:00	2678.75	2696.0	2647.0	2690.25	2171819
2018-03-05 00:00:00	2683.25	2727.75	2663.75	2718.5	1781823
2018-03-06 00:00:00	2719.0	2734.5	2710.25	2724.0	1450085
2018-03-07 00:00:00	2700.0	2730.25	2681.25	2723.25	1870360
2018-03-08 00:00:00	2722.5	2740.5	2720.0	2739.25	1502808
2018-03-09 00:00:00	2736.5	2787.0	2730.0	2784.0	1541679
2018-03-12 00:00:00	2784.0	2800.5	2779.0	2784.0	1232395
2018-03-13 00:00:00	2782.25	2802.5	2758.5	2768.5	1232770
2018-03-14 00:00:00	2763.0	2779.5	2744.25	2749.75	766900
2018-03-15 00:00:00	2750.75	2763.5	2741.0	2751.5	358566
2018-03-16 00:00:00	2753.75	2757.0	2747.0	2752.75	1142517
2018-03-19 00:00:00	2756.25	2756.5	2697.25	2722.75	1986809
2018-03-20 00:00:00	2721.5	2729.0	2712.75	2723.5	1099899
2018-03-21 00:00:00	2723.25	2744.0	2712.5	2718.25	1423759
2018-03-22 00:00:00	2718.25	2726.25	2641.75	2643.25	2548609
2018-03-23 00:00:00	2645.75	2658.75	2586.0	2597.75	2875654
2018-03-26 00:00:00	2595.0	2662.75	2591.0	2659.5	2302375
2018-03-27 00:00:00	2659.5	2679.75	2596.0	2615.75	2448450
2018-03-28 00:00:00	2612.75	2633.75	2593.0	2607.5	2802883
2018-03-29 00:00:00	2609.75	2659.5	2601.0	2643.0	2042949
2018-04-02 00:00:00	2635.0	2641.5	2552.0	2575.0	2395329
2018-04-03 00:00:00	2581.25	2618.75	2573.5	2613.25	2220246
2018-04-04 00:00:00	2612.0	2649.75	2559.5	2647.0	2247386
2018-04-05 00:00:00	2645.75	2672.25	2644.0	2661.75	1642890
2018-04-06 00:00:00	2663.0	2664.0	2584.5	2605.75	2615117
2018-04-09 00:00:00	2607.5	2653.75	2607.5	2619.0	1762078
2018-04-10 00:00:00	2617.75	2666.25	2612.25	2655.0	1998582
2018-04-11 00:00:00	2654.5	2661.25	2626.0	2641.0	1637350
2018-04-12 00:00:00	2642.5	2675.0	2639.75	2664.0	1301132
2018-04-13 00:00:00	2661.75	2680.5	2644.75	2657.25	1711823
2018-04-16 00:00:00	2673.25	2687.0	2660.75	2681.75	1237183
2018-04-17 00:00:00	2679.25	2713.75	2678.75	2706.5	1251766
2018-04-18 00:00:00	2704.5	2718.5	2703.75	2709.75	1044851
2018-04-19 00:00:00	2711.75	2713.25	2681.5	2693.0	1577913
2018-04-20 00:00:00	2692.5	2698.25	2659.75	2671.5	1604973
2018-04-23 00:00:00	2683.0	2684.75	2657.25	2671.25	1239828
2018-04-24 00:00:00	2672.0	2688.5	2616.0	2635.25	2329880
2018-04-25 00:00:00	2635.25	2648.25	2611.25	2644.5	1902899
2018-04-26 00:00:00	2648.25	2677.5	2639.5	2674.5	1279539
2018-04-27 00:00:00	2675.5	2676.25	2657.75	2671.5	1142350
2018-04-30 00:00:00	2670.5	2682.25	2645.0	2647.0	1341086
2018-05-01 00:00:00	2646.25	2658.0	2623.25	2652.25	1323628
2018-05-02 00:00:00	2655.5	2658.5	2624.25	2627.5	1427995
2018-05-03 00:00:00	2626.75	2636.25	2591.25	2631.75	2146587
2018-05-04 00:00:00	2631.75	2669.5	2612.25	2663.0	1699202
2018-05-07 00:00:00	2662.75	2681.5	2661.25	2670.0	1148919
2018-05-08 00:00:00	2668.0	2674.25	2652.25	2670.25	1281751
2018-05-09 00:00:00	2669.75	2700.0	2666.5	2696.0	1251722
2018-05-10 00:00:00	2696.0	2725.0	2692.75	2718.75	1173629
2018-05-11 00:00:00	2716.25	2732.5	2716.25	2729.5	1066248
2018-05-14 00:00:00	2727.25	2741.25	2724.25	2731.0	945963
2018-05-15 00:00:00	2728.5	2731.25	2700.5	2709.0	1519108
2018-05-16 00:00:00	2711.25	2728.0	2704.5	2723.0	1057687
2018-05-17 00:00:00	2721.75	2732.0	2711.0	2718.75	1071506
2018-05-18 00:00:00	2718.75	2727.0	2708.75	2713.0	1013073
2018-05-21 00:00:00	2728.75	2739.25	2724.25	2733.0	951913
2018-05-22 00:00:00	2731.25	2741.75	2721.5	2726.0	891511
2018-05-23 00:00:00	2724.5	2733.0	2704.5	2730.75	1295885
2018-05-24 00:00:00	2729.75	2733.25	2705.75	2727.5	1277264
2018-05-25 00:00:00	2726.75	2737.75	2713.75	2718.25	993783
2018-05-29 00:00:00	2721.25	2724.25	2675.0	2692.25	1989677
2018-05-30 00:00:00	2693.25	2729.25	2685.75	2724.5	1424364
2018-05-31 00:00:00	2720.25	2728.25	2699.75	2705.5	1665452
2018-06-01 00:00:00	2707.5	2737.0	2706.0	2733.75	1241171
2018-06-04 00:00:00	2731.0	2749.25	2729.0	2745.5	857850
2018-06-05 00:00:00	2746.0	2753.25	2739.0	2751.5	1027609
2018-06-06 00:00:00	2751.0	2774.75	2748.0	2772.25	1326401
2018-06-07 00:00:00	2773.25	2779.75	2760.0	2772.25	1773923
2018-06-08 00:00:00	2771.0	2779.75	2752.0	2778.75	1367033
2018-06-11 00:00:00	2771.0	2790.5	2770.5	2783.0	1218834
2018-06-12 00:00:00	2781.25	2789.75	2778.5	2784.0	988748
2018-06-13 00:00:00	2788.0	2791.75	2773.75	2774.25	614173
2018-06-14 00:00:00	2773.25	2789.25	2767.5	2783.25	398105
2018-06-15 00:00:00	2782.5	2784.0	2766.25	2776.5	1512061
2018-06-18 00:00:00	2780.0	2786.75	2761.25	2779.75	993118
2018-06-19 00:00:00	2778.25	2780.25	2735.75	2766.25	1657081
2018-06-20 00:00:00	2765.25	2778.25	2757.25	2772.0	1082802
2018-06-21 00:00:00	2771.75	2785.25	2747.0	2752.5	1493235
2018-06-22 00:00:00	2750.5	2768.5	2749.25	2759.5	1108771
2018-06-25 00:00:00	2757.0	2758.0	2700.5	2722.25	2206994
2018-06-26 00:00:00	2721.75	2735.25	2714.75	2728.5	1399067
2018-06-27 00:00:00	2726.5	2748.0	2701.0	2705.0	2117686
2018-06-28 00:00:00	2705.0	2726.25	2693.25	2719.5	1678667
2018-06-29 00:00:00	2720.0	2745.5	2716.75	2721.5	1641889
2018-07-02 00:00:00	2721.0	2728.5	2698.5	2727.25	1213215
2018-07-03 00:00:00	2727.25	2741.5	2712.0	2713.25	860533
2018-07-05 00:00:00	2713.0	2739.75	2710.75	2738.5	1165235
2018-07-06 00:00:00	2737.0	2766.25	2731.25	2763.0	1287758
2018-07-09 00:00:00	2762.0	2788.0	2761.75	2787.5	970337
2018-07-10 00:00:00	2787.5	2797.75	2780.5	2796.75	925706
2018-07-11 00:00:00	2780.75	2787.75	2765.75	2774.0	1369176
2018-07-12 00:00:00	2776.75	2801.0	2773.75	2798.5	1120424
2018-07-13 00:00:00	2798.5	2807.25	2793.25	2803.25	952307
2018-07-16 00:00:00	2804.75	2809.0	2795.0	2796.5	801608
2018-07-17 00:00:00	2795.75	2815.75	2789.75	2811.25	1059163
2018-07-18 00:00:00	2813.0	2818.25	2806.75	2816.0	860523
2018-07-19 00:00:00	2814.5	2818.0	2800.25	2805.25	1082645
2018-07-20 00:00:00	2805.5	2810.5	2793.0	2800.75	1013663
2018-07-23 00:00:00	2805.25	2812.5	2792.5	2812.0	812481
2018-07-24 00:00:00	2810.5	2831.25	2810.25	2821.0	1347688
2018-07-25 00:00:00	2819.25	2849.5	2814.0	2841.25	1302896
2018-07-26 00:00:00	2835.25	2846.5	2833.25	2842.5	1039552
2018-07-27 00:00:00	2840.25	2847.0	2808.75	2817.5	1492056
2018-07-30 00:00:00	2816.0	2821.75	2798.25	2803.25	1169457
2018-07-31 00:00:00	2805.5	2827.75	2802.75	2817.0	1366896
2018-08-01 00:00:00	2824.25	2825.75	2805.5	2810.75	1098291
2018-08-02 00:00:00	2814.0	2831.25	2791.0	2828.5	1238138
2018-08-03 00:00:00	2830.75	2841.5	2824.75	2839.5	922242
2018-08-06 00:00:00	2841.5	2853.5	2835.0	2850.0	797324
2018-08-07 00:00:00	2849.25	2863.75	2848.25	2859.75	780222
2018-08-08 00:00:00	2860.5	2862.5	2852.5	2855.25	745412
2018-08-09 00:00:00	2853.5	2862.75	2850.5	2853.75	696695
2018-08-10 00:00:00	2852.5	2852.75	2826.0	2836.75	1416182
2018-08-13 00:00:00	2835.75	2843.75	2820.0	2825.5	1282874
2018-08-14 00:00:00	2826.75	2843.5	2825.75	2841.0	1022577
2018-08-15 00:00:00	2841.75	2843.0	2803.0	2821.25	1871800
2018-08-16 00:00:00	2822.25	2851.75	2817.5	2844.75	1271529
2018-08-17 00:00:00	2843.5	2857.0	2835.0	2852.25	1202980
2018-08-20 00:00:00	2851.75	2860.75	2850.25	2858.5	817383
2018-08-21 00:00:00	2856.75	2874.0	2852.0	2861.75	1055051
2018-08-22 00:00:00	2853.0	2868.25	2846.25	2861.25	996434
2018-08-23 00:00:00	2861.75	2869.75	2854.75	2858.0	1050042
2018-08-24 00:00:00	2858.25	2877.5	2856.25	2876.75	1058571
2018-08-27 00:00:00	2877.75	2899.5	2876.75	2898.5	961496
2018-08-28 00:00:00	2899.0	2906.25	2894.25	2899.25	902705
2018-08-29 00:00:00	2900.5	2917.5	2897.5	2914.75	1113797
2018-08-30 00:00:00	2915.75	2916.25	2895.5	2902.0	1331841
2018-08-31 00:00:00	2898.0	2907.5	2891.75	2902.0	1323038
2018-09-04 00:00:00	2906.5	2912.5	2885.5	2898.25	1605954
2018-09-05 00:00:00	2898.75	2900.5	2877.5	2888.25	1604742
2018-09-06 00:00:00	2888.5	2893.0	2868.0	2879.0	1633946
2018-09-07 00:00:00	2877.75	2885.0	2865.0	2874.75	1692240
2018-09-10 00:00:00	2873.75	2888.25	2873.25	2880.25	1248308
2018-09-11 00:00:00	2879.75	2893.0	2867.25	2889.75	1269254
2018-09-12 00:00:00	2890.0	2895.25	2879.5	2888.5	1581597
2018-09-13 00:00:00	2887.0	2907.0	2884.75	2905.25	1641192
2018-09-14 00:00:00	2904.75	2912.25	2896.75	2906.25	1203335
2018-09-17 00:00:00	2903.5	2906.25	2887.25	2891.0	1161598
2018-09-18 00:00:00	2890.5	2912.5	2878.5	2906.5	986831
2018-09-19 00:00:00	2907.75	2913.75	2900.75	2910.0	563497
2018-09-20 00:00:00	2911.25	2935.75	2908.25	2934.0	360700
2018-09-21 00:00:00	2934.75	2944.0	2932.25	2943.0	1489417
2018-09-24 00:00:00	2929.5	2930.25	2917.75	2925.5	1162107
2018-09-25 00:00:00	2926.5	2934.25	2918.25	2921.25	1032045
2018-09-26 00:00:00	2922.5	2936.0	2907.5	2911.5	1308995
2018-09-27 00:00:00	2911.5	2932.0	2907.5	2920.0	1210835
2018-09-28 00:00:00	2922.25	2925.5	2908.0	2919.0	1429127
2018-10-01 00:00:00	2922.5	2942.0	2922.5	2930.0	1239963
2018-10-02 00:00:00	2929.25	2936.0	2917.5	2928.5	1132507
2018-10-03 00:00:00	2929.0	2944.75	2924.75	2931.5	1244514
2018-10-04 00:00:00	2926.0	2926.25	2887.75	2907.75	2165850
2018-10-05 00:00:00	2910.0	2915.5	2873.25	2894.0	2291213
2018-10-08 00:00:00	2897.5	2898.25	2866.0	2893.75	1760642
2018-10-09 00:00:00	2892.25	2900.0	2874.5	2888.25	1770753
2018-10-10 00:00:00	2886.75	2891.25	2771.5	2781.0	3460738
2018-10-11 00:00:00	2776.5	2798.75	2712.25	2745.5	4013855
2018-10-12 00:00:00	2748.5	2785.0	2732.25	2768.5	2853415
2018-10-15 00:00:00	2770.0	2778.75	2745.25	2749.0	1763922
2018-10-16 00:00:00	2747.5	2819.0	2745.5	2817.75	1780311
2018-10-17 00:00:00	2816.25	2824.25	2783.25	2816.25	1948526
2018-10-18 00:00:00	2813.25	2814.75	2756.5	2772.25	2218738
2018-10-19 00:00:00	2774.75	2800.5	2762.25	2767.5	2023613
2018-10-22 00:00:00	2758.0	2782.0	2749.75	2756.5	1665740
2018-10-23 00:00:00	2755.75	2757.5	2692.25	2746.25	2849774
2018-10-24 00:00:00	2745.25	2750.0	2652.25	2664.25	2856919
2018-10-25 00:00:00	2673.75	2723.75	2658.75	2688.25	2535913
2018-10-26 00:00:00	2678.0	2692.75	2627.25	2669.5	3509803
2018-10-29 00:00:00	2667.0	2707.0	2603.0	2643.5	2786555
2018-10-30 00:00:00	2639.0	2690.25	2633.25	2685.25	2503396
2018-10-31 00:00:00	2690.75	2737.25	2682.0	2711.0	2469662
2018-11-01 00:00:00	2706.0	2741.25	2705.5	2738.0	1820142
2018-11-02 00:00:00	2724.0	2766.25	2699.5	2724.25	2372699
2018-11-05 00:00:00	2722.5	2743.75	2712.75	2739.5	1311938
2018-11-06 00:00:00	2739.0	2761.0	2729.75	2759.0	1269341
2018-11-07 00:00:00	2756.75	2817.75	2744.75	2816.5	1894012
2018-11-08 00:00:00	2815.75	2818.0	2795.0	2808.75	1317225
2018-11-09 00:00:00	2804.0	2811.25	2764.5	2779.0	1724880
2018-11-12 00:00:00	2778.75	2795.25	2722.25	2727.75	1921301
2018-11-13 00:00:00	2732.0	2755.75	2714.5	2727.5	2101869
2018-11-14 00:00:00	2731.25	2748.25	2686.25	2698.5	2295505
2018-11-15 00:00:00	2702.0	2736.75	2671.25	2734.5	2383852
2018-11-16 00:00:00	2731.75	2748.75	2708.75	2743.0	1875116
2018-11-19 00:00:00	2733.0	2748.0	2681.5	2696.25	1988117
2018-11-20 00:00:00	2696.25	2696.75	2631.75	2640.0	2533128
2018-11-21 00:00:00	2639.75	2671.25	2632.25	2649.0	1454916
2018-11-23 00:00:00	2635.5	2647.5	2626.0	2629.5	872856
2018-11-26 00:00:00	2633.5	2676.25	2631.5	2670.0	1374735
2018-11-27 00:00:00	2661.0	2686.75	2655.25	2683.5	1503048
2018-11-28 00:00:00	2686.25	2745.0	2681.0	2741.5	1866115
2018-11-29 00:00:00	2738.0	2754.5	2723.25	2744.25	1489330
2018-11-30 00:00:00	2742.0	2764.75	2729.0	2758.25	1475346
2018-12-03 00:00:00	2793.5	2814.0	2773.5	2790.75	1909240
2018-12-04 00:00:00	2789.75	2790.5	2696.0	2701.75	2709938
2018-12-06 00:00:00	2713.25	2714.0	2621.25	2691.0	3308356
2018-12-07 00:00:00	2694.25	2709.75	2623.25	2636.0	2596155
2018-12-10 00:00:00	2625.0	2648.5	2583.0	2643.0	2564357
2018-12-11 00:00:00	2644.0	2678.0	2621.25	2641.25	2265284
2018-12-12 00:00:00	2632.5	2686.5	2631.75	2652.5	1900862
2018-12-13 00:00:00	2653.0	2671.0	2637.25	2645.5	2043406
2018-12-14 00:00:00	2646.5	2648.75	2594.0	2602.0	1664325
2018-12-17 00:00:00	2594.0	2613.75	2530.5	2552.5	1602680
2018-12-18 00:00:00	2553.75	2574.75	2528.0	2535.75	1215895
2018-12-19 00:00:00	2530.5	2593.25	2488.0	2503.25	823819
2018-12-20 00:00:00	2503.5	2517.5	2441.0	2485.75	630214
2018-12-21 00:00:00	2487.0	2491.25	2466.75	2467.75	3016623
2018-12-24 00:00:00	2407.75	2434.5	2340.5	2341.75	1292750
2018-12-26 00:00:00	2348.5	2477.75	2316.75	2471.0	2015176
2018-12-27 00:00:00	2470.25	2498.75	2397.0	2495.0	2283892
2018-12-28 00:00:00	2491.5	2523.0	2472.75	2486.0	2011392
2018-12-31 00:00:00	2495.5	2513.0	2482.75	2505.25	1414594
2019-01-02 00:00:00	2508.0	2521.25	2452.25	2511.0	1969697
2019-01-03 00:00:00	2482.25	2493.5	2443.25	2447.75	2257341
2019-01-04 00:00:00	2451.75	2539.25	2438.5	2531.25	2350836
2019-01-07 00:00:00	2537.25	2567.5	2523.25	2550.5	1632131
2019-01-08 00:00:00	2553.25	2581.25	2547.5	2572.5	1664892
2019-01-09 00:00:00	2569.5	2596.75	2568.5	2582.5	1596941
2019-01-10 00:00:00	2580.0	2599.5	2560.5	2594.0	1534119
2019-01-11 00:00:00	2594.0	2597.75	2577.0	2595.0	1213026
2019-01-14 00:00:00	2588.5	2592.0	2567.25	2580.5	1199404
2019-01-15 00:00:00	2581.5	2613.75	2580.0	2605.5	1532494
2019-01-16 00:00:00	2605.75	2626.25	2602.5	2613.25	1330329
2019-01-17 00:00:00	2614.5	2645.5	2596.5	2635.25	1508869
2019-01-18 00:00:00	2636.75	2677.75	2632.75	2671.5	1753852
2019-01-22 00:00:00	2669.25	2673.5	2616.5	2632.0	1880446
2019-01-23 00:00:00	2630.75	2653.75	2612.5	2638.25	1576181
2019-01-24 00:00:00	2635.0	2647.5	2626.0	2634.0	1266714
2019-01-25 00:00:00	2636.25	2672.5	2634.5	2663.5	1388741
2019-01-28 00:00:00	2660.0	2663.5	2622.25	2642.0	1408636
2019-01-29 00:00:00	2640.25	2650.0	2628.5	2640.25	1261703
2019-01-30 00:00:00	2648.5	2689.75	2636.25	2682.5	1564987
2019-01-31 00:00:00	2683.5	2713.0	2675.75	2704.5	1935195
2019-02-01 00:00:00	2707.75	2716.0	2695.5	2704.25	1469597
2019-02-04 00:00:00	2699.25	2725.0	2697.0	2721.25	1024581
2019-02-05 00:00:00	2719.5	2737.75	2716.25	2731.0	1225737
2019-02-06 00:00:00	2730.75	2736.5	2722.25	2729.5	1196377
2019-02-07 00:00:00	2727.0	2729.25	2685.5	2704.0	1921663
2019-02-08 00:00:00	2702.0	2709.0	2680.75	2706.25	1579544
2019-02-11 00:00:00	2710.75	2721.5	2700.5	2708.25	1110070
2019-02-12 00:00:00	2707.0	2748.0	2705.5	2744.75	1307152
2019-02-13 00:00:00	2743.5	2762.0	2742.75	2749.5	1209879
2019-02-14 00:00:00	2749.25	2763.0	2730.25	2743.5	1679091
2019-02-15 00:00:00	2741.25	2778.5	2729.0	2777.0	1518783
2019-02-19 00:00:00	2777.0	2787.5	2766.0	2778.75	1198092
2019-02-20 00:00:00	2777.75	2790.75	2773.25	2787.0	1284923
2019-02-21 00:00:00	2787.0	2798.0	2764.25	2774.25	1426061
2019-02-22 00:00:00	2773.5	2795.5	2770.5	2791.25	1190834
2019-02-25 00:00:00	2799.5	2814.0	2794.5	2797.0	1256092
2019-02-26 00:00:00	2795.75	2803.5	2783.25	2791.5	1201641
2019-02-27 00:00:00	2788.0	2797.25	2775.0	2795.0	1138855
2019-02-28 00:00:00	2795.25	2795.75	2781.75	2784.75	1360457
2019-03-01 00:00:00	2785.25	2808.25	2783.0	2805.0	1265597
2019-03-04 00:00:00	2814.0	2819.75	2767.5	2791.5	1791972
2019-03-05 00:00:00	2790.5	2799.0	2783.25	2791.5	1203448
2019-03-06 00:00:00	2786.5	2792.75	2768.5	2771.5	1509846
2019-03-07 00:00:00	2770.5	2776.25	2738.5	2750.0	1919820
2019-03-08 00:00:00	2749.0	2751.5	2722.0	2747.0	1380324
2019-03-11 00:00:00	2745.5	2787.5	2736.75	2784.0	1300372
2019-03-12 00:00:00	2784.75	2798.25	2780.5	2792.0	958317
2019-03-13 00:00:00	2792.25	2821.25	2783.0	2814.5	583009
2019-03-14 00:00:00	2816.0	2820.0	2803.75	2807.25	330522
2019-03-15 00:00:00	2808.0	2821.5	2807.5	2811.889892578125	1382358
2019-03-18 00:00:00	2827.0	2842.0	2824.0	2840.5	1036540
2019-03-19 00:00:00	2841.5	2858.75	2829.0	2836.5	1497577
2019-03-20 00:00:00	2837.25	2849.25	2817.25	2827.0	1693207
2019-03-21 00:00:00	2823.75	2866.0	2813.75	2862.5	1657949
2019-03-22 00:00:00	2859.5	2864.75	2805.25	2810.75	2254842
2019-03-25 00:00:00	2813.0	2818.5	2789.5	2807.0	1801326
2019-03-26 00:00:00	2808.5	2835.0	2806.0	2823.0	1461068
2019-03-27 00:00:00	2823.5	2831.75	2791.75	2810.5	1726746
2019-03-28 00:00:00	2807.0	2824.25	2795.0	2821.0	1185882
2019-03-29 00:00:00	2820.5	2840.75	2820.25	2837.75	1491974
2019-04-01 00:00:00	2844.5	2873.5	2844.5	2870.5	1256933
2019-04-02 00:00:00	2868.5	2873.75	2862.25	2867.0	859942
2019-04-03 00:00:00	2866.0	2889.25	2865.25	2879.75	1240848
2019-04-04 00:00:00	2880.75	2885.75	2871.0	2882.75	1045539
2019-04-05 00:00:00	2882.5	2898.0	2880.5	2896.0	1221029
2019-04-08 00:00:00	2896.25	2899.75	2884.25	2898.25	978909
2019-04-09 00:00:00	2898.5	2900.0	2877.25	2882.5	1182395
2019-04-10 00:00:00	2882.0	2896.0	2878.0	2894.5	972310
2019-04-11 00:00:00	2894.75	2900.0	2885.25	2891.75	968649
2019-04-12 00:00:00	2892.0	2914.75	2890.75	2912.5	1227893
2019-04-15 00:00:00	2912.0	2914.5	2900.5	2909.5	955662
2019-04-16 00:00:00	2910.25	2921.25	2904.5	2911.5	1124491
2019-04-17 00:00:00	2910.25	2923.5	2898.5	2900.5	1382265
2019-04-18 00:00:00	2901.0	2911.75	2889.5	2910.0	1335778
2019-04-22 00:00:00	2908.75	2915.75	2899.0	2912.5	706067
2019-04-23 00:00:00	2911.75	2939.75	2908.0	2938.0	1193738
2019-04-24 00:00:00	2937.25	2939.75	2927.75	2930.75	1125250
2019-04-25 00:00:00	2930.0	2935.75	2914.25	2926.25	1376185
2019-04-26 00:00:00	2923.75	2942.75	2917.25	2941.5	1246988
2019-04-29 00:00:00	2939.25	2951.5	2937.75	2943.0	944846
2019-04-30 00:00:00	2942.5	2956.5	2926.0	2948.5	1491268
2019-05-01 00:00:00	2955.0	2961.25	2916.0	2923.0	1502201
2019-05-02 00:00:00	2916.5	2932.75	2901.0	2917.5	1813837
2019-05-03 00:00:00	2918.5	2949.5	2916.5	2947.5	1295606
2019-05-06 00:00:00	2917.75	2938.25	2883.5	2932.5	2037157
2019-05-07 00:00:00	2911.75	2930.5	2862.5	2890.75	2813033
2019-05-08 00:00:00	2889.75	2899.5	2868.75	2887.25	2043325
2019-05-09 00:00:00	2884.0	2885.5	2836.25	2872.75	2705412
2019-05-10 00:00:00	2869.75	2893.0	2826.0	2887.0	2848095
2019-05-13 00:00:00	2858.5	2869.25	2802.0	2807.0	2790074
2019-05-14 00:00:00	2806.0	2853.75	2799.75	2839.25	1797995
2019-05-15 00:00:00	2840.75	2860.0	2815.0	2855.0	1753507
2019-05-16 00:00:00	2853.5	2894.0	2840.5	2878.5	1687728
2019-05-17 00:00:00	2879.75	2887.5	2852.5	2862.0	1926351
2019-05-20 00:00:00	2861.5	2876.5	2832.5	2844.0	1659139
2019-05-21 00:00:00	2848.0	2870.75	2846.25	2866.0	1303238
2019-05-22 00:00:00	2864.75	2869.5	2848.25	2857.5	1258767
2019-05-23 00:00:00	2857.75	2858.5	2805.75	2819.5	2013518
2019-05-24 00:00:00	2821.75	2842.0	2819.25	2831.75	1201967
2019-05-28 00:00:00	2831.0	2841.25	2800.5	2805.0	1633540
2019-05-29 00:00:00	2804.25	2806.0	2766.25	2780.0	2087458
2019-05-30 00:00:00	2779.5	2799.0	2776.5	2790.5	1282029
2019-05-31 00:00:00	2788.75	2791.0	2750.0	2752.5	2211587
2019-06-03 00:00:00	2741.0	2763.75	2728.75	2749.5	2297243
2019-06-04 00:00:00	2754.0	2806.25	2744.0	2805.0	1836910
2019-06-05 00:00:00	2806.5	2829.5	2801.0	2827.75	1743779
2019-06-06 00:00:00	2820.5	2853.0	2812.75	2845.75	1566762
2019-06-07 00:00:00	2840.0	2886.25	2838.0	2875.0	1687328
2019-06-10 00:00:00	2893.25	2905.75	2880.5	2889.25	1416247
2019-06-11 00:00:00	2890.25	2911.5	2879.25	2887.0	1397028
2019-06-12 00:00:00	2887.25	2891.0	2875.25	2881.0	1205406
2019-06-13 00:00:00	2882.0	2896.5	2867.25	2894.5	1437516
2019-06-14 00:00:00	2893.75	2898.75	2880.5	2890.5	1257750
2019-06-17 00:00:00	2890.75	2900.75	2887.75	2892.0	1157402
2019-06-18 00:00:00	2893.5	2931.75	2884.5	2921.75	1073047
2019-06-19 00:00:00	2920.5	2932.5	2909.0	2929.0	638949
2019-06-20 00:00:00	2926.75	2960.0	2926.0	2955.75	473310
2019-06-21 00:00:00	2953.75	2956.0	2944.0	2953.89990234375	1547604
2019-06-24 00:00:00	2948.0	2961.75	2947.25	2952.0	910166
2019-06-25 00:00:00	2951.0	2958.25	2920.0	2922.0	1417191
2019-06-26 00:00:00	2922.5	2939.0	2914.5	2918.0	1232682
2019-06-27 00:00:00	2914.75	2935.75	2914.75	2931.0	1060248
2019-06-28 00:00:00	2932.75	2955.25	2930.0	2944.25	1322759
2019-07-01 00:00:00	2970.0	2981.75	2955.5	2967.75	1457722
2019-07-02 00:00:00	2968.0	2980.0	2958.5	2979.5	1119495
2019-07-03 00:00:00	2979.0	3001.5	2973.75	3000.25	805258
2019-07-05 00:00:00	3000.75	3006.0	2971.25	2990.5	1339312
2019-07-08 00:00:00	2990.75	2994.75	2973.25	2978.5	1016611
2019-07-09 00:00:00	2977.75	2986.25	2963.5	2982.0	956650
2019-07-10 00:00:00	2982.25	3007.5	2971.25	2997.5	1422362
2019-07-11 00:00:00	2996.0	3006.75	2992.5	3004.0	1181911
2019-07-12 00:00:00	3003.0	3018.0	3002.25	3015.5	969956
2019-07-15 00:00:00	3015.25	3023.5	3010.75	3017.25	829936
2019-07-16 00:00:00	3017.25	3021.75	3004.5	3007.0	939814
2019-07-17 00:00:00	3005.75	3013.0	2980.5	2985.0	1039457
2019-07-18 00:00:00	2980.75	3005.25	2974.5	2997.5	1345038
2019-07-19 00:00:00	3003.75	3009.75	2969.5	2977.0	1482373
2019-07-22 00:00:00	2974.5	2993.5	2972.5	2989.0	1098399
2019-07-23 00:00:00	2988.75	3008.5	2987.5	3008.0	1056909
2019-07-24 00:00:00	3003.0	3022.0	2996.0	3021.5	1068766
2019-07-25 00:00:00	3018.0	3027.75	2998.0	3006.5	1333721
2019-07-26 00:00:00	3006.5	3029.5	3006.0	3024.5	961015
2019-07-29 00:00:00	3022.0	3027.25	3015.5	3021.75	823572
2019-07-30 00:00:00	3022.25	3027.5	3001.5	3012.25	1182050
2019-07-31 00:00:00	3016.25	3020.75	2958.0	2982.25	1951108
2019-08-01 00:00:00	2970.25	3014.25	2944.5	2952.0	2736926
2019-08-02 00:00:00	2950.25	2961.0	2913.5	2932.5	2447014
2019-08-05 00:00:00	2929.25	2933.5	2820.5	2830.0	3072122
2019-08-06 00:00:00	2816.25	2883.75	2775.75	2876.0	2601037
2019-08-07 00:00:00	2873.75	2891.5	2823.25	2880.5	2680813
2019-08-08 00:00:00	2879.0	2940.75	2870.5	2940.0	1800667
2019-08-09 00:00:00	2928.0	2935.75	2899.0	2919.75	2026304
2019-08-12 00:00:00	2918.75	2931.0	2872.5	2880.25	1710875
2019-08-13 00:00:00	2882.25	2944.25	2866.75	2932.0	2184012
2019-08-14 00:00:00	2931.0	2936.5	2835.75	2840.75	2786308
2019-08-15 00:00:00	2836.0	2871.75	2817.75	2848.5	2495340
2019-08-16 00:00:00	2851.0	2894.75	2849.5	2891.5	1631175
2019-08-19 00:00:00	2893.0	2932.25	2892.5	2923.75	1285798
2019-08-20 00:00:00	2921.25	2932.25	2894.25	2898.25	1475214
2019-08-21 00:00:00	2893.25	2932.5	2893.0	2929.25	1180368
2019-08-22 00:00:00	2931.25	2939.75	2904.25	2922.25	1470309
2019-08-23 00:00:00	2920.25	2936.75	2834.0	2855.5	2864662
2019-08-26 00:00:00	2831.0	2888.5	2810.25	2883.25	1850231
2019-08-27 00:00:00	2882.75	2899.5	2860.0	2865.5	1528362
2019-08-28 00:00:00	2866.25	2890.5	2851.75	2889.75	1489617
2019-08-29 00:00:00	2883.25	2930.75	2875.25	2926.75	1489670
2019-08-30 00:00:00	2923.25	2946.5	2913.25	2924.75	1642516
2019-09-03 00:00:00	2901.0	2926.5	2889.0	2906.0	1999829
2019-09-04 00:00:00	2903.0	2939.5	2902.0	2938.5	1252834
2019-09-05 00:00:00	2938.0	2986.5	2936.5	2972.0	1669999
2019-09-06 00:00:00	2970.75	2988.25	2970.25	2980.75	1182287
2019-09-09 00:00:00	2980.25	2991.5	2969.5	2978.25	1199935
2019-09-10 00:00:00	2979.25	2985.0	2957.25	2978.5	1493346
2019-09-11 00:00:00	2979.0	3004.25	2972.0	3002.0	1423833
2019-09-12 00:00:00	3003.0	3021.75	3001.0	3011.75	1745651
2019-09-13 00:00:00	3010.0	3023.75	3003.5	3006.5	1275710
2019-09-16 00:00:00	2993.5	3003.25	2981.25	2999.0	1197095
2019-09-17 00:00:00	3001.75	3006.5	2991.5	3005.5	1096388
2019-09-18 00:00:00	3006.0	3011.0	2978.5	3006.25	637344
2019-09-19 00:00:00	3008.0	3022.25	2988.75	3006.0	372849
2019-09-20 00:00:00	3005.5	3015.5	3001.75	3013.610107421875	1476593
2019-09-23 00:00:00	2995.75	3008.25	2982.0	2997.0	1044218
2019-09-24 00:00:00	3001.0	3012.25	2958.5	2970.25	1936806
2019-09-25 00:00:00	2971.0	2991.75	2953.75	2986.25	1501723
2019-09-26 00:00:00	2985.75	2995.0	2964.25	2980.5	1351351
2019-09-27 00:00:00	2979.75	2993.0	2946.25	2963.75	1673557
2019-09-30 00:00:00	2976.0	2986.25	2964.5	2978.5	1155807
2019-10-01 00:00:00	2984.0	2994.5	2937.0	2937.75	1601531
2019-10-02 00:00:00	2942.25	2949.0	2874.0	2880.5	2126769
2019-10-03 00:00:00	2883.75	2912.5	2855.0	2911.75	2037970
2019-10-04 00:00:00	2911.5	2953.25	2896.75	2951.0	1497975
2019-10-07 00:00:00	2929.75	2959.5	2928.0	2937.5	1266872
2019-10-08 00:00:00	2934.5	2950.0	2890.5	2892.5	1865325
2019-10-09 00:00:00	2893.5	2934.25	2888.25	2919.0	1305749
2019-10-10 00:00:00	2920.5	2954.0	2881.75	2941.0	1577766
2019-10-11 00:00:00	2949.0	2994.0	2941.75	2970.75	1743810
2019-10-14 00:00:00	2968.0	2982.5	2953.75	2965.5	833670
2019-10-15 00:00:00	2966.75	3003.25	2966.5	2997.75	1181207
2019-10-16 00:00:00	2996.5	2997.75	2984.75	2991.5	1148118
2019-10-17 00:00:00	2992.25	3008.0	2985.25	2998.0	1121748
2019-10-18 00:00:00	2997.75	3001.25	2975.0	2988.25	1335276
2019-10-21 00:00:00	2984.75	3007.5	2983.75	3006.5	886557
2019-10-22 00:00:00	3006.5	3014.25	2988.25	2994.5	1125601
2019-10-23 00:00:00	2992.0	3006.0	2982.0	3005.75	1055958
2019-10-24 00:00:00	3006.0	3015.25	2998.75	3004.25	1061278
2019-10-25 00:00:00	3003.75	3026.5	3000.0	3020.25	1098391
2019-10-28 00:00:00	3023.0	3042.75	3022.75	3036.25	1041931
2019-10-29 00:00:00	3038.25	3046.25	3029.5	3035.75	1040149
2019-10-30 00:00:00	3036.5	3055.0	3023.25	3047.75	1179153
2019-10-31 00:00:00	3051.75	3052.0	3020.25	3035.75	1766536
2019-11-01 00:00:00	3036.0	3065.0	3033.0	3063.25	1279508
2019-11-04 00:00:00	3064.75	3083.75	3064.75	3075.75	1179714
2019-11-05 00:00:00	3076.75	3085.75	3069.75	3072.0	1124217
2019-11-06 00:00:00	3071.5	3078.0	3063.0	3075.5	1076833
2019-11-07 00:00:00	3077.25	3097.0	3070.25	3086.0	1353330
2019-11-08 00:00:00	3086.25	3092.5	3072.5	3090.5	1080147
2019-11-11 00:00:00	3090.5	3092.25	3074.5	3087.5	844597
2019-11-12 00:00:00	3087.75	3102.0	3081.25	3092.0	1101243
2019-11-13 00:00:00	3091.25	3097.0	3075.75	3095.5	1251057
2019-11-14 00:00:00	3096.25	3099.75	3081.75	3097.0	1105353
2019-11-15 00:00:00	3097.0	3119.5	3095.75	3118.25	1251167
2019-11-18 00:00:00	3119.0	3127.75	3111.0	3121.75	1034214
2019-11-19 00:00:00	3121.5	3132.5	3112.75	3118.5	1195901
2019-11-20 00:00:00	3116.5	3118.5	3090.75	3109.0	1693828
2019-11-21 00:00:00	3097.25	3114.5	3091.25	3104.0	1434552
2019-11-22 00:00:00	3104.0	3114.5	3097.75	3111.5	995416
2019-11-25 00:00:00	3119.0	3133.5	3116.5	3132.75	947831
2019-11-26 00:00:00	3131.25	3145.0	3128.0	3143.75	1068011
2019-11-27 00:00:00	3143.75	3155.0	3141.75	3153.75	928792
2019-11-29 00:00:00	3154.75	3155.0	3139.5	3143.75	902189
2019-12-02 00:00:00	3146.25	3158.0	3110.25	3114.25	1927030
2019-12-03 00:00:00	3114.25	3121.75	3069.5	3091.0	2146620
2019-12-04 00:00:00	3091.75	3119.5	3081.75	3111.0	1485940
2019-12-05 00:00:00	3111.0	3124.75	3103.25	3117.75	1318780
2019-12-06 00:00:00	3117.75	3151.0	3117.0	3146.0	1300299
2019-12-09 00:00:00	3146.5	3149.5	3131.25	3134.5	1145426
2019-12-10 00:00:00	3133.5	3143.0	3116.25	3136.0	1425723
2019-12-11 00:00:00	3135.5	3144.5	3129.5	3143.0	1225764
2019-12-12 00:00:00	3144.0	3177.5	3137.25	3168.0	2379008
2019-12-13 00:00:00	3175.75	3185.0	3156.75	3172.0	1834941
2019-12-16 00:00:00	3176.5	3198.75	3173.75	3194.25	1413219
2019-12-17 00:00:00	3192.5	3199.25	3187.75	3192.0	1032120
2019-12-18 00:00:00	3189.5	3199.0	3188.5	3194.75	582632
2019-12-19 00:00:00	3195.0	3209.0	3190.25	3207.0	433420
2019-12-20 00:00:00	3208.5	3231.02001953125	3204.25	3231.02001953125	1320006
2019-12-23 00:00:00	3227.0	3234.25	3224.25	3227.25	665895
2019-12-24 00:00:00	3228.25	3231.25	3222.5	3225.75	297971
2019-12-26 00:00:00	3227.5	3244.75	3227.0	3244.5	464639
2019-12-27 00:00:00	3242.0	3254.0	3235.5	3237.5	984389
2019-12-30 00:00:00	3238.25	3244.25	3217.25	3223.5	1124598
2019-12-31 00:00:00	3223.25	3236.25	3213.0	3231.0	1157924
2020-01-02 00:00:00	3237.0	3261.75	3234.25	3259.0	1416241
2020-01-03 00:00:00	3261.0	3263.5	3206.75	3235.5	1755057
2020-01-06 00:00:00	3220.25	3249.5	3208.75	3243.5	1502748
2020-01-07 00:00:00	3243.5	3254.5	3226.0	3235.25	1293494
2020-01-08 00:00:00	3231.75	3267.75	3181.0	3260.25	2279138
2020-01-09 00:00:00	3261.25	3276.75	3257.75	3276.0	1297679
2020-01-10 00:00:00	3275.5	3287.0	3260.75	3264.75	1533121
2020-01-13 00:00:00	3265.75	3291.0	3265.5	3289.75	1008998
2020-01-14 00:00:00	3289.25	3296.75	3275.25	3288.0	1694799
2020-01-15 00:00:00	3287.75	3299.0	3277.75	3293.75	1468347
2020-01-16 00:00:00	3294.25	3318.0	3294.0	3316.5	1335246
2020-01-17 00:00:00	3316.75	3330.25	3316.0	3325.0	1312253
2020-01-21 00:00:00	3325.0	3329.75	3307.25	3319.5	1573187
2020-01-22 00:00:00	3321.25	3337.5	3315.25	3319.75	1505107
2020-01-23 00:00:00	3317.25	3327.0	3301.25	3326.0	1717046
2020-01-24 00:00:00	3326.5	3337.0	3280.5	3293.5	2515168
2020-01-27 00:00:00	3269.75	3269.75	3233.0	3239.5	2581636
2020-01-28 00:00:00	3239.5	3285.0	3238.75	3278.25	1910878
2020-01-29 00:00:00	3281.75	3292.75	3265.25	3272.5	1665382
2020-01-30 00:00:00	3271.5	3295.25	3239.75	3289.75	2421276
2020-01-31 00:00:00	3292.0	3297.5	3212.75	3224.0	3152069
2020-02-03 00:00:00	3222.75	3267.25	3222.0	3245.5	1919477
2020-02-04 00:00:00	3244.25	3305.25	3236.0	3299.5	1698403
2020-02-05 00:00:00	3300.25	3338.0	3288.25	3335.0	2046111
2020-02-06 00:00:00	3337.0	3357.75	3332.5	3345.25	1462323
2020-02-07 00:00:00	3349.0	3350.0	3320.75	3325.5	1698940
2020-02-10 00:00:00	3322.25	3353.5	3303.5	3353.0	1399815
2020-02-11 00:00:00	3351.0	3374.5	3349.25	3357.5	1486164
2020-02-12 00:00:00	3360.5	3381.5	3355.5	3380.5	1229231
2020-02-13 00:00:00	3381.25	3384.75	3348.5	3377.5	1772784
2020-02-14 00:00:00	3379.5	3388.5	3365.25	3381.0	1334897
2020-02-18 00:00:00	3382.25	3392.5	3355.25	3369.25	1735931
2020-02-19 00:00:00	3372.0	3393.75	3370.75	3387.25	1163426
2020-02-20 00:00:00	3391.75	3397.5	3339.25	3369.25	2073749
2020-02-21 00:00:00	3367.0	3369.25	3328.0	3339.25	2293728
2020-02-24 00:00:00	3309.0	3312.0	3213.75	3226.25	3636687
2020-02-25 00:00:00	3223.0	3259.5	3117.25	3132.5	4375530
2020-02-26 00:00:00	3138.0	3182.0	3091.0	3110.25	3889097
2020-02-27 00:00:00	3100.25	3117.0	2944.5	2957.0	4734434
2020-02-28 00:00:00	2950.0	2996.0	2853.25	2951.0	5715227
2020-03-02 00:00:00	2900.0	3093.25	2889.25	3065.0	3689149
2020-03-03 00:00:00	3077.0	3137.0	2973.0	2997.0	3754363
2020-03-04 00:00:00	2988.25	3129.5	2976.5	3114.75	2590464
2020-03-05 00:00:00	3109.25	3113.75	2996.5	3015.5	2807262
2020-03-06 00:00:00	3024.25	3037.0	2898.0	2964.0	3163400
2020-03-09 00:00:00	2916.0	2916.0	2715.0	2747.75	2672753
2020-03-10 00:00:00	2733.0	2884.75	2695.25	2865.75	3423140
2020-03-11 00:00:00	2859.5	2869.5	2702.75	2740.25	2992894
2020-03-12 00:00:00	2738.0	2774.0	2442.5	2469.0	4366577
2020-03-13 00:00:00	2429.5	2707.75	2393.5	2696.0	3423449
2020-03-16 00:00:00	2673.75	2675.0	2360.25	2416.25	2378284
2020-03-17 00:00:00	2417.25	2554.5	2365.0	2495.5	1683796
2020-03-18 00:00:00	2478.5	2498.0	2274.75	2414.0	976536
2020-03-19 00:00:00	2414.25	2474.0	2288.0	2403.25	631228
2020-03-20 00:00:00	2364.25	2512.75	2346.25	2437.97998046875	3075997
2020-03-23 00:00:00	2220.25	2386.0	2174.0	2220.5	3076791
2020-03-24 00:00:00	2233.25	2447.75	2230.5	2438.0	2639522
2020-03-25 00:00:00	2442.75	2560.75	2386.0	2467.0	3037767
2020-03-26 00:00:00	2471.0	2625.75	2402.25	2608.0	2413913
2020-03-27 00:00:00	2627.75	2634.5	2505.25	2524.0	2320755
2020-03-30 00:00:00	2459.0	2621.75	2445.0	2611.25	1837692
2020-03-31 00:00:00	2613.25	2635.75	2555.75	2569.75	2248012
2020-04-01 00:00:00	2562.0	2562.25	2434.25	2448.0	2091378
2020-04-02 00:00:00	2459.0	2525.0	2424.75	2516.5	2145458
2020-04-03 00:00:00	2513.75	2529.5	2449.0	2482.75	1763886
2020-04-06 00:00:00	2485.0	2668.5	2484.75	2644.5	2034419
2020-04-07 00:00:00	2645.5	2750.0	2623.5	2642.0	2486524
2020-04-08 00:00:00	2640.5	2752.5	2620.75	2735.0	1920688
2020-04-09 00:00:00	2737.75	2809.5	2701.0	2779.75	2342733
2020-04-13 00:00:00	2811.0	2819.5	2711.0	2759.25	1571402
2020-04-14 00:00:00	2760.0	2846.0	2752.5	2843.0	1716496
2020-04-15 00:00:00	2843.75	2845.5	2751.25	2775.0	1831570
2020-04-16 00:00:00	2767.75	2831.5	2746.0	2787.5	1749108
2020-04-17 00:00:00	2863.0	2885.0	2821.0	2870.0	1924019
2020-04-20 00:00:00	2861.5	2875.5	2804.25	2806.5	1566934
2020-04-21 00:00:00	2807.0	2833.25	2717.25	2732.0	1969844
2020-04-22 00:00:00	2737.25	2808.0	2717.25	2788.5	1369529
2020-04-23 00:00:00	2790.5	2836.75	2772.75	2780.75	1703918
2020-04-24 00:00:00	2777.0	2835.0	2755.25	2829.5	1293756
2020-04-27 00:00:00	2829.0	2881.25	2812.75	2869.0	1224445
2020-04-28 00:00:00	2867.75	2913.5	2851.0	2867.25	1614021
2020-04-29 00:00:00	2870.5	2959.75	2860.75	2941.0	1737371
2020-04-30 00:00:00	2956.5	2965.0	2878.0	2902.5	2027924
2020-05-01 00:00:00	2871.5	2879.75	2811.75	2821.75	1647259
2020-05-04 00:00:00	2789.0	2835.75	2771.0	2825.25	1510680
2020-05-05 00:00:00	2827.0	2889.75	2824.5	2858.25	1474765
2020-05-06 00:00:00	2857.75	2886.25	2832.0	2833.5	1466641
2020-05-07 00:00:00	2832.0	2895.0	2823.0	2880.0	1494330
2020-05-08 00:00:00	2882.0	2933.0	2879.75	2928.5	1326254
2020-05-11 00:00:00	2920.75	2947.0	2889.75	2922.75	1528302
2020-05-12 00:00:00	2919.25	2939.25	2838.0	2852.5	1824303
2020-05-13 00:00:00	2839.75	2876.75	2786.0	2813.0	2591379
2020-05-14 00:00:00	2820.25	2853.75	2760.25	2847.0	2501222
2020-05-15 00:00:00	2846.25	2863.5	2809.5	2846.5	1897194
2020-05-18 00:00:00	2859.75	2964.75	2850.0	2948.0	1775433
2020-05-19 00:00:00	2945.0	2976.25	2914.25	2918.75	1567224
2020-05-20 00:00:00	2913.5	2975.75	2908.5	2968.5	1532404
2020-05-21 00:00:00	2972.25	2973.5	2933.0	2937.0	1608225
2020-05-22 00:00:00	2936.75	2957.5	2903.75	2953.0	1377263
2020-05-26 00:00:00	2948.5	3019.75	2947.5	2994.5	1797241
2020-05-27 00:00:00	2994.0	3039.5	2965.5	3035.5	2109332
2020-05-28 00:00:00	3035.0	3065.5	3019.5	3038.0	1881295
2020-05-29 00:00:00	3036.0	3058.25	2992.0	3042.0	2258009
2020-06-01 00:00:00	3029.75	3059.0	3008.0	3054.0	1277803
2020-06-02 00:00:00	3052.75	3079.0	3035.0	3077.0	1458830
2020-06-03 00:00:00	3078.0	3129.5	3074.25	3117.75	1623708
2020-06-04 00:00:00	3117.75	3126.75	3087.5	3110.5	1830904
2020-06-05 00:00:00	3113.25	3210.5	3106.5	3186.75	2444330
2020-06-08 00:00:00	3192.5	3231.25	3183.25	3227.5	1602601
2020-06-09 00:00:00	3227.75	3231.0	3190.0	3205.5	1695764
2020-06-10 00:00:00	3204.75	3227.25	3179.75	3186.0	1996065
2020-06-11 00:00:00	3183.75	3188.5	2996.25	3010.25	3528726
2020-06-12 00:00:00	3011.75	3087.75	2982.0	3034.75	2872339
2020-06-15 00:00:00	2992.75	3079.25	2935.0	3073.0	1947459
2020-06-16 00:00:00	3076.25	3167.75	3071.25	3128.75	1377224
2020-06-17 00:00:00	3122.0	3157.75	3105.0	3118.0	610877
2020-06-18 00:00:00	3115.0	3130.5	3075.25	3109.0	373718
2020-06-19 00:00:00	3108.25	3196.0	3106.75	3161.260009765625	1952273
2020-06-22 00:00:00	3040.25	3114.25	3027.25	3110.75	1392325
2020-06-23 00:00:00	3111.75	3145.75	3060.0	3118.5	1528485
2020-06-24 00:00:00	3113.25	3128.5	3019.75	3049.0	2387916
2020-06-25 00:00:00	3046.75	3079.5	3005.0	3070.75	1967245
2020-06-26 00:00:00	3071.25	3082.0	2992.5	3007.0	2208418
2020-06-29 00:00:00	2986.25	3051.25	2983.5	3047.75	1585146
2020-06-30 00:00:00	3046.0	3101.25	3030.25	3090.25	1724164
2020-07-01 00:00:00	3085.25	3117.75	3062.75	3103.0	1537321
2020-07-02 00:00:00	3101.75	3156.5	3095.5	3129.0	1552517
2020-07-06 00:00:00	3125.25	3174.5	3105.75	3172.0	1459512
2020-07-07 00:00:00	3170.0	3184.0	3132.5	3136.5	1333466
2020-07-08 00:00:00	3135.25	3166.25	3125.5	3163.5	1527612
2020-07-09 00:00:00	3166.25	3170.75	3105.25	3141.0	1881833
2020-07-10 00:00:00	3142.25	3181.25	3111.5	3178.5	1408591
2020-07-13 00:00:00	3183.5	3226.25	3140.5	3148.25	2074726
2020-07-14 00:00:00	3149.75	3192.25	3119.0	3183.5	2256766
2020-07-15 00:00:00	3204.0	3233.25	3192.0	3219.5	1937696
2020-07-16 00:00:00	3223.25	3228.5	3188.5	3194.5	1471311
2020-07-17 00:00:00	3198.5	3225.25	3194.75	3214.0	1261113
2020-07-20 00:00:00	3214.5	3250.5	3190.25	3245.25	1401168
2020-07-21 00:00:00	3243.75	3273.25	3239.25	3251.25	1463931
2020-07-22 00:00:00	3249.25	3271.75	3227.25	3265.5	1354244
2020-07-23 00:00:00	3267.75	3284.5	3214.25	3227.5	1704453
2020-07-24 00:00:00	3230.0	3239.0	3191.5	3204.0	1761346
2020-07-27 00:00:00	3210.75	3235.0	3192.0	3232.25	1299512
2020-07-28 00:00:00	3235.0	3246.75	3208.0	3213.0	1375293
2020-07-29 00:00:00	3215.0	3257.0	3204.25	3252.5	1218031
2020-07-30 00:00:00	3256.75	3269.0	3195.0	3248.75	2000721
2020-07-31 00:00:00	3269.25	3273.75	3212.5	3263.5	2282794
2020-08-03 00:00:00	3272.0	3295.5	3254.75	3288.5	1250449
2020-08-04 00:00:00	3290.75	3300.5	3271.0	3300.0	1145269
2020-08-05 00:00:00	3300.75	3323.25	3292.0	3316.0	1116787
2020-08-06 00:00:00	3317.0	3345.5	3300.5	3344.25	1346665
2020-08-07 00:00:00	3343.75	3347.75	3322.25	3344.75	1615367
2020-08-10 00:00:00	3347.0	3357.25	3329.0	3352.75	1201751
2020-08-11 00:00:00	3350.25	3379.0	3319.5	3330.0	1733040
2020-08-12 00:00:00	3339.5	3382.5	3326.25	3370.0	1408718
2020-08-13 00:00:00	3367.75	3382.0	3357.5	3367.75	1205758
2020-08-14 00:00:00	3369.25	3380.5	3350.0	3361.5	1084771
2020-08-17 00:00:00	3366.0	3382.75	3364.75	3379.75	759304
2020-08-18 00:00:00	3379.25	3390.75	3365.25	3387.0	1019552
2020-08-19 00:00:00	3388.75	3395.75	3365.5	3372.75	1368420
2020-08-20 00:00:00	3370.25	3387.0	3344.75	3380.75	1203334
2020-08-21 00:00:00	3383.5	3396.25	3356.75	3392.5	1221450
2020-08-24 00:00:00	3398.75	3429.5	3393.5	3427.5	1282950
2020-08-25 00:00:00	3427.0	3448.75	3421.75	3443.0	1133837
2020-08-26 00:00:00	3444.75	3483.5	3436.75	3480.25	1277539
2020-08-27 00:00:00	3479.5	3498.25	3464.75	3485.25	1633581
2020-08-28 00:00:00	3488.0	3509.5	3480.75	3504.5	1248430
2020-08-31 00:00:00	3508.5	3524.5	3490.0	3499.0	1439600
2020-09-01 00:00:00	3493.25	3530.0	3484.25	3527.0	1283622
2020-09-02 00:00:00	3529.0	3587.0	3526.25	3579.25	1853078
2020-09-03 00:00:00	3578.75	3586.5	3424.5	3461.5	2872337
2020-09-04 00:00:00	3454.75	3484.25	3347.75	3417.5	2994363
2020-09-08 00:00:00	3420.5	3447.0	3327.5	3335.5	2732946
2020-09-09 00:00:00	3315.25	3424.0	3295.5	3400.25	2011132
2020-09-10 00:00:00	3396.0	3424.25	3327.25	3340.5	2332667
2020-09-11 00:00:00	3345.25	3375.0	3308.75	3333.75	1876451
2020-09-14 00:00:00	3350.0	3402.75	3345.5	3382.5	1378626
2020-09-15 00:00:00	3379.5	3419.0	3376.0	3405.25	874366
2020-09-16 00:00:00	3405.0	3429.75	3384.0	3389.5	571749
2020-09-17 00:00:00	3392.75	3396.5	3320.5	3361.5	384917
2020-09-18 00:00:00	3355.75	3374.25	3341.75	3353.60009765625	2365554
2020-09-21 00:00:00	3314.5	3326.25	3217.75	3275.0	2507980
2020-09-22 00:00:00	3271.5	3309.5	3256.5	3299.25	1576319
2020-09-23 00:00:00	3303.75	3319.75	3221.0	3231.25	1979661
2020-09-24 00:00:00	3228.0	3268.25	3198.0	3238.0	2277010
2020-09-25 00:00:00	3243.5	3296.25	3206.5	3287.25	1697090
2020-09-28 00:00:00	3291.0	3351.25	3287.5	3346.0	1495804
2020-09-29 00:00:00	3348.75	3363.0	3316.5	3333.75	1326597
2020-09-30 00:00:00	3330.0	3384.0	3291.25	3352.0	2170601
2020-10-01 00:00:00	3344.75	3388.0	3343.25	3367.75	1517912
2020-10-02 00:00:00	3367.0	3375.5	3300.25	3339.25	2028921
2020-10-05 00:00:00	3360.0	3400.0	3346.5	3393.0	1077474
2020-10-06 00:00:00	3392.0	3421.75	3330.5	3353.25	1701062
2020-10-07 00:00:00	3338.0	3416.75	3332.25	3406.75	1400616
2020-10-08 00:00:00	3406.25	3447.25	3405.5	3437.5	1104986
2020-10-09 00:00:00	3447.25	3480.0	3445.25	3473.25	1185272
2020-10-12 00:00:00	3467.5	3541.0	3464.25	3532.75	1401063
2020-10-13 00:00:00	3534.0	3535.75	3491.5	3504.75	1617226
2020-10-14 00:00:00	3502.0	3524.0	3472.0	3481.0	1539718
2020-10-15 00:00:00	3479.25	3486.5	3431.5	3475.5	1650150
2020-10-16 00:00:00	3478.5	3508.5	3461.25	3462.25	1398947
2020-10-19 00:00:00	3471.0	3496.5	3410.75	3422.75	1645853
2020-10-20 00:00:00	3436.0	3469.75	3418.75	3432.25	1702183
2020-10-21 00:00:00	3437.0	3458.0	3420.5	3432.5	1681275
2020-10-22 00:00:00	3430.25	3453.0	3402.5	3449.25	1501259
2020-10-23 00:00:00	3455.75	3462.5	3431.5	3451.75	1216313
2020-10-26 00:00:00	3445.75	3446.25	3356.0	3393.5	1957780
2020-10-27 00:00:00	3394.25	3410.0	3368.25	3383.0	1566246
2020-10-28 00:00:00	3369.0	3370.25	3260.75	3263.5	2627180
2020-10-29 00:00:00	3279.0	3333.75	3250.25	3302.25	1965277
2020-10-30 00:00:00	3268.0	3296.25	3225.0	3264.75	2494925
2020-11-02 00:00:00	3260.0	3323.5	3243.25	3300.5	1849320
2020-11-03 00:00:00	3304.0	3382.75	3301.25	3361.5	1664690
2020-11-04 00:00:00	3362.75	3480.0	3319.0	3435.0	2813083
2020-11-05 00:00:00	3448.0	3522.5	3428.25	3504.75	1671417
2020-11-06 00:00:00	3508.75	3519.0	3456.75	3500.75	1640000
2020-11-09 00:00:00	3522.5	3668.0	3515.75	3544.0	2605322
2020-11-10 00:00:00	3549.5	3562.75	3506.5	3541.0	2160319
2020-11-11 00:00:00	3546.25	3576.75	3531.0	3568.0	1324983
2020-11-12 00:00:00	3574.5	3574.5	3513.0	3532.5	1685890
2020-11-13 00:00:00	3537.5	3590.0	3518.0	3582.0	1334530
2020-11-16 00:00:00	3587.0	3637.0	3586.5	3623.0	1303941
2020-11-17 00:00:00	3625.5	3630.0	3584.25	3606.75	1268206
2020-11-18 00:00:00	3604.5	3623.25	3556.5	3565.0	1325309
2020-11-19 00:00:00	3562.0	3582.75	3542.25	3580.0	1291117
2020-11-20 00:00:00	3560.0	3582.5	3542.75	3554.25	1189621
2020-11-23 00:00:00	3546.5	3588.0	3545.5	3576.0	1204848
2020-11-24 00:00:00	3576.0	3640.0	3575.25	3632.75	1288993
2020-11-25 00:00:00	3635.5	3655.0	3615.25	3627.25	1016343
2020-11-27 00:00:00	3630.25	3642.75	3612.75	3636.5	639268
2020-11-30 00:00:00	3643.75	3652.0	3592.25	3623.25	1712274
2020-12-01 00:00:00	3631.0	3677.5	3626.0	3660.5	1365328
2020-12-02 00:00:00	3661.25	3672.75	3642.25	3667.25	1106696
2020-12-03 00:00:00	3671.0	3682.0	3655.25	3664.5	1124033
2020-12-04 00:00:00	3668.25	3700.0	3665.5	3698.0	991860
2020-12-07 00:00:00	3694.75	3705.0	3672.25	3690.75	1078372
2020-12-08 00:00:00	3682.75	3708.0	3664.25	3702.0	1119000
2020-12-09 00:00:00	3707.75	3714.75	3659.5	3672.5	1792176
2020-12-10 00:00:00	3669.5	3681.25	3644.0	3668.5	1601203
2020-12-11 00:00:00	3670.0	3674.75	3628.25	3661.25	1538362
2020-12-14 00:00:00	3677.75	3698.0	3642.75	3646.5	1486250
2020-12-15 00:00:00	3653.0	3695.75	3642.75	3694.5	1029503
2020-12-16 00:00:00	3697.75	3711.5	3687.0	3700.75	584711
2020-12-17 00:00:00	3704.5	3724.75	3699.5	3721.25	292916
2020-12-18 00:00:00	3721.5	3733.25	3707.75	3726.25	1731161
2020-12-21 00:00:00	3718.25	3724.0	3596.0	3685.75	1837575
2020-12-22 00:00:00	3685.0	3695.0	3663.75	3677.25	1104998
2020-12-23 00:00:00	3674.25	3701.75	3651.0	3681.5	1021819
2020-12-24 00:00:00	3685.25	3696.0	3678.5	3695.0	369650
2020-12-28 00:00:00	3682.0	3732.25	3676.0	3727.5	760654
2020-12-29 00:00:00	3731.0	3747.75	3714.5	3720.0	992636
2020-12-30 00:00:00	3724.5	3738.25	3716.5	3724.25	769995
2020-12-31 00:00:00	3725.0	3753.0	3715.0	3748.75	993343
2021-01-04 00:00:00	3748.75	3773.25	3652.5	3692.25	2037616
2021-01-05 00:00:00	3695.0	3730.0	3673.25	3718.25	1414022
2021-01-06 00:00:00	3717.5	3774.75	3685.5	3740.5	2127155
2021-01-07 00:00:00	3752.5	3804.0	3742.0	3795.5	1302021
2021-01-08 00:00:00	3797.75	3824.5	3775.0	3817.5	1619438
2021-01-11 00:00:00	3815.5	3820.75	3776.5	3792.0	1292422
2021-01-12 00:00:00	3794.25	3806.75	3768.0	3794.5	1216214
2021-01-13 00:00:00	3792.0	3813.5	3776.5	3803.75	1049186
2021-01-14 00:00:00	3808.5	3817.75	3786.25	3791.25	1170812
2021-01-15 00:00:00	3793.0	3797.75	3741.5	3762.25	1781463
2021-01-19 00:00:00	3750.0	3797.0	3740.5	3790.5	1315580
2021-01-20 00:00:00	3796.75	3852.5	3788.5	3845.0	1248787
2021-01-21 00:00:00	3841.5	3859.75	3836.5	3846.0	1068271
2021-01-22 00:00:00	3846.75	3849.0	3813.25	3834.25	1186856
2021-01-25 00:00:00	3835.5	3853.25	3788.5	3848.5	1763898
2021-01-26 00:00:00	3845.0	3862.25	3821.5	3842.5	1172461
2021-01-27 00:00:00	3845.25	3853.0	3706.5	3744.25	2572020
2021-01-28 00:00:00	3735.25	3823.5	3703.5	3779.25	2149910
2021-01-29 00:00:00	3770.25	3777.25	3685.5	3705.25	2691820
2021-02-01 00:00:00	3692.25	3777.0	3656.5	3765.75	1687396
2021-02-02 00:00:00	3764.75	3835.75	3760.0	3818.25	1419765
2021-02-03 00:00:00	3829.5	3843.5	3807.75	3823.5	1285692
2021-02-04 00:00:00	3832.75	3869.75	3811.25	3864.5	1136404
2021-02-05 00:00:00	3864.25	3888.25	3860.0	3880.25	1138874
2021-02-08 00:00:00	3889.0	3911.25	3885.5	3908.0	972437
2021-02-09 00:00:00	3910.5	3913.25	3895.0	3905.5	881922
2021-02-10 00:00:00	3912.25	3928.5	3878.25	3903.0	1560824
2021-02-11 00:00:00	3907.0	3920.5	3884.5	3912.0	1296054
2021-02-12 00:00:00	3905.25	3936.25	3890.25	3931.0	1050298
2021-02-16 00:00:00	3936.5	3959.25	3918.75	3927.75	1450425
2021-02-17 00:00:00	3929.0	3932.25	3896.5	3928.0	1382825
2021-02-18 00:00:00	3928.25	3936.0	3880.5	3909.5	1536949
2021-02-19 00:00:00	3910.5	3931.0	3890.25	3903.0	1427294
2021-02-22 00:00:00	3905.5	3914.5	3861.25	3873.5	1514278
2021-02-23 00:00:00	3878.0	3896.0	3804.75	3878.0	2282940
2021-02-24 00:00:00	3876.25	3927.75	3851.75	3922.5	1944661
2021-02-25 00:00:00	3923.5	3934.5	3810.25	3828.0	2863387
2021-02-26 00:00:00	3823.25	3858.5	3785.0	3809.25	3010481
2021-03-01 00:00:00	3817.25	3912.0	3812.5	3898.75	1692835
2021-03-02 00:00:00	3903.25	3906.5	3865.5	3867.5	1641396
2021-03-03 00:00:00	3867.5	3898.0	3813.0	3816.75	2203398
2021-03-04 00:00:00	3818.0	3842.25	3720.5	3765.5	3192468
2021-03-05 00:00:00	3765.5	3850.0	3728.5	3839.0	2948117
2021-03-08 00:00:00	3854.75	3878.75	3796.25	3819.25	2198363
2021-03-09 00:00:00	3831.25	3901.25	3826.25	3873.25	1704837
2021-03-10 00:00:00	3878.5	3916.25	3856.25	3896.5	1845205
2021-03-11 00:00:00	3907.75	3958.5	3893.0	3936.75	1599748
2021-03-12 00:00:00	3937.5	3947.5	3910.25	3942.25	1448886
2021-03-15 00:00:00	3945.75	3969.75	3922.25	3967.5	1295099
2021-03-16 00:00:00	3967.0	3980.5	3952.75	3962.5	887247
2021-03-17 00:00:00	3967.5	3983.75	3935.25	3974.0	520411
2021-03-18 00:00:00	3972.0	3988.75	3911.0	3916.5	335435
2021-03-19 00:00:00	3923.75	3934.25	3908.0	3912.6201171875	2047619
2021-03-22 00:00:00	3893.5	3944.5	3885.0	3930.0	1325987
2021-03-23 00:00:00	3933.25	3938.75	3890.5	3899.75	1877976
2021-03-24 00:00:00	3905.75	3931.5	3877.5	3880.75	2063480
2021-03-25 00:00:00	3882.75	3909.5	3843.25	3900.5	2279488
2021-03-26 00:00:00	3907.5	3968.0	3900.75	3964.75	1984060
2021-03-29 00:00:00	3962.25	3971.25	3928.75	3959.0	2003052
2021-03-30 00:00:00	3965.25	3968.5	3933.75	3947.75	1590486
2021-03-31 00:00:00	3949.5	3983.75	3941.5	3967.5	1642169
2021-04-01 00:00:00	3967.5	4015.25	3964.5	4010.0	1245846
2021-04-05 00:00:00	4030.0	4073.75	4021.0	4067.75	1250666
2021-04-06 00:00:00	4069.75	4076.0	4052.25	4064.0	1252163
2021-04-07 00:00:00	4067.0	4075.5	4056.5	4070.0	1101579
2021-04-08 00:00:00	4074.25	4098.5	4072.5	4089.0	988346
2021-04-09 00:00:00	4098.0	4121.5	4081.0	4119.5	1090560
2021-04-12 00:00:00	4114.25	4124.5	4104.5	4120.25	1089291
2021-04-13 00:00:00	4122.75	4139.75	4101.25	4132.75	1081282
2021-04-14 00:00:00	4134.75	4144.0	4113.0	4118.0	1529562
2021-04-15 00:00:00	4123.5	4166.5	4119.5	4162.5	1277980
2021-04-16 00:00:00	4162.75	4183.5	4154.25	4176.25	1304078
2021-04-19 00:00:00	4165.0	4174.75	4141.75	4155.5	1618649
2021-04-20 00:00:00	4156.25	4167.25	4110.5	4126.5	1700883
2021-04-21 00:00:00	4121.25	4167.25	4113.0	4164.75	1505474
2021-04-22 00:00:00	4157.5	4171.75	4115.25	4127.75	1944942
2021-04-23 00:00:00	4129.0	4186.75	4127.5	4171.5	1509514
2021-04-26 00:00:00	4170.75	4186.0	4163.75	4179.5	1019731
2021-04-27 00:00:00	4181.5	4192.5	4166.75	4179.0	992029
2021-04-28 00:00:00	4180.25	4193.75	4172.75	4176.25	1282972
2021-04-29 00:00:00	4184.75	4211.0	4168.0	4203.5	1746965
2021-04-30 00:00:00	4200.75	4201.5	4167.25	4174.5	1898434
2021-05-03 00:00:00	4181.5	4202.5	4181.0	4185.75	1256240
2021-05-04 00:00:00	4184.25	4185.5	4120.5	4158.25	2003587
2021-05-05 00:00:00	4158.25	4180.0	4153.0	4160.0	1418246
2021-05-06 00:00:00	4158.75	4197.25	4140.5	4194.25	1751616
2021-05-07 00:00:00	4197.5	4232.25	4191.75	4225.25	1652592
2021-05-10 00:00:00	4226.75	4238.25	4172.0	4183.5	1662210
2021-05-11 00:00:00	4176.75	4185.5	4103.75	4146.25	2520859
2021-05-12 00:00:00	4140.0	4150.5	4051.0	4058.75	2629953
2021-05-13 00:00:00	4053.5	4126.75	4029.25	4107.0	2381081
2021-05-14 00:00:00	4112.5	4178.25	4105.25	4169.0	1513171
2021-05-17 00:00:00	4169.0	4178.75	4136.5	4157.75	1480730
2021-05-18 00:00:00	4159.0	4179.5	4111.5	4123.0	1285520
2021-05-19 00:00:00	4114.0	4123.0	4055.5	4111.5	2313119
2021-05-20 00:00:00	4107.75	4169.25	4084.5	4154.25	1486599
2021-05-21 00:00:00	4152.5	4185.0	4147.0	4151.75	1466725
2021-05-24 00:00:00	4151.5	4206.25	4142.5	4193.75	1046500
2021-05-25 00:00:00	4199.25	4212.75	4179.25	4185.5	1221701
2021-05-26 00:00:00	4188.0	4204.25	4180.5	4193.0	1051147
2021-05-27 00:00:00	4193.0	4211.5	4177.75	4199.0	1179928
2021-05-28 00:00:00	4211.25	4217.5	4201.0	4202.5	1110833
2021-06-01 00:00:00	4206.5	4230.0	4190.0	4198.5	1366344
2021-06-02 00:00:00	4198.5	4215.0	4190.75	4206.25	1059938
2021-06-03 00:00:00	4208.0	4213.25	4165.25	4191.25	1384271
2021-06-04 00:00:00	4190.75	4232.0	4177.0	4228.25	1051573
2021-06-07 00:00:00	4232.25	4232.5	4214.0	4225.5	934681
2021-06-08 00:00:00	4227.5	4236.75	4205.75	4225.75	1305814
2021-06-09 00:00:00	4225.5	4235.0	4217.0	4218.5	1057216
2021-06-10 00:00:00	4222.25	4249.0	4207.0	4238.0	1563728
2021-06-11 00:00:00	4239.5	4247.75	4230.75	4245.75	1084830
2021-06-14 00:00:00	4248.0	4257.5	4233.5	4254.75	1116773
2021-06-15 00:00:00	4255.25	4267.5	4238.0	4246.5	981189
2021-06-16 00:00:00	4248.0	4251.25	4200.75	4223.0	511740
2021-06-17 00:00:00	4214.25	4232.5	4193.0	4222.25	326193
2021-06-18 00:00:00	4225.75	4231.0	4183.75	4187.25	1951342
2021-06-21 00:00:00	4142.5	4219.75	4126.75	4213.75	1425623
2021-06-22 00:00:00	4219.25	4245.5	4205.75	4236.25	1063749
2021-06-23 00:00:00	4237.5	4248.25	4230.5	4231.5	938299
2021-06-24 00:00:00	4233.75	4263.75	4231.75	4256.0	878788
2021-06-25 00:00:00	4262.0	4276.75	4253.5	4271.25	906160
2021-06-28 00:00:00	4275.0	4282.0	4264.25	4280.5	823723
2021-06-29 00:00:00	4280.5	4291.0	4271.75	4282.0	741471
2021-06-30 00:00:00	4284.75	4294.25	4269.25	4288.5	1100062
2021-07-01 00:00:00	4294.25	4312.0	4286.0	4310.75	985190
2021-07-02 00:00:00	4309.75	4347.0	4308.0	4342.75	999780
2021-07-06 00:00:00	4341.0	4348.0	4305.25	4334.0	1368133
2021-07-07 00:00:00	4328.0	4353.25	4320.25	4349.75	1221078
2021-07-08 00:00:00	4352.25	4352.25	4279.25	4313.0	1991636
2021-07-09 00:00:00	4310.25	4364.0	4293.25	4360.0	1311506
2021-07-12 00:00:00	4362.0	4379.25	4341.75	4376.5	1055739
2021-07-13 00:00:00	4377.0	4383.75	4356.5	4361.25	1249893
2021-07-14 00:00:00	4359.5	4384.5	4350.0	4367.75	1308582
2021-07-15 00:00:00	4366.5	4370.25	4332.5	4352.0	1611726
2021-07-16 00:00:00	4347.75	4368.0	4314.25	4318.5	1636065
2021-07-19 00:00:00	4320.0	4320.75	4224.0	4251.25	2599774
2021-07-20 00:00:00	4262.75	4329.0	4252.75	4315.5	1844380
2021-07-21 00:00:00	4318.75	4355.25	4310.0	4350.5	1191429
2021-07-22 00:00:00	4355.0	4371.5	4341.5	4359.5	981969
2021-07-23 00:00:00	4371.5	4408.25	4367.25	4403.0	1173337
2021-07-26 00:00:00	4400.5	4416.75	4375.5	4414.25	938628
2021-07-27 00:00:00	4415.75	4416.0	4364.75	4394.5	1575473
2021-07-28 00:00:00	4380.0	4407.75	4377.5	4393.75	1221313
2021-07-29 00:00:00	4393.75	4422.5	4380.5	4411.75	1009496
2021-07-30 00:00:00	4394.25	4405.0	4370.75	4389.5	1376982
2021-08-02 00:00:00	4396.5	4419.75	4377.25	4379.75	1193301
2021-08-03 00:00:00	4383.75	4417.0	4365.25	4415.0	1296856
2021-08-04 00:00:00	4409.75	4415.0	4391.25	4394.75	1047251
2021-08-05 00:00:00	4396.25	4422.75	4393.75	4421.5	763343
2021-08-06 00:00:00	4420.25	4433.25	4416.0	4429.5	951045
2021-08-09 00:00:00	4428.0	4432.0	4412.25	4425.75	789726
2021-08-10 00:00:00	4427.25	4438.25	4416.5	4430.0	950320
2021-08-11 00:00:00	4429.25	4443.25	4420.75	4440.5	1001054
2021-08-12 00:00:00	4440.0	4456.25	4430.25	4454.5	850527
2021-08-13 00:00:00	4455.75	4463.25	4451.0	4462.5	789104
2021-08-16 00:00:00	4456.25	4476.5	4432.5	4474.0	1239520
2021-08-17 00:00:00	4472.0	4472.25	4411.75	4443.5	1789568
2021-08-18 00:00:00	4436.75	4449.75	4381.5	4394.5	1546011
2021-08-19 00:00:00	4389.75	4414.75	4347.75	4401.5	1924058
2021-08-20 00:00:00	4403.75	4440.5	4371.75	4437.0	1328852
2021-08-23 00:00:00	4435.0	4485.75	4433.5	4475.5	997026
2021-08-24 00:00:00	4481.0	4492.0	4476.75	4482.5	787503
2021-08-25 00:00:00	4483.5	4498.0	4476.25	4493.0	801106
2021-08-26 00:00:00	4493.75	4494.25	4465.0	4466.5	1306718
2021-08-27 00:00:00	4470.0	4510.0	4462.25	4505.5	1216414
2021-08-30 00:00:00	4508.75	4534.5	4500.75	4525.25	975807
2021-08-31 00:00:00	4529.5	4542.25	4512.5	4520.5	1378199
2021-09-01 00:00:00	4527.75	4540.0	4519.25	4521.25	1061414
2021-09-02 00:00:00	4522.5	4544.0	4516.0	4535.25	1016806
2021-09-03 00:00:00	4536.75	4549.5	4519.25	4534.5	1156146
2021-09-07 00:00:00	4533.0	4548.0	4510.75	4519.25	1277938
2021-09-08 00:00:00	4517.5	4524.75	4492.0	4512.5	1606757
2021-09-09 00:00:00	4511.0	4529.5	4485.5	4492.25	1696301
2021-09-10 00:00:00	4491.25	4518.25	4456.5	4458.25	1721413
2021-09-13 00:00:00	4461.0	4492.75	4444.75	4469.0	1534719
2021-09-14 00:00:00	4475.5	4489.5	4435.0	4444.5	893788
2021-09-15 00:00:00	4446.75	4487.5	4437.5	4481.75	518985
2021-09-16 00:00:00	4486.0	4487.5	4443.0	4474.25	268026
2021-09-17 00:00:00	4471.0	4482.5	4459.0	4464.330078125	1968041
2021-09-20 00:00:00	4411.75	4418.0	4293.75	4348.25	2711340
2021-09-21 00:00:00	4342.5	4395.75	4329.25	4343.25	1941006
2021-09-22 00:00:00	4336.5	4406.5	4321.25	4384.0	1767853
2021-09-23 00:00:00	4386.0	4455.0	4385.75	4438.0	1447395
2021-09-24 00:00:00	4439.0	4453.0	4410.75	4445.75	1182037
2021-09-27 00:00:00	4446.0	4472.0	4425.0	4433.0	1306188
2021-09-28 00:00:00	4429.75	4442.0	4334.75	4343.5	2307037
2021-09-29 00:00:00	4347.5	4378.75	4344.25	4349.75	1815726
2021-09-30 00:00:00	4360.0	4389.0	4294.25	4297.75	2373423
2021-10-01 00:00:00	4301.0	4365.75	4260.0	4343.75	2269695
2021-10-04 00:00:00	4349.0	4362.0	4267.5	4291.25	2135338
2021-10-05 00:00:00	4295.75	4359.75	4269.0	4334.0	1650217
2021-10-06 00:00:00	4334.0	4357.5	4273.75	4354.0	2202805
2021-10-07 00:00:00	4355.25	4421.5	4355.0	4390.0	1406808
2021-10-08 00:00:00	4390.5	4407.75	4376.25	4382.25	1428160
2021-10-11 00:00:00	4381.0	4407.5	4344.0	4351.0	1245705
2021-10-12 00:00:00	4347.75	4365.0	4317.25	4340.75	1295686
2021-10-13 00:00:00	4327.5	4364.75	4318.75	4355.0	1372482
2021-10-14 00:00:00	4354.75	4437.25	4354.0	4429.0	1264458
2021-10-15 00:00:00	4433.0	4467.5	4426.25	4462.5	1185108
2021-10-18 00:00:00	4465.5	4479.75	4436.25	4477.5	1095216
2021-10-19 00:00:00	4475.75	4517.5	4471.75	4511.25	1018177
2021-10-20 00:00:00	4516.0	4532.25	4504.0	4528.0	1006857
2021-10-21 00:00:00	4525.0	4543.25	4510.25	4541.75	938565
2021-10-22 00:00:00	4530.0	4551.5	4515.25	4536.5	1315668
2021-10-25 00:00:00	4528.75	4566.25	4522.5	4558.0	1031431
2021-10-26 00:00:00	4564.75	4590.0	4560.75	4565.25	1257346
2021-10-27 00:00:00	4563.75	4576.75	4543.75	4544.5	1263181
2021-10-28 00:00:00	4548.75	4589.75	4545.25	4587.5	1195785
2021-10-29 00:00:00	4577.0	4603.5	4559.25	4597.0	1418280
2021-11-01 00:00:00	4608.0	4619.5	4586.5	4605.75	1071118
2021-11-02 00:00:00	4605.75	4627.0	4593.25	4623.5	980833
2021-11-03 00:00:00	4621.25	4657.0	4613.0	4652.25	1074650
2021-11-04 00:00:00	4651.5	4676.25	4650.75	4673.25	1169886
2021-11-05 00:00:00	4671.75	4711.75	4667.5	4690.25	1459142
2021-11-08 00:00:00	4678.5	4707.0	4676.25	4694.0	1000404
2021-11-09 00:00:00	4690.75	4700.5	4663.25	4678.25	1289857
2021-11-10 00:00:00	4674.75	4680.25	4625.25	4642.0	1639098
2021-11-11 00:00:00	4645.0	4661.5	4638.0	4643.0	936857
2021-11-12 00:00:00	4647.0	4685.5	4643.75	4678.25	1155591
2021-11-15 00:00:00	4684.75	4697.5	4667.0	4679.0	1047123
2021-11-16 00:00:00	4680.75	4709.75	4670.75	4696.0	1043587
2021-11-17 00:00:00	4696.5	4701.0	4679.25	4686.25	1056696
2021-11-18 00:00:00	4685.25	4706.5	4668.0	4701.5	1168195
2021-11-19 00:00:00	4705.25	4723.5	4684.25	4694.5	1344893
2021-11-22 00:00:00	4701.0	4740.5	4674.25	4679.75	1685386
2021-11-23 00:00:00	4686.0	4695.5	4649.0	4688.5	1872492
2021-11-24 00:00:00	4686.25	4702.25	4656.25	4699.0	1408571
2021-11-26 00:00:00	4700.5	4717.0	4577.25	4595.75	2068167
2021-11-29 00:00:00	4589.0	4669.75	4588.75	4651.0	2014967
2021-11-30 00:00:00	4657.25	4667.5	4557.0	4566.25	2845560
2021-12-01 00:00:00	4587.5	4650.75	4497.75	4508.5	2670344
2021-12-02 00:00:00	4514.75	4593.75	4505.5	4575.75	2587324
2021-12-03 00:00:00	4587.25	4606.5	4492.0	4537.5	2747667
2021-12-06 00:00:00	4542.25	4611.75	4531.5	4590.0	2031995
2021-12-07 00:00:00	4594.25	4697.25	4587.25	4685.0	1771947
2021-12-08 00:00:00	4695.25	4712.0	4671.75	4699.0	1418355
2021-12-09 00:00:00	4697.25	4706.0	4662.25	4667.0	1593325
2021-12-10 00:00:00	4669.25	4712.75	4664.25	4711.0	1585049
2021-12-13 00:00:00	4711.25	4731.0	4664.75	4668.75	1605196
2021-12-14 00:00:00	4672.0	4686.0	4606.0	4637.0	1211592
2021-12-15 00:00:00	4637.75	4715.0	4611.25	4709.5	673190
2021-12-16 00:00:00	4711.5	4752.5	4651.25	4668.75	435986
2021-12-17 00:00:00	4674.25	4677.75	4629.5	4636.4599609375	2472118
2021-12-20 00:00:00	4612.0	4621.5	4520.25	4558.5	2097624
2021-12-21 00:00:00	4567.75	4643.0	4565.75	4640.75	1493880
2021-12-22 00:00:00	4641.75	4690.5	4622.25	4686.0	1104688
2021-12-23 00:00:00	4689.0	4731.25	4684.25	4715.75	978022
2021-12-27 00:00:00	4717.0	4784.25	4713.25	4782.25	898698
2021-12-28 00:00:00	4780.5	4798.0	4770.5	4778.5	954520
2021-12-29 00:00:00	4781.0	4796.0	4770.0	4784.5	876030
2021-12-30 00:00:00	4784.75	4799.75	4767.25	4772.25	753935
2021-12-31 00:00:00	4773.75	4778.5	4750.5	4758.5	954083
2022-01-03 00:00:00	4771.0	4791.25	4747.5	4786.0	1322362
2022-01-04 00:00:00	4785.25	4808.25	4764.5	4784.25	1392809
2022-01-05 00:00:00	4783.5	4788.25	4689.5	4692.5	1856376
2022-01-06 00:00:00	4692.0	4715.75	4662.0	4687.5	1862918
2022-01-07 00:00:00	4695.0	4705.75	4653.75	4667.75	1618440
2022-01-10 00:00:00	4671.25	4681.75	4572.75	4662.25	2231980
2022-01-11 00:00:00	4663.5	4707.5	4627.25	4705.0	1729004
2022-01-12 00:00:00	4704.0	4739.5	4695.0	4716.25	1583216
2022-01-13 00:00:00	4719.25	4736.25	4642.5	4652.0	1824612
2022-01-14 00:00:00	4655.0	4667.0	4606.0	4654.75	2010610
2022-01-18 00:00:00	4666.0	4671.75	4560.0	4571.25	2268240
2022-01-19 00:00:00	4577.75	4603.0	4517.25	4524.25	2001348
2022-01-20 00:00:00	4526.0	4594.25	4437.75	4474.75	2040704
2022-01-21 00:00:00	4454.25	4487.0	4381.25	4390.0	3012106
2022-01-24 00:00:00	4389.0	4427.5	4212.75	4403.75	3846785
2022-01-25 00:00:00	4402.75	4406.75	4276.5	4349.0	2483392
2022-01-26 00:00:00	4308.75	4446.25	4294.25	4341.5	2423103
2022-01-27 00:00:00	4345.25	4422.0	4263.25	4317.75	2295458
2022-01-28 00:00:00	4348.0	4426.0	4266.25	4423.25	2251268
2022-01-31 00:00:00	4423.5	4507.75	4395.5	4504.25	1846145
2022-02-01 00:00:00	4493.25	4554.75	4474.0	4535.0	1618163
2022-02-02 00:00:00	4552.0	4586.0	4535.25	4577.25	1624220
2022-02-03 00:00:00	4545.75	4548.25	4462.0	4469.0	1800714
2022-02-04 00:00:00	4518.0	4532.5	4438.5	4492.5	1957881
2022-02-07 00:00:00	4497.0	4514.5	4462.75	4475.75	1495143
2022-02-08 00:00:00	4484.0	4523.75	4456.25	4512.5	1459766
2022-02-09 00:00:00	4519.0	4585.0	4517.25	4577.75	1383317
2022-02-10 00:00:00	4582.25	4583.75	4476.0	4497.5	2403026
2022-02-11 00:00:00	4494.5	4520.5	4393.25	4409.5	2479025
2022-02-14 00:00:00	4411.75	4428.0	4354.0	4394.0	2098618
2022-02-15 00:00:00	4393.5	4468.0	4381.75	4464.5	1523305
2022-02-16 00:00:00	4458.75	4484.5	4422.75	4470.0	1426847
2022-02-17 00:00:00	4464.25	4474.75	4367.25	4374.5	1629730
2022-02-18 00:00:00	4374.75	4411.5	4321.0	4343.5	1824590
2022-02-22 00:00:00	4324.25	4391.25	4250.0	4300.0	2589159
2022-02-23 00:00:00	4310.75	4345.5	4212.5	4222.0	1914227
2022-02-24 00:00:00	4215.5	4290.0	4101.75	4284.0	2945330
2022-02-25 00:00:00	4266.75	4384.25	4227.5	4380.0	1950397
2022-02-28 00:00:00	4299.5	4385.5	4251.5	4368.0	2189820
2022-03-01 00:00:00	4367.5	4399.0	4275.0	4303.75	1869277
2022-03-02 00:00:00	4308.75	4399.25	4278.25	4381.75	1712970
2022-03-03 00:00:00	4373.75	4418.75	4341.0	4359.25	1547676
2022-03-04 00:00:00	4366.5	4374.5	4281.25	4327.25	1842722
2022-03-07 00:00:00	4308.75	4325.25	4185.25	4198.5	1902001
2022-03-08 00:00:00	4186.5	4275.0	4138.75	4168.75	2333021
2022-03-09 00:00:00	4153.0	4298.25	4152.0	4275.25	1659520
2022-03-10 00:00:00	4279.0	4282.25	4207.0	4257.25	1745090
2022-03-11 00:00:00	4258.5	4335.5	4198.0	4201.5	1645055
2022-03-14 00:00:00	4216.0	4254.5	4160.75	4172.0	1438651
2022-03-15 00:00:00	4180.25	4271.5	4138.0	4262.0	1085846
2022-03-16 00:00:00	4257.5	4376.0	4246.25	4358.0	722600
2022-03-17 00:00:00	4370.5	4415.25	4329.0	4410.25	434642
2022-03-18 00:00:00	4393.0	4409.35009765625	4373.75	4409.35009765625	1405299
2022-03-21 00:00:00	4460.0	4473.0	4415.0	4452.25	1375090
2022-03-22 00:00:00	4456.75	4514.75	4433.0	4505.0	1205860
2022-03-23 00:00:00	4504.0	4514.0	4444.75	4447.5	1336967
2022-03-24 00:00:00	4449.25	4517.5	4445.75	4512.5	1221569
2022-03-25 00:00:00	4516.25	4539.0	4493.25	4536.5	1251078
2022-03-28 00:00:00	4535.25	4572.25	4509.75	4568.0	1182527
2022-03-29 00:00:00	4570.25	4631.0	4565.25	4625.5	1353683
2022-03-30 00:00:00	4621.25	4627.5	4574.75	4596.0	1206203
2022-03-31 00:00:00	4599.0	4614.25	4526.25	4530.75	1650667
2022-04-01 00:00:00	4541.0	4555.5	4501.25	4539.25	1441126
2022-04-04 00:00:00	4538.25	4580.0	4527.75	4577.75	1025558
2022-04-05 00:00:00	4576.25	4588.75	4507.75	4520.25	1303877
2022-04-06 00:00:00	4526.25	4528.75	4444.5	4475.75	1803684
2022-04-07 00:00:00	4471.25	4517.25	4444.5	4496.25	1446250
2022-04-08 00:00:00	4494.75	4519.75	4468.75	4483.5	1358450
2022-04-11 00:00:00	4488.75	4491.25	4403.5	4409.0	1431371
2022-04-12 00:00:00	4411.0	4466.75	4375.5	4393.0	1739771
2022-04-13 00:00:00	4396.75	4449.5	4384.0	4442.25	1254348
2022-04-14 00:00:00	4438.5	4455.75	4385.0	4387.5	1396074
2022-04-18 00:00:00	4390.0	4406.25	4355.5	4386.75	1149765
2022-04-19 00:00:00	4399.0	4467.0	4371.75	4459.25	1465764
2022-04-20 00:00:00	4441.0	4484.25	4432.75	4455.5	1423396
2022-04-21 00:00:00	4468.0	4509.0	4380.0	4390.5	1704137
2022-04-22 00:00:00	4385.75	4393.25	4247.5	4267.25	2039961
2022-04-25 00:00:00	4259.0	4296.5	4195.25	4292.75	2280374
2022-04-26 00:00:00	4294.0	4303.5	4136.75	4170.5	2018166
2022-04-27 00:00:00	4149.5	4236.25	4149.0	4180.25	2035627
2022-04-28 00:00:00	4213.0	4303.5	4182.5	4283.5	1798644
2022-04-29 00:00:00	4244.0	4279.75	4118.75	4127.5	2117160
2022-05-02 00:00:00	4144.0	4165.75	4056.0	4151.0	2351404
2022-05-03 00:00:00	4145.5	4195.75	4129.0	4169.25	1678497
2022-05-04 00:00:00	4171.25	4303.0	4142.75	4295.25	1783477
2022-05-05 00:00:00	4289.75	4300.75	4099.25	4143.25	2389422
2022-05-06 00:00:00	4146.5	4153.25	4062.0	4119.5	2310919
2022-05-09 00:00:00	4087.25	4099.0	3970.0	3987.5	2139992
2022-05-10 00:00:00	3993.25	4065.5	3953.0	3996.75	2247750
2022-05-11 00:00:00	3990.5	4050.5	3923.75	3930.25	2157244
2022-05-12 00:00:00	3939.75	3961.75	3855.0	3927.25	2380563
2022-05-13 00:00:00	3916.25	4036.0	3915.5	4019.75	1859074
2022-05-16 00:00:00	4025.0	4043.5	3979.5	4004.75	1695198
2022-05-17 00:00:00	4002.0	4091.5	4000.5	4084.75	1716498
2022-05-18 00:00:00	4091.25	4095.0	3905.5	3922.75	2202394
2022-05-19 00:00:00	3916.5	3943.5	3856.0	3897.75	2317604
2022-05-20 00:00:00	3900.5	3949.5	3807.5	3899.5	2408399
2022-05-23 00:00:00	3910.5	3982.25	3906.5	3971.75	1736162
2022-05-24 00:00:00	3951.75	3954.5	3872.0	3940.5	2017453
2022-05-25 00:00:00	3950.0	3997.75	3913.5	3976.75	1744116
2022-05-26 00:00:00	3972.25	4073.5	3960.5	4055.75	1493132
2022-05-27 00:00:00	4047.5	4168.25	4041.25	4155.75	1547507
2022-05-31 00:00:00	4164.5	4202.25	4102.75	4131.25	2222573
2022-06-01 00:00:00	4138.5	4165.0	4071.5	4099.0	1912031
2022-06-02 00:00:00	4097.75	4179.0	4072.25	4175.25	1513748
2022-06-03 00:00:00	4177.75	4189.0	4096.75	4107.0	1532766
2022-06-06 00:00:00	4110.5	4168.25	4104.5	4120.5	1457918
2022-06-07 00:00:00	4122.0	4164.0	4076.0	4158.75	1677883
2022-06-08 00:00:00	4150.75	4160.0	4105.25	4114.0	1706628
2022-06-09 00:00:00	4116.0	4144.25	4014.75	4016.25	2024783
2022-06-10 00:00:00	4025.25	4029.5	3895.25	3899.0	2117225
2022-06-13 00:00:00	3870.75	3876.5	3732.5	3750.5	2155159
2022-06-14 00:00:00	3758.25	3805.0	3705.25	3736.75	1341257
2022-06-15 00:00:00	3740.0	3839.0	3720.25	3789.25	777545
2022-06-16 00:00:00	3794.25	3828.75	3639.0	3668.25	544027
2022-06-17 00:00:00	3677.5	3710.75	3663.760009765625	3663.760009765625	2207570
2022-06-21 00:00:00	3684.0	3783.75	3661.5	3767.75	1566039
2022-06-22 00:00:00	3766.25	3805.5	3693.25	3762.75	1660579
2022-06-23 00:00:00	3761.25	3805.75	3735.0	3799.75	1607695
2022-06-24 00:00:00	3785.25	3919.75	3781.25	3916.25	1563128
2022-06-27 00:00:00	3915.0	3948.0	3892.5	3903.75	1497368
2022-06-28 00:00:00	3911.25	3950.0	3821.75	3825.5	1791690
2022-06-29 00:00:00	3828.25	3840.0	3801.25	3821.25	1717770
2022-06-30 00:00:00	3822.75	3825.0	3741.25	3789.5	2394361
2022-07-01 00:00:00	3782.0	3833.5	3744.5	3827.25	1752977
2022-07-05 00:00:00	3828.5	3857.75	3744.0	3834.0	2031501
2022-07-06 00:00:00	3838.0	3875.0	3808.75	3848.25	1684324
2022-07-07 00:00:00	3853.75	3914.25	3832.5	3905.0	1314443
2022-07-08 00:00:00	3897.0	3922.0	3868.0	3901.25	1485497
2022-07-11 00:00:00	3900.0	3900.75	3850.0	3856.75	1486103
2022-07-12 00:00:00	3862.0	3876.5	3804.75	3823.75	1640864
2022-07-13 00:00:00	3825.0	3873.0	3752.0	3804.5	2157968
2022-07-14 00:00:00	3795.75	3806.25	3723.75	3793.25	1916260
2022-07-15 00:00:00	3797.75	3868.25	3780.25	3865.0	1523753
2022-07-18 00:00:00	3878.5	3909.5	3820.25	3833.75	1439590
2022-07-19 00:00:00	3838.5	3948.0	3834.0	3937.5	1611604
2022-07-20 00:00:00	3947.0	3977.25	3922.25	3962.5	1734355
2022-07-21 00:00:00	3954.0	4004.75	3930.25	4001.25	1821097
2022-07-22 00:00:00	3988.0	4016.25	3941.5	3965.0	1736592
2022-07-25 00:00:00	3967.75	3988.75	3946.0	3970.0	1493471
2022-07-26 00:00:00	3959.0	3964.5	3913.25	3923.25	1589161
2022-07-27 00:00:00	3939.25	4042.75	3938.75	4024.5	1740431
2022-07-28 00:00:00	4022.0	4111.0	3994.5	4073.5	2014467
2022-07-29 00:00:00	4105.0	4144.0	4081.0	4133.5	1919598
2022-08-01 00:00:00	4137.5	4147.25	4097.0	4120.5	1776936
2022-08-02 00:00:00	4119.75	4143.0	4080.5	4093.75	1892241
2022-08-03 00:00:00	4097.0	4170.0	4084.5	4156.25	1696602
2022-08-04 00:00:00	4150.25	4173.25	4136.0	4152.25	1245063
2022-08-05 00:00:00	4152.0	4166.25	4103.75	4146.75	1722401
2022-08-08 00:00:00	4149.75	4188.0	4129.25	4141.75	1536449
2022-08-09 00:00:00	4148.5	4155.0	4113.0	4124.5	1280085
2022-08-10 00:00:00	4128.75	4213.5	4113.75	4210.0	1627940
2022-08-11 00:00:00	4210.75	4260.5	4202.75	4209.75	1598130
2022-08-12 00:00:00	4219.25	4282.75	4208.25	4281.0	1300170
2022-08-15 00:00:00	4277.0	4304.75	4249.0	4298.25	1317241
2022-08-16 00:00:00	4294.5	4327.5	4278.75	4307.75	1363248
2022-08-17 00:00:00	4309.25	4315.0	4255.0	4276.75	1638797
2022-08-18 00:00:00	4279.5	4295.5	4258.0	4286.5	1366220
2022-08-19 00:00:00	4287.0	4288.0	4220.75	4231.5	1701251
2022-08-22 00:00:00	4221.0	4221.5	4131.5	4141.25	1724203
2022-08-23 00:00:00	4147.0	4161.75	4118.0	4130.5	1575674
2022-08-24 00:00:00	4128.25	4158.5	4110.75	4142.75	1348612
2022-08-25 00:00:00	4148.75	4202.75	4143.0	4201.0	1635476
2022-08-26 00:00:00	4198.25	4217.25	4042.75	4059.5	2241117
2022-08-29 00:00:00	4024.0	4064.0	4006.75	4031.25	1963446
2022-08-30 00:00:00	4035.75	4072.75	3964.5	3987.5	2555455
2022-08-31 00:00:00	3987.25	4018.25	3953.0	3956.5	2366488
2022-09-01 00:00:00	3958.0	3971.25	3903.5	3968.75	2212034
2022-09-02 00:00:00	3967.5	4019.25	3906.0	3924.5	2510355
2022-09-06 00:00:00	3929.0	3963.25	3886.75	3910.5	2360326
2022-09-07 00:00:00	3907.5	3988.75	3883.5	3980.0	1956209
2022-09-08 00:00:00	3980.0	4011.5	3942.75	4005.5	2356008
2022-09-09 00:00:00	4010.25	4077.25	4005.75	4067.25	1677890
2022-09-12 00:00:00	4077.25	4119.75	4062.25	4110.75	1718859
2022-09-13 00:00:00	4118.25	4158.0	3919.75	3931.25	1418271
2022-09-14 00:00:00	3936.75	3962.75	3911.25	3947.5	662596
2022-09-15 00:00:00	3955.0	3959.5	3888.0	3902.0	438921
2022-09-16 00:00:00	3888.5	3888.5	3846.0	3871.239990234375	2688630
2022-09-19 00:00:00	3889.5	3927.0	3846.25	3917.25	2100098
2022-09-20 00:00:00	3923.0	3936.25	3843.25	3872.75	2357296
2022-09-21 00:00:00	3878.75	3925.25	3792.0	3806.25	2440206
2022-09-22 00:00:00	3794.0	3833.0	3763.5	3772.0	2578314
2022-09-23 00:00:00	3777.25	3783.25	3660.25	3709.0	2913560
2022-09-26 00:00:00	3705.25	3730.5	3657.5	3670.0	2899415
2022-09-27 00:00:00	3668.0	3733.0	3635.25	3661.0	2963065
2022-09-28 00:00:00	3668.5	3751.25	3613.0	3732.0	2780935
2022-09-29 00:00:00	3730.25	3736.0	3622.0	3654.25	2860631
2022-09-30 00:00:00	3656.5	3693.75	3595.25	3601.5	2976179
2022-10-03 00:00:00	3593.25	3711.75	3571.75	3690.25	2315515
2022-10-04 00:00:00	3696.5	3808.75	3686.25	3803.25	2381497
2022-10-05 00:00:00	3801.0	3820.0	3734.0	3794.0	2089198
2022-10-06 00:00:00	3795.75	3819.5	3750.0	3756.75	2157569
2022-10-07 00:00:00	3745.75	3770.5	3632.5	3653.25	2238683
2022-10-10 00:00:00	3638.75	3667.5	3600.0	3625.25	2024447
2022-10-11 00:00:00	3624.75	3653.25	3579.0	3599.25	2398140
2022-10-12 00:00:00	3607.0	3635.25	3585.5	3588.5	1948173
2022-10-13 00:00:00	3596.25	3697.75	3502.0	3681.75	3288646
2022-10-14 00:00:00	3680.25	3733.75	3591.25	3597.5	2730405
2022-10-17 00:00:00	3591.0	3702.5	3590.5	3689.25	1951998
2022-10-18 00:00:00	3706.25	3777.25	3697.25	3732.75	2746886
2022-10-19 00:00:00	3759.75	3774.25	3676.75	3707.25	2348844
2022-10-20 00:00:00	3708.0	3748.0	3666.25	3675.25	2403705
2022-10-21 00:00:00	3677.75	3773.25	3641.5	3764.0	2681019
2022-10-24 00:00:00	3771.0	3822.0	3736.5	3809.25	2109780
2022-10-25 00:00:00	3803.25	3874.25	3790.0	3870.25	1836723
2022-10-26 00:00:00	3841.0	3897.5	3824.25	3841.0	2118534
2022-10-27 00:00:00	3844.25	3870.75	3757.5	3819.5	2211786
2022-10-28 00:00:00	3798.25	3924.25	3776.75	3911.25	2084386
2022-10-31 00:00:00	3911.5	3914.75	3872.25	3883.0	2002625
2022-11-01 00:00:00	3884.0	3928.0	3852.5	3866.0	1895614
2022-11-02 00:00:00	3863.0	3907.0	3760.25	3768.75	2210708
2022-11-03 00:00:00	3766.75	3782.5	3704.25	3727.75	1887557
2022-11-04 00:00:00	3724.0	3805.5	3711.0	3779.5	2494788
2022-11-07 00:00:00	3750.0	3821.75	3738.25	3815.25	1483146
2022-11-08 00:00:00	3812.75	3867.0	3792.75	3835.25	1878046
2022-11-09 00:00:00	3832.5	3848.75	3750.0	3755.5	1889153
2022-11-10 00:00:00	3757.0	3973.5	3751.5	3961.0	2408104
2022-11-11 00:00:00	3973.0	4009.75	3951.0	4000.25	1927068
2022-11-14 00:00:00	3984.0	4017.5	3964.0	3966.0	1592615
2022-11-15 00:00:00	3974.75	4050.75	3960.0	3999.5	2230543
2022-11-16 00:00:00	3992.0	4015.75	3962.0	3968.5	1502501
2022-11-17 00:00:00	3977.25	3990.25	3912.5	3955.25	1560808
2022-11-18 00:00:00	3960.5	3994.0	3942.5	3974.0	1534155
2022-11-21 00:00:00	3972.5	3982.0	3937.5	3958.0	1178421
2022-11-22 00:00:00	3957.75	4012.5	3945.25	4010.25	1161999
2022-11-23 00:00:00	4010.0	4039.5	4002.0	4033.0	1281153
2022-11-25 00:00:00	4038.75	4049.25	4024.75	4032.5	608795
2022-11-28 00:00:00	4020.25	4024.0	3960.25	3970.25	1481503
2022-11-29 00:00:00	3972.0	3990.25	3941.25	3962.0	1500171
2022-11-30 00:00:00	3962.25	4093.5	3942.75	4081.25	2479997
2022-12-01 00:00:00	4094.5	4110.0	4054.5	4081.75	1834073
2022-12-02 00:00:00	4077.5	4085.5	4006.75	4075.5	1849784
2022-12-05 00:00:00	4074.0	4075.75	3987.25	4003.25	1497688
2022-12-06 00:00:00	4005.75	4014.75	3921.5	3945.0	1869101
2022-12-07 00:00:00	3944.5	3961.5	3914.0	3936.75	1756473
2022-12-08 00:00:00	3935.75	3977.25	3916.0	3965.75	1708915
2022-12-09 00:00:00	3964.75	3990.0	3930.0	3936.25	1739761
2022-12-12 00:00:00	3933.0	3992.75	3924.5	3991.75	1619977
2022-12-13 00:00:00	3989.25	4145.0	3985.0	4022.25	1419560
2022-12-14 00:00:00	4021.75	4073.0	3965.25	3998.0	712439
2022-12-15 00:00:00	4004.25	4010.25	3878.5	3897.0	560669
2022-12-16 00:00:00	3890.5	3904.25	3842.0	3871.469970703125	1965701
2022-12-19 00:00:00	3874.0	3899.0	3827.25	3845.5	1405774
2022-12-20 00:00:00	3842.75	3866.5	3803.5	3849.25	1541868
2022-12-21 00:00:00	3857.25	3918.75	3855.5	3905.75	1522069
2022-12-22 00:00:00	3915.0	3919.75	3788.5	3849.25	1842326
2022-12-23 00:00:00	3850.0	3872.5	3821.25	3869.75	1374913
2022-12-27 00:00:00	3878.0	3900.5	3837.25	3855.0	1006414
2022-12-28 00:00:00	3858.0	3875.0	3804.5	3807.5	1282810
2022-12-29 00:00:00	3811.0	3882.75	3806.25	3871.75	1146984
2022-12-30 00:00:00	3869.75	3871.0	3821.5	3861.0	1401810
2023-01-03 00:00:00	3895.0	3906.75	3814.5	3846.0	1782473
2023-01-04 00:00:00	3842.75	3896.25	3836.5	3874.5	1912155
2023-01-05 00:00:00	3871.0	3885.5	3822.5	3829.0	1679973
2023-01-06 00:00:00	3833.0	3928.75	3819.0	3915.5	2026154
2023-01-09 00:00:00	3918.5	3973.25	3909.75	3913.75	1697887
2023-01-10 00:00:00	3914.5	3943.75	3891.5	3940.75	1520955
2023-01-11 00:00:00	3941.0	3992.5	3934.5	3990.0	1398769
2023-01-12 00:00:00	3991.75	4021.5	3954.0	4003.5	2102587
2023-01-13 00:00:00	4003.0	4024.25	3961.75	4018.25	1456784
2023-01-17 00:00:00	4020.0	4035.25	3996.75	4009.5	1423931
2023-01-18 00:00:00	4008.5	4033.5	3943.75	3945.75	1902551
2023-01-19 00:00:00	3945.25	3948.75	3901.75	3915.5	1896890
2023-01-20 00:00:00	3925.0	3990.5	3911.75	3988.5	1620355
2023-01-23 00:00:00	3987.0	4056.75	3980.25	4036.5	1594736
2023-01-24 00:00:00	4036.5	4047.5	4005.25	4032.75	1472856
2023-01-25 00:00:00	4039.0	4040.5	3963.25	4032.0	1760515
2023-01-26 00:00:00	4031.0	4077.0	4027.25	4075.5	1613804
2023-01-27 00:00:00	4065.0	4109.25	4057.25	4084.25	1587936
2023-01-30 00:00:00	4077.0	4086.0	4029.5	4032.5	1786112
2023-01-31 00:00:00	4039.25	4091.25	4007.5	4090.0	1790751
2023-02-01 00:00:00	4085.75	4163.25	4048.5	4132.25	2000400
2023-02-02 00:00:00	4145.5	4208.5	4136.75	4191.5	2290729
2023-02-03 00:00:00	4176.0	4194.0	4132.5	4147.75	2354996
2023-02-06 00:00:00	4134.25	4143.0	4104.0	4123.5	1560324
2023-02-07 00:00:00	4123.5	4188.25	4098.25	4175.75	2180936
2023-02-08 00:00:00	4167.25	4179.25	4121.25	4130.5	1804101
2023-02-09 00:00:00	4132.25	4170.25	4078.25	4091.75	1828571
2023-02-10 00:00:00	4098.0	4104.25	4060.75	4099.75	1744956
2023-02-13 00:00:00	4105.0	4150.75	4078.75	4147.25	1376325
2023-02-14 00:00:00	4149.75	4186.5	4103.75	4145.5	2379034
2023-02-15 00:00:00	4141.25	4161.75	4113.0	4158.25	1611550
2023-02-16 00:00:00	4159.0	4168.5	4095.0	4099.75	2042993
2023-02-17 00:00:00	4095.5	4096.0	4055.75	4087.5	2008448
2023-02-21 00:00:00	4083.0	4089.25	4002.0	4005.75	1883040
2023-02-22 00:00:00	4007.5	4025.0	3983.75	3999.0	1925300
2023-02-23 00:00:00	4010.0	4034.25	3974.25	4018.75	1955820
2023-02-24 00:00:00	4015.25	4023.25	3947.5	3975.75	2063242
2023-02-27 00:00:00	3976.5	4024.75	3973.0	3988.0	1621961
2023-02-28 00:00:00	3991.5	4003.75	3965.0	3975.5	1847930
2023-03-01 00:00:00	3968.5	3991.0	3943.0	3956.5	2042321
2023-03-02 00:00:00	3959.75	3995.25	3925.0	3984.75	1836555
2023-03-03 00:00:00	3983.0	4053.0	3974.0	4049.75	1665102
2023-03-06 00:00:00	4049.25	4082.5	4041.75	4052.5	1528845
2023-03-07 00:00:00	4053.75	4064.5	3982.5	3989.75	2141615
2023-03-08 00:00:00	3990.0	4003.25	3971.5	3995.0	1831712
2023-03-09 00:00:00	3997.0	4019.75	3909.5	3920.0	2547423
2023-03-10 00:00:00	3919.0	3941.75	3846.25	3862.75	3285811
2023-03-13 00:00:00	3887.75	3938.75	3808.75	3856.75	2750477
2023-03-14 00:00:00	3865.75	3938.0	3855.25	3920.5	1606509
2023-03-15 00:00:00	3920.5	3931.0	3834.0	3892.75	833643
2023-03-16 00:00:00	3892.75	3966.5	3863.25	3960.5	466914
2023-03-17 00:00:00	3962.25	3974.0	3923.0	3957.050048828125	2224268
2023-03-20 00:00:00	3963.75	3989.5	3897.25	3983.0	1818807
2023-03-21 00:00:00	3986.5	4043.25	3981.75	4035.75	1531670
2023-03-22 00:00:00	4038.75	4073.75	3966.25	3970.5	1802929
2023-03-23 00:00:00	3972.75	4039.5	3948.5	3978.0	2236954
2023-03-24 00:00:00	3988.75	4010.75	3937.0	4001.25	1944981
2023-03-27 00:00:00	4008.0	4034.25	3997.5	4007.25	1304572
2023-03-28 00:00:00	4013.5	4023.75	3980.75	4001.5	1224495
2023-03-29 00:00:00	4006.5	4061.25	4006.0	4057.5	1389352
2023-03-30 00:00:00	4058.0	4087.75	4052.5	4080.0	1328529
2023-03-31 00:00:00	4081.0	4142.5	4078.0	4137.75	1695840
2023-04-03 00:00:00	4127.0	4157.75	4122.75	4153.75	1380286
2023-04-04 00:00:00	4152.5	4171.75	4115.25	4129.0	1582414
2023-04-05 00:00:00	4134.0	4135.5	4099.0	4117.25	1470176
2023-04-06 00:00:00	4113.75	4135.25	4096.5	4132.0	73009
2023-04-10 00:00:00	4139.0	4143.0	4098.75	4136.25	1167715
2023-04-11 00:00:00	4138.5	4151.75	4128.75	4136.5	1221824
2023-04-12 00:00:00	4137.5	4177.75	4113.5	4119.0	1853671
2023-04-13 00:00:00	4117.5	4177.0	4110.25	4172.75	1458785
2023-04-14 00:00:00	4168.75	4189.0	4138.0	4163.75	1882896
2023-04-17 00:00:00	4174.25	4180.5	4148.0	4176.75	1298123
2023-04-18 00:00:00	4177.0	4198.25	4164.5	4180.0	1427797
2023-04-19 00:00:00	4176.0	4187.5	4150.5	4178.5	1292622
2023-04-20 00:00:00	4172.25	4173.5	4137.0	4152.5	1768379
2023-04-21 00:00:00	4153.75	4161.0	4135.25	4156.75	1645161
2023-04-24 00:00:00	4150.0	4164.25	4133.5	4159.5	1328041
2023-04-25 00:00:00	4157.25	4158.5	4091.5	4093.25	1770908
2023-04-26 00:00:00	4110.25	4116.25	4068.75	4076.0	1814741
2023-04-27 00:00:00	4085.5	4166.5	4080.75	4153.75	1686692
2023-04-28 00:00:00	4151.0	4193.75	4131.5	4188.5	1753803
2023-05-01 00:00:00	4190.0	4206.25	4178.5	4185.75	1240490
2023-05-02 00:00:00	4179.5	4191.5	4105.5	4136.75	2034176
2023-05-03 00:00:00	4133.25	4167.0	4095.0	4107.5	1658392
2023-05-04 00:00:00	4087.0	4118.0	4062.25	4075.75	1994772
2023-05-05 00:00:00	4077.25	4163.25	4076.75	4150.25	1545895
2023-05-08 00:00:00	4151.0	4161.0	4137.5	4152.75	1026014
2023-05-09 00:00:00	4150.5	4153.0	4131.0	4134.0	1000924
2023-05-10 00:00:00	4133.0	4173.25	4112.25	4152.0	1887587
2023-05-11 00:00:00	4152.75	4168.5	4121.5	4143.75	1473383
2023-05-12 00:00:00	4144.5	4164.5	4111.75	4138.0	1434601
2023-05-15 00:00:00	4132.25	4156.25	4123.0	4150.0	1179165
2023-05-16 00:00:00	4148.25	4151.5	4120.0	4123.0	1316691
2023-05-17 00:00:00	4126.0	4179.0	4122.0	4171.5	1584910
2023-05-18 00:00:00	4171.25	4215.75	4161.25	4212.0	1760668
2023-05-19 00:00:00	4215.5	4227.25	4191.5	4204.75	1713351
2023-05-22 00:00:00	4189.0	4221.75	4186.5	4205.0	1302845
2023-05-23 00:00:00	4207.5	4222.75	4153.0	4158.75	1685056
2023-05-24 00:00:00	4158.0	4166.25	4114.0	4126.0	1911903
2023-05-25 00:00:00	4157.0	4175.5	4131.5	4159.75	1966626
2023-05-26 00:00:00	4157.0	4221.25	4146.0	4213.25	1744425
2023-05-30 00:00:00	4239.75	4243.25	4200.0	4215.0	1957579
2023-05-31 00:00:00	4213.0	4217.75	4174.0	4190.5	2138566
2023-06-01 00:00:00	4188.5	4239.75	4178.0	4228.0	1868363
2023-06-02 00:00:00	4231.75	4297.75	4229.0	4288.0	1955603
2023-06-05 00:00:00	4288.0	4305.75	4273.0	4281.0	1668759
2023-06-06 00:00:00	4279.75	4294.75	4268.5	4289.75	1548125
2023-06-07 00:00:00	4292.25	4304.75	4269.25	4274.25	1925195
2023-06-08 00:00:00	4273.25	4302.5	4262.75	4298.25	1664333
2023-06-09 00:00:00	4297.75	4325.5	4284.0	4304.75	2176645
2023-06-12 00:00:00	4306.5	4346.5	4305.25	4342.75	1665175
2023-06-13 00:00:00	4345.0	4377.75	4335.75	4371.75	1317118
2023-06-14 00:00:00	4372.0	4394.75	4339.75	4374.25	758316
2023-06-15 00:00:00	4378.75	4441.0	4350.0	4426.5	486414
2023-06-16 00:00:00	4424.75	4453.35009765625	4415.25	4453.35009765625	1895105
2023-06-20 00:00:00	4458.0	4462.0	4410.5	4434.75	1540416
2023-06-21 00:00:00	4430.25	4438.5	4403.5	4409.25	1468258
2023-06-22 00:00:00	4410.0	4427.0	4393.0	4423.75	1384002
2023-06-23 00:00:00	4425.75	4426.25	4381.5	4389.0	1550992
2023-06-26 00:00:00	4390.0	4403.0	4368.5	4370.25	1622416
2023-06-27 00:00:00	4375.75	4424.75	4371.5	4418.75	1512256
2023-06-28 00:00:00	4414.0	4430.25	4399.25	4417.5	1689461
2023-06-29 00:00:00	4423.75	4438.0	4409.75	4435.75	1628750
2023-06-30 00:00:00	4435.25	4498.0	4433.0	4488.25	1774940
2023-07-03 00:00:00	4485.5	4494.0	4479.5	4492.25	641289
2023-07-05 00:00:00	4492.0	4493.75	4466.25	4483.75	1193759
2023-07-06 00:00:00	4481.75	4483.5	4419.5	4447.0	1741520
2023-07-07 00:00:00	4441.25	4476.0	4431.5	4434.0	1691644
2023-07-10 00:00:00	4437.5	4448.25	4411.25	4444.25	1361155
2023-07-11 00:00:00	4445.75	4478.5	4439.0	4473.5	1340232
2023-07-12 00:00:00	4471.0	4523.75	4470.0	4507.5	1784296
2023-07-13 00:00:00	4510.5	4551.5	4509.25	4543.5	1158193
2023-07-14 00:00:00	4539.5	4560.5	4531.0	4536.75	1381069
2023-07-17 00:00:00	4536.0	4565.75	4528.0	4553.75	1057965
2023-07-18 00:00:00	4550.25	4594.5	4544.75	4587.75	1301460
2023-07-19 00:00:00	4582.75	4609.25	4582.25	4597.0	1538747
2023-07-20 00:00:00	4593.25	4594.25	4557.25	4565.5	1527727
2023-07-21 00:00:00	4566.25	4590.0	4561.75	4564.75	1432643
2023-07-24 00:00:00	4564.25	4592.5	4560.0	4583.5	1203661
2023-07-25 00:00:00	4584.5	4608.75	4579.25	4596.0	1219737
2023-07-26 00:00:00	4604.75	4610.75	4573.75	4595.25	1372426
2023-07-27 00:00:00	4594.75	4634.5	4553.75	4564.25	1924565
2023-07-28 00:00:00	4566.0	4616.5	4558.0	4606.5	1573973
2023-07-31 00:00:00	4608.75	4619.25	4595.25	4614.5	1299434
2023-08-01 00:00:00	4617.75	4621.75	4591.0	4601.25	1212261
2023-08-02 00:00:00	4580.0	4593.5	4527.75	4537.25	1917865
2023-08-03 00:00:00	4534.25	4547.5	4505.75	4521.75	1764076
2023-08-04 00:00:00	4523.5	4560.75	4493.75	4498.0	2044936
2023-08-07 00:00:00	4500.5	4541.75	4500.5	4537.75	1397301
2023-08-08 00:00:00	4539.5	4541.0	4482.0	4518.5	1696546
2023-08-09 00:00:00	4516.5	4536.25	4478.25	4485.75	1640285
2023-08-10 00:00:00	4493.25	4544.75	4473.5	4485.75	2227022
2023-08-11 00:00:00	4487.75	4496.25	4459.0	4480.75	1511048
2023-08-14 00:00:00	4485.0	4507.75	4465.0	4506.0	1277132
2023-08-15 00:00:00	4505.75	4517.75	4447.0	4454.0	1492516
2023-08-16 00:00:00	4453.25	4467.25	4417.0	4420.0	1499218
2023-08-17 00:00:00	4420.5	4436.75	4377.75	4384.5	1630481
2023-08-18 00:00:00	4379.25	4396.0	4350.0	4382.75	1746289
2023-08-21 00:00:00	4382.5	4421.0	4372.25	4412.5	1361470
2023-08-22 00:00:00	4410.25	4440.0	4394.25	4399.25	1375651
2023-08-23 00:00:00	4400.0	4476.25	4399.5	4447.0	1306640
2023-08-24 00:00:00	4470.5	4485.5	4378.5	4386.0	1783795
2023-08-25 00:00:00	4384.5	4429.0	4365.25	4414.25	1853335
2023-08-28 00:00:00	4418.0	4449.5	4414.5	4442.25	1266414
2023-08-29 00:00:00	4444.0	4509.5	4433.5	4506.75	1444714
2023-08-30 00:00:00	4508.75	4530.75	4496.25	4524.25	1397669
2023-08-31 00:00:00	4527.0	4541.25	4512.75	4516.0	1395751
2023-09-01 00:00:00	4516.75	4547.75	4507.25	4521.5	1416762
2023-09-05 00:00:00	4521.25	4531.25	4499.25	4502.5	1391805
2023-09-06 00:00:00	4500.0	4503.75	4447.0	4471.5	1600128
2023-09-07 00:00:00	4469.5	4471.75	4434.25	4456.25	1602226
2023-09-08 00:00:00	4458.25	4477.5	4443.0	4461.75	1686158
2023-09-11 00:00:00	4463.5	4493.5	4459.25	4490.25	1714266
2023-09-12 00:00:00	4487.75	4491.0	4458.75	4465.0	1153961
2023-09-13 00:00:00	4464.5	4481.0	4446.75	4468.75	690872
2023-09-14 00:00:00	4471.75	4513.0	4470.25	4506.0	454906
2023-09-15 00:00:00	4508.0	4517.75	4480.0	4491.72021484375	1825966
2023-09-18 00:00:00	4499.5	4514.5	4487.0	4501.5	1155158
2023-09-19 00:00:00	4503.25	4509.5	4462.25	4490.0	1422950
2023-09-20 00:00:00	4491.25	4508.0	4443.25	4447.0	1482206
2023-09-21 00:00:00	4445.0	4447.0	4366.5	4372.0	1998638
2023-09-22 00:00:00	4370.25	4399.0	4357.25	4361.0	1736576
2023-09-25 00:00:00	4365.0	4383.5	4338.25	4378.75	1561595
2023-09-26 00:00:00	4382.0	4382.0	4305.5	4314.75	1758048
2023-09-27 00:00:00	4320.25	4336.5	4277.0	4313.5	1965913
2023-09-28 00:00:00	4323.25	4355.75	4301.0	4337.5	2012088
2023-09-29 00:00:00	4342.0	4371.25	4311.0	4325.5	2106053
2023-10-02 00:00:00	4349.0	4355.5	4295.5	4324.25	1950463
2023-10-03 00:00:00	4326.0	4335.75	4251.25	4264.75	2256808
2023-10-04 00:00:00	4262.75	4304.0	4235.5	4297.75	2168271
2023-10-05 00:00:00	4291.5	4302.0	4258.0	4290.75	1673477
2023-10-06 00:00:00	4287.5	4358.5	4242.25	4341.5	2216456
2023-10-09 00:00:00	4315.0	4375.75	4299.5	4368.75	1485254
2023-10-10 00:00:00	4368.75	4419.0	4366.25	4391.5	1610271
2023-10-11 00:00:00	4392.0	4419.75	4377.25	4409.75	1489644
2023-10-12 00:00:00	4417.75	4430.5	4355.5	4380.5	1881573
2023-10-13 00:00:00	4380.75	4407.75	4340.75	4357.25	2159101
2023-10-16 00:00:00	4356.75	4414.25	4354.5	4401.0	1668948
2023-10-17 00:00:00	4406.25	4423.25	4365.75	4401.75	1879736
2023-10-18 00:00:00	4398.0	4399.25	4330.75	4342.25	2271572
2023-10-19 00:00:00	4346.5	4366.5	4292.75	4303.0	2741942
2023-10-20 00:00:00	4295.0	4304.25	4243.5	4248.5	2328806
2023-10-23 00:00:00	4256.25	4280.75	4213.25	4241.75	1963670
2023-10-24 00:00:00	4250.25	4290.5	4242.0	4271.25	1807092
2023-10-25 00:00:00	4269.5	4273.5	4203.75	4209.75	1981633
2023-10-26 00:00:00	4202.0	4205.0	4146.25	4156.5	2419407
2023-10-27 00:00:00	4167.0	4185.0	4122.25	4137.75	2195767
2023-10-30 00:00:00	4148.0	4197.5	4143.5	4185.75	1904610
2023-10-31 00:00:00	4184.25	4215.0	4166.75	4212.25	1836212
2023-11-01 00:00:00	4205.0	4264.75	4191.25	4256.0	2027080
2023-11-02 00:00:00	4258.5	4339.75	4257.75	4335.75	1819596
2023-11-03 00:00:00	4327.5	4391.75	4325.5	4376.0	1803552
2023-11-06 00:00:00	4379.25	4389.5	4364.25	4384.25	1348878
2023-11-07 00:00:00	4380.0	4403.25	4366.0	4396.0	1371257
2023-11-08 00:00:00	4397.5	4407.75	4375.0	4399.5	1390288
2023-11-09 00:00:00	4393.25	4413.0	4357.75	4362.25	1972630
2023-11-10 00:00:00	4364.5	4435.5	4354.25	4430.5	1752002
2023-11-13 00:00:00	4425.75	4436.75	4407.25	4425.25	1276182
2023-11-14 00:00:00	4427.25	4524.25	4420.25	4511.0	1901847
2023-11-15 00:00:00	4515.5	4541.25	4510.75	4519.25	1573452
2023-11-16 00:00:00	4514.25	4529.5	4501.75	4523.25	1491734
2023-11-17 00:00:00	4527.75	4539.5	4512.75	4527.5	1331912
2023-11-20 00:00:00	4526.75	4571.0	4520.0	4562.25	1220790
2023-11-21 00:00:00	4561.75	4567.0	4536.75	4551.25	1101669
2023-11-22 00:00:00	4547.75	4580.5	4543.0	4567.25	1403636
2023-11-23 00:00:00	4564.0	4572.75	4562.0	4569.5	1403636
2023-11-24 00:00:00	4564.0	4574.0	4562.0	4568.25	572702
2023-11-27 00:00:00	4568.5	4570.0	4552.0	4561.0	1124213
2023-11-28 00:00:00	4561.5	4577.25	4547.0	4563.0	1441119
2023-11-29 00:00:00	4564.0	4597.0	4555.5	4559.25	1592398
2023-11-30 00:00:00	4562.25	4579.5	4544.75	4576.75	2056268
2023-12-01 00:00:00	4571.75	4607.75	4562.5	4600.75	1914151
2023-12-04 00:00:00	4603.25	4604.5	4553.5	4576.5	1818991
2023-12-05 00:00:00	4573.0	4585.5	4555.5	4575.0	1890825
2023-12-06 00:00:00	4573.25	4598.5	4552.0	4556.0	1837961
2023-12-07 00:00:00	4556.0	4596.0	4548.75	4589.5	1832361
2023-12-08 00:00:00	4586.5	4613.75	4561.75	4607.5	2289425
2023-12-11 00:00:00	4607.75	4627.25	4599.5	4626.0	1663229
2023-12-12 00:00:00	4625.0	4649.75	4610.5	4645.75	1052077
2023-12-13 00:00:00	4649.0	4711.75	4645.0	4708.25	739684
2023-12-14 00:00:00	4708.0	4739.25	4694.25	4721.75	560819
2023-12-15 00:00:00	4716.0	4736.5	4694.27001953125	4694.27001953125	1801823
2023-12-18 00:00:00	4770.5	4802.25	4769.5	4793.0	1139029
2023-12-19 00:00:00	4790.5	4821.5	4787.75	4820.25	1122973
2023-12-20 00:00:00	4818.5	4830.75	4743.25	4749.75	1749145
2023-12-21 00:00:00	4751.0	4798.25	4751.0	4796.75	1687065
2023-12-22 00:00:00	4795.75	4821.75	4784.75	4805.25	1326697
2023-12-26 00:00:00	4800.25	4834.5	4800.25	4825.0	688201
2023-12-27 00:00:00	4827.75	4836.5	4816.5	4833.5	1042284
2023-12-28 00:00:00	4834.5	4841.5	4828.0	4832.25	927035
2023-12-29 00:00:00	4834.75	4841.0	4796.75	4820.0	1281733
2024-01-02 00:00:00	4818.0	4828.0	4765.5	4787.25	1678142
2024-01-03 00:00:00	4790.75	4790.75	4741.0	4746.5	1707174
2024-01-04 00:00:00	4750.0	4766.5	4727.0	4729.5	1395366
2024-01-05 00:00:00	4732.75	4760.25	4702.0	4734.75	1767245
2024-01-08 00:00:00	4735.75	4803.25	4715.25	4801.25	1417728
2024-01-09 00:00:00	4797.75	4804.0	4767.5	4792.75	1369103
2024-01-10 00:00:00	4790.75	4828.5	4786.0	4820.25	1377780
2024-01-11 00:00:00	4820.5	4838.0	4772.75	4815.5	1795564
2024-01-12 00:00:00	4811.25	4836.5	4791.5	4816.5	1519899
2024-01-16 00:00:00	4812.0	4823.0	4779.5	4798.5	1905532
2024-01-17 00:00:00	4799.75	4800.75	4746.25	4771.25	1663328
2024-01-18 00:00:00	4768.0	4817.0	4763.5	4811.25	1746936
2024-01-19 00:00:00	4811.25	4874.25	4808.5	4869.5	1876757
2024-01-22 00:00:00	4872.5	4898.25	4872.5	4881.0	1356050
2024-01-23 00:00:00	4881.75	4902.0	4874.25	4895.0	1130749
2024-01-24 00:00:00	4900.25	4933.25	4889.0	4898.0	1586824
2024-01-25 00:00:00	4899.5	4926.5	4893.25	4923.25	1532026
2024-01-26 00:00:00	4919.25	4934.25	4898.5	4916.25	1363612
2024-01-29 00:00:00	4908.75	4956.0	4901.75	4954.5	1197989
2024-01-30 00:00:00	4950.25	4957.25	4933.0	4951.0	1157425
2024-01-31 00:00:00	4930.25	4938.0	4866.0	4870.5	2285993
2024-02-01 00:00:00	4874.5	4963.75	4872.5	4928.5	1835510
2024-02-02 00:00:00	4952.75	4997.75	4925.75	4980.25	1957796
2024-02-05 00:00:00	4976.0	4980.75	4937.75	4962.0	1504676
2024-02-06 00:00:00	4959.5	4978.25	4954.5	4974.75	1267419
2024-02-07 00:00:00	4971.5	5020.0	4970.0	5015.25	1336172
2024-02-08 00:00:00	5015.75	5020.0	5003.75	5017.75	997431
2024-02-09 00:00:00	5014.5	5048.5	5013.0	5044.0	1212336
2024-02-12 00:00:00	5042.5	5066.5	5031.5	5041.25	1141487
2024-02-13 00:00:00	5034.0	5040.0	4936.5	4971.25	2112726
2024-02-14 00:00:00	4974.25	5022.5	4968.75	5018.0	1632071
2024-02-15 00:00:00	5017.5	5051.75	5011.0	5046.5	1361757
2024-02-16 00:00:00	5049.5	5059.25	5012.75	5019.75	1527729
2024-02-20 00:00:00	5016.5	5029.5	4968.25	4991.5	1609827
2024-02-21 00:00:00	4990.0	5020.5	4959.0	4996.25	1485687
2024-02-22 00:00:00	5016.0	5107.75	5015.25	5097.75	1738869
2024-02-23 00:00:00	5094.25	5123.5	5092.0	5101.5	1340050
2024-02-26 00:00:00	5095.0	5108.0	5076.25	5080.25	1094682
2024-02-27 00:00:00	5077.5	5093.0	5067.0	5090.0	1026819
2024-02-28 00:00:00	5090.75	5091.25	5063.25	5081.0	1201011
2024-02-29 00:00:00	5072.0	5114.5	5060.0	5103.75	1790702
2024-03-01 00:00:00	5101.5	5149.25	5089.25	5146.0	1597331
2024-03-04 00:00:00	5142.0	5157.75	5132.0	5138.25	1208040
2024-03-05 00:00:00	5133.75	5135.5	5063.0	5085.75	1885769
2024-03-06 00:00:00	5091.0	5134.5	5083.75	5111.75	1996223
2024-03-07 00:00:00	5114.25	5170.5	5086.5	5161.75	1791666
2024-03-08 00:00:00	5159.25	5193.0	5121.75	5129.0	2786680
2024-03-11 00:00:00	5132.5	5133.25	5094.75	5123.0	1840000
2024-03-12 00:00:00	5129.0	5183.0	5112.75	5177.25	1211911
2024-03-13 00:00:00	5176.0	5183.75	5153.0	5168.0	540170
2024-03-14 00:00:00	5171.5	5189.5	5124.25	5153.75	476074
2024-03-15 00:00:00	5152.25	5167.0	5101.669921875	5101.669921875	1927775
2024-03-18 00:00:00	5185.75	5240.25	5181.75	5214.75	1377276
2024-03-19 00:00:00	5215.25	5244.75	5186.0	5241.75	1440289
2024-03-20 00:00:00	5239.75	5297.75	5233.0	5286.75	1404974
2024-03-21 00:00:00	5294.75	5322.75	5293.5	5302.5	1326994
2024-03-22 00:00:00	5306.75	5311.75	5287.75	5293.25	1162606
2024-03-25 00:00:00	5290.5	5295.0	5272.5	5278.25	920608
2024-03-26 00:00:00	5280.75	5300.5	5263.0	5265.25	1092706
2024-03-27 00:00:00	5273.25	5313.75	5270.75	5308.25	1487671
2024-03-28 00:00:00	5308.0	5321.0	5301.0	5308.5	1317836
2024-04-01 00:00:00	5314.25	5333.5	5282.25	5295.25	1125234
2024-04-02 00:00:00	5294.5	5296.0	5235.0	5260.5	1426691
2024-04-03 00:00:00	5262.5	5280.75	5244.5	5266.5	1402981
2024-04-04 00:00:00	5270.75	5308.5	5192.5	5197.25	1941274
2024-04-05 00:00:00	5199.75	5272.5	5191.5	5253.0	1908306
2024-04-08 00:00:00	5263.25	5269.25	5236.5	5253.25	1167648
2024-04-09 00:00:00	5258.0	5274.25	5208.25	5260.25	1651973
2024-04-10 00:00:00	5264.25	5285.0	5176.5	5207.75	2369864
2024-04-11 00:00:00	5202.0	5257.5	5173.5	5243.25	1762470
2024-04-12 00:00:00	5244.0	5248.75	5150.0	5167.5	2005106
2024-04-15 00:00:00	5166.5	5213.25	5094.0	5104.0	2226105
2024-04-16 00:00:00	5101.25	5123.25	5078.75	5092.5	2098015
2024-04-17 00:00:00	5096.25	5120.5	5047.0	5062.25	1928645
2024-04-18 00:00:00	5063.0	5095.25	5038.5	5049.0	1701401
2024-04-19 00:00:00	5047.25	5058.0	4963.5	5003.75	2357143
2024-04-22 00:00:00	5014.25	5076.75	5006.0	5047.5	1584393
2024-04-23 00:00:00	5051.0	5113.5	5037.75	5106.5	1357493
2024-04-24 00:00:00	5115.25	5128.75	5072.25	5107.5	1512469
2024-04-25 00:00:00	5070.0	5132.75	5022.25	5082.25	1887635
2024-04-26 00:00:00	5132.0	5146.5	5104.5	5131.5	1455855
2024-04-29 00:00:00	5140.25	5154.25	5118.75	5147.0	1163440
2024-04-30 00:00:00	5148.5	5148.5	5051.0	5067.0	1675335
2024-05-01 00:00:00	5050.0	5126.75	5037.75	5046.5	1955160
2024-05-02 00:00:00	5057.0	5113.0	5036.25	5091.5	1573131
2024-05-03 00:00:00	5110.25	5166.75	5099.25	5154.75	1604172
2024-05-06 00:00:00	5166.75	5207.75	5155.75	5206.5	1019307
2024-05-07 00:00:00	5204.75	5226.75	5202.25	5213.75	1106457
2024-05-08 00:00:00	5211.75	5218.0	5188.75	5212.75	1013418
2024-05-09 00:00:00	5209.25	5244.75	5195.0	5239.0	1094931
2024-05-10 00:00:00	5240.75	5264.0	5232.75	5246.25	1112925
2024-05-13 00:00:00	5240.5	5264.0	5233.25	5245.5	922763
2024-05-14 00:00:00	5241.75	5274.25	5216.75	5269.5	1252615
2024-05-15 00:00:00	5268.5	5337.25	5266.25	5333.0	1391029
2024-05-16 00:00:00	5331.5	5349.0	5315.5	5320.25	1207843
2024-05-17 00:00:00	5318.25	5328.75	5305.75	5327.25	1052765
2024-05-20 00:00:00	5329.25	5348.25	5323.75	5331.75	1031456
2024-05-21 00:00:00	5331.75	5347.5	5322.5	5345.25	1011849
2024-05-22 00:00:00	5343.5	5349.25	5306.75	5328.0	1257477
2024-05-23 00:00:00	5339.0	5368.25	5273.5	5285.25	2012153
2024-05-24 00:00:00	5285.75	5329.25	5285.75	5321.5	1264244
2024-05-28 00:00:00	5321.75	5339.0	5296.75	5324.75	1387872
2024-05-29 00:00:00	5323.75	5324.0	5268.25	5284.0	1445855
2024-05-30 00:00:00	5270.5	5277.0	5238.25	5253.0	1495148
2024-05-31 00:00:00	5250.5	5307.0	5205.5	5295.5	2452894
2024-06-03 00:00:00	5299.5	5313.25	5246.75	5297.25	1785532
2024-06-04 00:00:00	5300.25	5312.25	5262.0	5304.0	1679093
2024-06-05 00:00:00	5305.0	5368.25	5302.5	5366.0	1450596
2024-06-06 00:00:00	5367.75	5373.25	5345.25	5364.0	1228240
2024-06-07 00:00:00	5362.0	5385.5	5329.0	5355.75	1591439
2024-06-10 00:00:00	5351.5	5375.75	5338.25	5371.25	1185881
2024-06-11 00:00:00	5369.75	5386.25	5334.5	5384.0	1413433
2024-06-12 00:00:00	5384.5	5454.5	5380.0	5427.5	1899786
2024-06-13 00:00:00	5436.25	5452.75	5408.5	5438.5	1682858
2024-06-14 00:00:00	5436.0	5443.0	5397.75	5437.5	1789793
2024-06-17 00:00:00	5435.5	5494.0	5424.75	5478.5	1589643
2024-06-18 00:00:00	5480.25	5494.0	5473.5	5491.0	820053
2024-06-20 00:00:00	5492.75	5518.5	5458.5	5476.75	571332
2024-06-21 00:00:00	5477.0	5483.75	5460.5	5471.89013671875	1392213
2024-06-24 00:00:00	5538.5	5558.5	5510.25	5517.0	1410359
2024-06-25 00:00:00	5516.0	5539.75	5511.0	5537.0	1141183
2024-06-26 00:00:00	5535.0	5551.75	5516.25	5543.5	1197372
2024-06-27 00:00:00	5533.0	5555.0	5515.75	5546.0	1257121
2024-06-28 00:00:00	5548.25	5585.0	5510.75	5521.5	1855777
2024-07-01 00:00:00	5534.25	5541.0	5504.5	5533.75	1432355
2024-07-02 00:00:00	5533.5	5569.75	5502.75	5568.75	1315097
2024-07-03 00:00:00	5563.75	5595.75	5559.75	5590.25	808966
2024-07-05 00:00:00	5591.0	5626.0	5585.0	5621.5	1233173
2024-07-08 00:00:00	5612.0	5637.5	5610.75	5625.25	981186
2024-07-09 00:00:00	5627.75	5645.75	5626.25	5631.25	1063568
2024-07-10 00:00:00	5631.75	5690.5	5630.75	5688.0	1200224
2024-07-11 00:00:00	5684.25	5707.75	5630.0	5639.75	1970766
2024-07-12 00:00:00	5638.5	5708.25	5621.25	5664.75	1684437
2024-07-15 00:00:00	5681.0	5718.75	5665.5	5683.0	1701349
2024-07-16 00:00:00	5688.75	5721.25	5673.0	5717.25	1485113
2024-07-17 00:00:00	5715.0	5717.75	5631.75	5639.0	2059862
2024-07-18 00:00:00	5644.0	5664.0	5570.25	5594.5	2528379
2024-07-19 00:00:00	5602.5	5607.5	5542.0	5553.75	2106581
2024-07-22 00:00:00	5564.5	5616.0	5553.5	5610.75	1671918
2024-07-23 00:00:00	5607.75	5629.75	5587.75	5599.25	1385653
2024-07-24 00:00:00	5585.0	5585.0	5462.0	5472.0	2178690
2024-07-25 00:00:00	5482.5	5533.25	5432.5	5441.25	2888086
2024-07-26 00:00:00	5446.0	5528.25	5445.25	5499.0	1977698
2024-07-29 00:00:00	5496.5	5534.5	5481.0	5503.0	1697647
2024-07-30 00:00:00	5504.5	5527.5	5433.0	5472.5	2053956
2024-07-31 00:00:00	5454.75	5588.5	5451.5	5558.0	2156505
2024-08-01 00:00:00	5574.75	5600.75	5444.75	5480.25	2751690
2024-08-02 00:00:00	5464.25	5473.25	5331.75	5376.0	3239738
2024-08-05 00:00:00	5330.0	5345.5	5120.0	5217.5	3436090
2024-08-06 00:00:00	5250.0	5342.0	5221.75	5266.25	2172067
2024-08-07 00:00:00	5241.5	5359.25	5196.75	5227.5	2247229
2024-08-08 00:00:00	5208.25	5361.0	5182.0	5348.25	1912347
2024-08-09 00:00:00	5348.25	5385.25	5319.5	5370.25	1412017
2024-08-12 00:00:00	5364.25	5396.75	5347.75	5369.75	1219995
2024-08-13 00:00:00	5372.5	5461.25	5367.5	5459.0	1271171
2024-08-14 00:00:00	5457.5	5487.75	5438.75	5477.0	1301826
2024-08-15 00:00:00	5481.25	5571.75	5471.75	5567.5	1440377
2024-08-16 00:00:00	5568.5	5586.25	5536.5	5578.25	1183498
2024-08-19 00:00:00	5584.0	5631.75	5565.25	5630.0	1010612
2024-08-20 00:00:00	5629.5	5643.75	5607.75	5619.75	1020393
2024-08-21 00:00:00	5619.5	5655.25	5613.5	5641.5	1086814
2024-08-22 00:00:00	5642.0	5665.25	5582.75	5594.0	1409474
2024-08-23 00:00:00	5597.75	5662.25	5597.75	5652.5	1415472
2024-08-26 00:00:00	5650.5	5669.0	5619.75	5637.0	1090361
2024-08-27 00:00:00	5630.0	5649.5	5611.5	5644.75	1027658
2024-08-28 00:00:00	5643.75	5650.5	5576.0	5610.25	1381099
2024-08-29 00:00:00	5580.5	5663.75	5561.25	5610.0	1571688
2024-08-30 00:00:00	5618.5	5665.0	5594.25	5661.0	1558874
2024-09-03 00:00:00	5656.25	5669.75	5516.75	5541.75	1910577
2024-09-04 00:00:00	5538.5	5565.0	5506.75	5530.0	1749591
2024-09-05 00:00:00	5527.5	5557.25	5490.0	5512.25	1737210
2024-09-06 00:00:00	5513.0	5532.5	5394.0	5419.5	2377532
2024-09-09 00:00:00	5410.0	5493.0	5405.25	5479.5	2377532
2024-09-10 00:00:00	5488.25	5506.0	5448.25	5504.0	1525620
2024-09-11 00:00:00	5499.25	5567.5	5412.0	5561.25	2309139
2024-09-12 00:00:00	5558.0	5607.0	5540.25	5602.25	1726434
2024-09-13 00:00:00	5598.5	5641.5	5597.25	5629.75	1706322
2024-09-16 00:00:00	5622.75	5641.5	5609.25	5638.0	1588010
2024-09-17 00:00:00	5633.25	5675.5	5617.0	5639.0	1056184
2024-09-18 00:00:00	5639.5	5696.25	5613.75	5620.75	605651
2024-09-19 00:00:00	5631.5	5737.5	5631.5	5717.75	461433
2024-09-20 00:00:00	5714.75	5717.25	5699.25	5699.990234375	1623655
2024-09-23 00:00:00	5762.0	5784.5	5745.25	5776.75	1077941
2024-09-24 00:00:00	5774.0	5794.25	5754.75	5792.0	1181221
2024-09-25 00:00:00	5792.25	5798.75	5768.0	5779.0	1043665
2024-09-26 00:00:00	5783.5	5830.0	5778.25	5804.5	1360026
2024-09-27 00:00:00	5804.25	5821.5	5782.0	5791.25	1280272
2024-09-30 00:00:00	5784.0	5820.25	5756.25	5814.25	1502729
2024-10-01 00:00:00	5807.0	5822.5	5733.0	5759.75	1947177
2024-10-02 00:00:00	5760.25	5773.25	5724.0	5760.25	1250353
2024-10-03 00:00:00	5769.5	5772.75	5725.75	5749.5	1421429
2024-10-04 00:00:00	5745.75	5804.75	5741.0	5800.0	1460645
2024-10-07 00:00:00	5802.0	5808.0	5734.25	5744.75	1211368
2024-10-08 00:00:00	5752.5	5806.75	5725.25	5800.5	1172261
2024-10-09 00:00:00	5799.25	5846.5	5780.75	5841.25	1113875
2024-10-10 00:00:00	5836.0	5844.0	5811.5	5829.0	1116046
2024-10-11 00:00:00	5831.0	5868.25	5816.0	5859.75	1028816
2024-10-14 00:00:00	5854.5	5918.5	5850.0	5908.25	919072
2024-10-15 00:00:00	5914.25	5915.5	5850.0	5862.75	1365310
2024-10-16 00:00:00	5861.0	5892.75	5853.25	5887.0	935721
2024-10-17 00:00:00	5882.75	5927.25	5871.25	5887.0	1236083
2024-10-18 00:00:00	5888.25	5915.5	5876.25	5906.0	952612
2024-10-21 00:00:00	5911.5	5915.5	5865.0	5896.25	1063780
2024-10-22 00:00:00	5900.75	5904.25	5861.25	5892.5	1033296
2024-10-23 00:00:00	5887.25	5893.75	5801.0	5837.75	1468269
2024-10-24 00:00:00	5844.0	5870.0	5822.5	5849.0	1159448
2024-10-25 00:00:00	5853.25	5900.75	5835.0	5846.0	1368245
2024-10-28 00:00:00	5857.0	5884.5	5857.0	5861.5	1017440
2024-10-29 00:00:00	5867.0	5883.75	5837.5	5871.0	1195753
2024-10-30 00:00:00	5883.0	5893.0	5840.25	5852.0	1347170
2024-10-31 00:00:00	5840.0	5844.0	5733.25	5738.5	1973513
2024-11-01 00:00:00	5742.0	5803.75	5732.5	5758.25	1592031
2024-11-04 00:00:00	5741.75	5776.5	5724.25	5743.25	1333685
2024-11-05 00:00:00	5752.25	5823.25	5735.0	5812.25	1198797
2024-11-06 00:00:00	5820.25	5967.0	5814.75	5958.25	2023257
2024-11-07 00:00:00	5963.5	6013.0	5951.0	6003.75	1285585
2024-11-08 00:00:00	6007.75	6040.5	5990.25	6025.25	1184512
2024-11-11 00:00:00	6030.0	6053.25	6013.5	6031.75	1069929
2024-11-12 00:00:00	6029.25	6036.5	5986.75	6013.0	1407120
2024-11-13 00:00:00	6012.25	6035.25	5991.75	6016.0	1445258
2024-11-14 00:00:00	6017.75	6025.25	5964.25	5978.25	1538927
2024-11-15 00:00:00	5972.0	5974.25	5876.75	5896.5	2008339
2024-11-18 00:00:00	5899.75	5933.0	5886.5	5920.0	1332326
2024-11-19 00:00:00	5919.0	5947.5	5855.0	5938.75	1636346
2024-11-20 00:00:00	5937.75	5957.75	5880.0	5937.75	1597257
2024-11-21 00:00:00	5937.25	5985.0	5905.25	5970.5	1867101
2024-11-22 00:00:00	5967.0	5993.5	5940.75	5987.0	1550734
2024-11-25 00:00:00	6006.0	6040.0	5982.5	6006.5	1619917
2024-11-26 00:00:00	6013.25	6044.0	5976.25	6038.25	1336843
2024-11-27 00:00:00	6041.75	6047.0	6000.25	6015.0	1157171
2024-11-29 00:00:00	6015.0	6060.0	6014.75	6051.5	847984
2024-12-02 00:00:00	6051.5	6068.5	6036.0	6061.75	989033
2024-12-03 00:00:00	6064.0	6070.75	6047.5	6063.25	991961
2024-12-04 00:00:00	6067.0	6102.25	6063.0	6098.5	1142137
2024-12-05 00:00:00	6095.25	6107.25	6081.5	6088.75	1118784
2024-12-06 00:00:00	6085.5	6111.0	6076.0	6099.0	1167677
2024-12-09 00:00:00	6096.25	6105.75	6060.0	6065.75	1351194
2024-12-10 00:00:00	6065.25	6075.25	6039.75	6046.25	1350731
2024-12-11 00:00:00	6052.75	6102.5	6045.5	6092.75	1271795
2024-12-12 00:00:00	6087.5	6088.25	6055.5	6060.75	1565731
2024-12-13 00:00:00	6065.0	6085.25	6041.25	6055.5	1996354
2024-12-16 00:00:00	6055.5	6090.5	6051.5	6080.5	1612199
2024-12-17 00:00:00	6077.0	6079.25	6040.75	6053.75	1113325
2024-12-18 00:00:00	6053.5	6074.5	5840.0	5872.25	847452
2024-12-19 00:00:00	5881.75	5938.0	5865.5	5868.75	532081
2024-12-20 00:00:00	5879.5	5879.5	5800.75	5840.259765625	2340873
2024-12-23 00:00:00	6001.75	6043.0	5965.0	6036.0	1406019
2024-12-24 00:00:00	6037.75	6099.5	6030.0	6098.0	634201
2024-12-26 00:00:00	6099.25	6107.5	6063.25	6095.25	911486
2024-12-27 00:00:00	6092.0	6095.25	5982.75	6027.0	1641100
2024-12-30 00:00:00	6028.75	6036.25	5918.25	5958.75	1575134
2024-12-31 00:00:00	5955.0	5983.25	5917.25	5935.75	1382187
2025-01-02 00:00:00	5949.25	5995.25	5874.75	5916.5	1826031
2025-01-03 00:00:00	5921.0	5996.75	5911.25	5989.5	1206570
2025-01-06 00:00:00	5994.5	6068.25	5980.75	6020.5	1547298
2025-01-07 00:00:00	6028.0	6045.5	5935.0	5954.25	1771767
2025-01-08 00:00:00	5955.5	5975.0	5917.0	5959.25	1764315
2025-01-09 00:00:00	5955.0	5957.0	5929.25	5944.75	113831
2025-01-10 00:00:00	5943.75	5959.25	5845.25	5866.25	2130067
2025-01-13 00:00:00	5864.5	5883.25	5809.0	5874.5	1755341
2025-01-14 00:00:00	5887.25	5918.5	5842.5	5882.25	1839961
2025-01-15 00:00:00	5891.5	6001.25	5879.5	5989.0	1657670
2025-01-16 00:00:00	5988.5	6017.5	5961.75	5975.5	1566439
2025-01-17 00:00:00	5970.25	6051.5	5968.0	6033.5	1417304
2025-01-21 00:00:00	6032.25	6093.25	5994.5	6084.25	1725952
2025-01-22 00:00:00	6094.0	6135.75	6087.0	6120.5	1249850
2025-01-23 00:00:00	6120.0	6154.0	6101.5	6152.0	1136009
2025-01-24 00:00:00	6148.0	6162.25	6122.0	6133.25	1254280
2025-01-27 00:00:00	6102.25	6105.25	5948.0	6046.75	2385614
2025-01-28 00:00:00	6059.5	6105.5	6023.5	6097.0	1585216
2025-01-29 00:00:00	6090.75	6111.5	6042.25	6067.5	1552941
2025-01-30 00:00:00	6068.5	6116.25	6056.5	6099.25	1606753
2025-01-31 00:00:00	6106.0	6147.75	6057.75	6067.25	1866467
2025-02-03 00:00:00	5982.25	6062.0	5935.5	6022.25	2314824
2025-02-04 00:00:00	6069.0	6069.0	5987.0	6063.0	1333376
2025-02-05 00:00:00	6042.75	6092.0	6020.25	6086.5	1216433
2025-02-06 00:00:00	6090.25	6108.5	6070.0	6106.0	1179112
2025-02-07 00:00:00	6089.75	6123.25	6041.25	6049.5	1683475
2025-02-10 00:00:00	6016.0	6096.0	6014.0	6088.75	1005560
2025-02-11 00:00:00	6085.5	6098.75	6057.75	6092.25	1017366
2025-02-12 00:00:00	6090.75	6098.0	6020.75	6072.75	1558395
2025-02-13 00:00:00	6079.75	6138.0	6053.5	6135.25	1523953
2025-02-14 00:00:00	6131.75	6146.75	6121.25	6132.0	1018370
2025-02-18 00:00:00	6138.25	6157.75	6118.25	6146.75	1200599
2025-02-19 00:00:00	6143.75	6166.5	6129.25	6163.0	1078997
2025-02-20 00:00:00	6153.75	6159.5	6102.75	6136.5	1405343
2025-02-21 00:00:00	6132.5	6142.5	6024.5	6029.0	1940563
2025-02-24 00:00:00	6040.75	6067.5	5994.5	6000.75	1797847
2025-02-25 00:00:00	6006.5	6016.0	5924.0	5970.0	2215332
2025-02-26 00:00:00	5982.0	6023.75	5945.5	5970.75	1901306
2025-02-27 00:00:00	5980.0	6014.5	5873.0	5876.25	2579895
2025-02-28 00:00:00	5883.0	5971.0	5848.0	5963.25	2784347
2025-03-03 00:00:00	5967.5	6000.5	5821.75	5860.75	2610882
2025-03-04 00:00:00	5874.0	5884.0	5744.0	5789.5	3353551
2025-03-05 00:00:00	5832.0	5869.5	5750.75	5851.25	2284032
2025-03-06 00:00:00	5844.75	5853.5	5720.0	5746.25	2553819
2025-03-07 00:00:00	5766.0	5791.0	5673.0	5776.0	2315005
2025-03-10 00:00:00	5753.0	5757.75	5571.5	5620.75	2590102
2025-03-11 00:00:00	5622.0	5651.75	5534.0	5577.0	2623963
2025-03-12 00:00:00	5580.0	5675.0	5550.25	5604.75	2004740
2025-03-13 00:00:00	5596.5	5623.0	5509.25	5527.5	2163776
2025-03-14 00:00:00	5540.0	5648.75	5538.75	5640.0	2191954
2025-03-17 00:00:00	5626.75	5707.5	5599.0	5680.25	2086734
2025-03-18 00:00:00	5680.0	5686.25	5600.0	5618.0	1111733
2025-03-19 00:00:00	5618.5	5718.5	5606.25	5678.5	704394
2025-03-20 00:00:00	5680.0	5714.25	5631.5	5662.5	412785
2025-03-21 00:00:00	5664.0	5674.25	5597.5	5617.7998046875	1629871
2025-03-24 00:00:00	5740.0	5825.5	5739.0	5815.5	1404629
2025-03-25 00:00:00	5813.0	5837.25	5802.25	5826.5	1078548
2025-03-26 00:00:00	5831.0	5836.5	5743.0	5759.5	1483959
2025-03-27 00:00:00	5737.25	5779.75	5720.0	5739.25	1575855
2025-03-28 00:00:00	5741.75	5747.75	5602.25	5623.0	1910914
2025-03-31 00:00:00	5590.0	5672.75	5533.75	5653.25	2229839
2025-04-01 00:00:00	5644.25	5694.75	5600.25	5674.5	1871505
2025-04-02 00:00:00	5672.0	5773.25	5566.25	5712.25	2060456
2025-04-03 00:00:00	5550.5	5564.75	5415.25	5432.75	2470412
2025-04-04 00:00:00	5423.0	5435.0	5074.0	5110.25	3678162
2025-04-07 00:00:00	5007.0	5286.5	4832.0	5097.25	3673583
2025-04-08 00:00:00	5126.5	5305.25	4940.5	5020.25	2438061
2025-04-09 00:00:00	5006.25	5520.0	4871.75	5491.0	3096194
2025-04-10 00:00:00	5502.5	5528.75	5146.75	5302.0	2524214
2025-04-11 00:00:00	5299.25	5418.25	5206.0	5391.25	1759660
2025-04-14 00:00:00	5452.5	5497.75	5391.0	5440.75	1303900
2025-04-15 00:00:00	5431.75	5485.0	5413.0	5428.25	1158703
2025-04-16 00:00:00	5403.75	5425.0	5251.0	5305.75	1559064
2025-04-17 00:00:00	5308.0	5371.25	5285.5	5312.75	1381396
2025-04-21 00:00:00	5283.75	5306.75	5127.25	5184.75	1191218
2025-04-22 00:00:00	5182.5	5339.25	5171.75	5314.75	1572006
2025-04-23 00:00:00	5379.75	5499.75	5377.75	5401.75	1846494
2025-04-24 00:00:00	5409.0	5541.5	5355.25	5511.25	1411419
2025-04-25 00:00:00	5529.0	5562.25	5480.25	5549.75	1339888
2025-04-28 00:00:00	5544.0	5578.75	5492.0	5553.0	1198801
2025-04-29 00:00:00	5543.0	5597.25	5521.5	5583.75	1227182
2025-04-30 00:00:00	5579.5	5626.25	5455.5	5587.0	1833646
2025-05-01 00:00:00	5617.5	5682.5	5601.75	5623.25	1388619
2025-05-02 00:00:00	5608.5	5724.75	5601.0	5709.0	1383367
2025-05-05 00:00:00	5705.0	5706.25	5655.25	5671.75	989373
2025-05-06 00:00:00	5666.25	5673.25	5605.0	5625.75	1303877
2025-05-07 00:00:00	5608.5	5689.75	5596.0	5652.0	1390561
2025-05-08 00:00:00	5643.25	5741.0	5636.5	5684.5	1428613
2025-05-09 00:00:00	5688.5	5715.25	5662.5	5678.0	1029418
2025-05-12 00:00:00	5761.0	5876.25	5734.25	5865.0	1765593
2025-05-13 00:00:00	5868.0	5927.0	5835.75	5904.5	1335457
2025-05-14 00:00:00	5902.0	5925.0	5890.0	5908.5	1207202
2025-05-15 00:00:00	5904.0	5944.5	5867.0	5933.25	1291986
2025-05-16 00:00:00	5935.0	5977.5	5923.0	5975.5	1180875
2025-05-19 00:00:00	5930.25	5987.5	5892.75	5982.5	1245859
2025-05-20 00:00:00	5980.0	5993.5	5926.75	5959.75	1112908
2025-05-21 00:00:00	5953.5	5958.25	5847.75	5861.25	1548946
2025-05-22 00:00:00	5858.0	5895.0	5828.75	5856.75	1419522
2025-05-23 00:00:00	5869.25	5872.0	5756.5	5817.0	1537693
2025-05-27 00:00:00	5820.0	5941.75	5813.0	5934.25	1288369
2025-05-28 00:00:00	5940.75	5952.5	5890.0	5902.75	1181330
2025-05-29 00:00:00	5923.5	6008.0	5884.0	5922.75	1414864
2025-05-30 00:00:00	5912.25	5932.75	5853.25	5916.0	1633334
2025-06-02 00:00:00	5898.75	5955.5	5867.5	5947.25	1194125
2025-06-03 00:00:00	5949.0	5991.25	5909.25	5981.5	1154297
2025-06-04 00:00:00	5980.0	5999.0	5974.0	5981.0	1097088
2025-06-05 00:00:00	5974.25	6016.5	5928.75	5946.0	0
2025-06-06 00:00:00	5931.75	6025.0	5930.0	6006.75	1278102
2025-06-09 00:00:00	6010.0	6027.75	5992.25	6010.25	912371
2025-06-10 00:00:00	6012.25	6049.5	5991.25	6045.0	1104373
2025-06-11 00:00:00	6038.75	6074.75	6006.25	6029.0	1610313
2025-06-12 00:00:00	6022.25	6051.25	5987.75	6049.5	1330953
2025-06-13 00:00:00	6045.0	6045.0	5927.5	5979.25	2162167
2025-06-16 00:00:00	5949.0	6055.25	5944.0	6035.75	1744867
2025-06-17 00:00:00	6038.5	6040.5	5976.75	5985.0	870571
2025-06-18 00:00:00	5977.25	6020.75	5964.75	5981.5	0
2025-06-20 00:00:00	5984.0	6019.25	5918.25	6010.2099609375	1694443
2025-06-23 00:00:00	5964.0	6081.5	5959.0	6077.0	1358034
2025-06-24 00:00:00	6078.0	6155.25	6075.25	6146.25	1077333
2025-06-25 00:00:00	6144.75	6160.25	6130.75	6147.0	902500
2025-06-26 00:00:00	6144.75	6200.0	6141.25	6195.0	1039428
2025-06-27 00:00:00	6197.5	6239.0	6183.25	6223.75	1353399
2025-06-30 00:00:00	6223.25	6265.5	6223.25	6253.75	1364101
2025-07-01 00:00:00	6245.75	6261.5	6227.25	6248.75	1320618
2025-07-02 00:00:00	6247.75	6279.5	6235.5	6275.0	1044261
2025-07-03 00:00:00	6276.5	6333.25	6270.5	6324.25	0
2025-07-04 00:00:00	6320.75	6322.75	6276.5	6283.5	0
2025-07-07 00:00:00	6307.75	6315.0	6246.25	6276.0	1376613
2025-07-08 00:00:00	6262.5	6289.0	6254.5	6272.0	1073914
2025-07-09 00:00:00	6272.0	6315.25	6260.0	6307.25	1144723
2025-07-10 00:00:00	6306.0	6335.5	6287.5	6324.25	948393
2025-07-11 00:00:00	6323.0	6330.25	6276.75	6300.0	1100047
2025-07-14 00:00:00	6274.0	6315.0	6259.75	6311.0	909223
2025-07-15 00:00:00	6309.5	6343.0	6272.5	6284.0	1279068
2025-07-16 00:00:00	6273.75	6308.75	6241.0	6303.25	1462969
2025-07-17 00:00:00	6299.25	6345.5	6288.25	6340.5	1052843
2025-07-18 00:00:00	6342.5	6357.0	6323.25	6334.75	1050307
2025-07-21 00:00:00	6335.75	6374.0	6329.75	6344.75	934271
2025-07-22 00:00:00	6347.0	6353.75	6318.75	6346.75	1130356
2025-07-23 00:00:00	6346.5	6407.25	6342.75	6396.25	1203541
2025-07-24 00:00:00	6404.0	6418.25	6391.5	6401.5	1073595
2025-07-25 00:00:00	6406.75	6431.0	6401.0	6425.0	829856
2025-07-28 00:00:00	6450.0	6457.75	6408.75	6422.75	972646
2025-07-29 00:00:00	6424.25	6442.5	6396.25	6406.0	1122508
2025-07-30 00:00:00	6404.0	6435.25	6366.75	6396.25	1302795
2025-07-31 00:00:00	6435.5	6468.5	6357.5	6374.25	1857020
2025-08-01 00:00:00	6359.5	6373.5	6239.5	6264.5	2287699
2025-08-04 00:00:00	6257.0	6370.0	6251.25	6356.0	1304652
2025-08-05 00:00:00	6370.0	6377.5	6315.5	6325.25	1402448
2025-08-06 00:00:00	6323.0	6379.5	6313.25	6371.0	1233346
2025-08-07 00:00:00	6371.0	6426.75	6334.5	6366.5	1458573
2025-08-08 00:00:00	6372.5	6425.75	6369.25	6413.5	1196497
2025-08-11 00:00:00	6422.75	6431.5	6387.5	6399.75	1073359
2025-08-12 00:00:00	6396.0	6470.0	6391.25	6468.5	1271180
2025-08-13 00:00:00	6468.0	6502.5	6461.0	6488.75	1111683
2025-08-14 00:00:00	6485.0	6496.0	6453.25	6490.5	1186070
2025-08-15 00:00:00	6489.25	6508.75	6461.5	6471.5	1122157
2025-08-18 00:00:00	6467.0	6484.25	6456.0	6469.25	860451
2025-08-19 00:00:00	6468.5	6477.5	6419.25	6432.5	1224317
2025-08-20 00:00:00	6433.0	6438.0	6362.75	6413.25	1609469
2025-08-21 00:00:00	6414.25	6419.0	6370.25	6388.25	1200689
2025-08-22 00:00:00	6392.0	6496.25	6364.0	6483.25	1420723
2025-08-25 00:00:00	6493.0	6494.0	6453.0	6455.5	932515
2025-08-26 00:00:00	6460.25	6487.5	6430.75	6482.5	1133761
2025-08-27 00:00:00	6486.75	6505.5	6459.25	6496.0	957730
2025-08-28 00:00:00	6485.0	6523.0	6471.0	6517.5	1170397
2025-08-29 00:00:00	6516.0	6518.0	6455.5	6472.75	0
2025-09-02 00:00:00	6478.75	6491.5	6371.75	6425.5	1802584
2025-09-03 00:00:00	6448.0	6464.25	6425.5	6457.25	1435997
2025-09-04 00:00:00	6460.0	6516.75	6454.5	6510.75	1186477
2025-09-05 00:00:00	6515.75	6541.75	6452.0	6489.75	1710784
2025-09-08 00:00:00	6483.75	6516.5	6480.25	6506.0	1187985
2025-09-09 00:00:00	6507.75	6536.25	6489.25	6521.75	1169514
2025-09-10 00:00:00	6532.25	6565.25	6522.5	6539.75	1381759
2025-09-11 00:00:00	6535.75	6600.0	6535.5	6592.5	1282669
2025-09-12 00:00:00	6596.25	6606.0	6576.0	6588.25	1601056
2025-09-15 00:00:00	6588.25	6623.5	6585.25	6621.5	1539732
2025-09-16 00:00:00	6616.25	6639.0	6604.25	6610.75	837034
2025-09-17 00:00:00	6613.0	6629.0	6554.0	6601.25	560841
2025-09-18 00:00:00	6606.0	6662.0	6605.75	6635.0	339967
2025-09-19 00:00:00	6640.0	6660.75	6622.75	6658.77001953125	1369003
2025-09-22 00:00:00	6716.0	6756.75	6695.25	6752.5	1081569
2025-09-23 00:00:00	6749.5	6756.5	6701.75	6715.0	1264195
2025-09-24 00:00:00	6717.75	6728.75	6678.0	6692.25	1250173
2025-09-25 00:00:00	6697.25	6705.25	6624.25	6659.75	1710507
2025-09-26 00:00:00	6662.75	6703.75	6653.25	6696.5	1338413
2025-09-29 00:00:00	6697.0	6736.0	6696.25	6713.5	1209953
2025-09-30 00:00:00	6708.0	6743.5	6693.0	6738.75	1521737
2025-10-01 00:00:00	6725.5	6769.5	6680.0	6761.5	1312743
2025-10-02 00:00:00	6757.0	6782.25	6741.5	6766.75	1182875
2025-10-03 00:00:00	6764.75	6800.0	6754.0	6764.0	1366239
2025-10-06 00:00:00	6768.0	6797.75	6766.5	6788.75	1087339
2025-10-07 00:00:00	6789.5	6802.75	6747.25	6761.5	1433808
2025-10-08 00:00:00	6766.0	6807.75	6758.25	6801.25	1047925
2025-10-09 00:00:00	6802.75	6812.25	6760.75	6779.25	1370466
2025-10-10 00:00:00	6779.5	6806.5	6540.25	6595.25	2570043
2025-10-13 00:00:00	6632.0	6711.5	6632.0	6694.75	2570043
2025-10-14 00:00:00	6691.0	6722.5	6593.25	6686.5	2147252
2025-10-15 00:00:00	6684.25	6766.75	6651.5	6715.0	2009854
2025-10-16 00:00:00	6715.25	6750.5	6632.0	6668.75	2221351
2025-10-17 00:00:00	6659.25	6718.0	6571.25	6702.5	2081456
2025-10-20 00:00:00	6721.0	6783.0	6694.0	6773.75	1207586
2025-10-21 00:00:00	6779.5	6789.75	6759.25	6773.25	1285745
2025-10-22 00:00:00	6776.0	6788.75	6690.75	6737.0	1905565
2025-10-23 00:00:00	6733.5	6785.75	6717.5	6775.0	1375494
2025-10-24 00:00:00	6778.25	6841.25	6776.5	6827.0	1279387
2025-10-27 00:00:00	6881.0	6916.25	6865.75	6908.25	1191278
2025-10-28 00:00:00	6914.0	6944.75	6901.5	6925.75	1221838
2025-10-29 00:00:00	6929.25	6952.0	6882.25	6922.75	1536995
2025-10-30 00:00:00	6906.5	6953.75	6851.0	6855.5	1817621
2025-10-31 00:00:00	6897.0	6918.5	6843.5	6874.0	1764133
2025-11-03 00:00:00	6878.0	6909.5	6849.5	6882.75	0
2025-11-04 00:00:00	6884.0	6884.0	6786.25	6801.75	1702971
2025-11-05 00:00:00	6801.0	6857.75	6748.5	6825.25	1467734
2025-11-06 00:00:00	6828.5	6843.5	6733.5	6747.5	1860279
2025-11-07 00:00:00	6763.0	6772.0	6655.5	6753.75	2127595
2025-11-10 00:00:00	6788.0	6865.75	6772.0	6856.75	1597305
2025-11-11 00:00:00	6857.25	6880.0	6830.5	6871.5	1348763
2025-11-12 00:00:00	6874.0	6900.5	6852.0	6875.75	1402032
2025-11-13 00:00:00	6873.25	6892.5	6746.0	6760.0	2087220
2025-11-14 00:00:00	6762.75	6795.5	6670.5	6755.25	2105234
2025-11-17 00:00:00	6764.75	6801.5	6658.5	6692.0	1883810
2025-11-18 00:00:00	6696.5	6708.75	6594.0	6639.75	2514985
2025-11-19 00:00:00	6630.75	6709.0	6613.25	6661.5	2041130
2025-11-20 00:00:00	6697.5	6791.25	6550.5	6557.5	2987357
2025-11-21 00:00:00	6560.0	6677.5	6525.0	6620.25	2592859
2025-11-24 00:00:00	6654.75	6731.75	6625.0	6721.25	1611105
2025-11-25 00:00:00	6726.25	6792.5	6674.5	6781.5	1656062
2025-11-26 00:00:00	6781.0	6846.75	6778.25	6828.0	1459184
2025-11-28 00:00:00	6830.25	6863.75	6824.25	6859.5	460053
2025-12-01 00:00:00	6854.75	6864.5	6802.0	6826.75	1472111
2025-12-02 00:00:00	6829.0	6863.5	6812.25	6840.25	1455018
2025-12-03 00:00:00	6843.0	6873.25	6817.5	6862.0	1310103
2025-12-04 00:00:00	6866.0	6880.75	6836.25	6866.75	1323676
2025-12-05 00:00:00	6865.5	6905.0	6856.75	6878.25	1336540
2025-12-08 00:00:00	6883.0	6893.75	6835.25	6855.75	1257776
2025-12-09 00:00:00	6865.0	6872.75	6844.0	6848.25	1008518
2025-12-10 00:00:00	6847.25	6908.0	6830.75	6891.75	1473707
2025-12-11 00:00:00	6887.0	6928.75	6817.5	6907.25	1815978
2025-12-12 00:00:00	6914.0	6915.5	6805.0	6830.75	2609362
2025-12-15 00:00:00	6831.0	6872.5	6806.25	6823.0	1771047
2025-12-16 00:00:00	6825.25	6833.75	6762.0	6801.0	1070240
2025-12-17 00:00:00	6796.0	6826.75	6723.75	6726.5	590558
2025-12-18 00:00:00	6739.25	6818.5	6720.25	6778.25	416394
2025-12-19 00:00:00	6772.25	6802.75	6768.0	6796.5400390625	1403081
2025-12-22 00:00:00	6906.25	6936.25	6900.5	6930.25	989308
2025-12-23 00:00:00	6930.75	6963.75	6913.25	6961.0	874601
2025-12-24 00:00:00	6959.5	6988.0	6952.5	6982.5	457055
2025-12-26 00:00:00	6979.5	6994.0	6969.0	6979.25	636544
2025-12-29 00:00:00	6980.5	6984.75	6936.0	6955.0	882739
2025-12-30 00:00:00	6956.5	6961.5	6940.75	6944.25	773655
2025-12-31 00:00:00	6945.5	6951.5	6890.25	6892.5	990179
2026-01-02 00:00:00	6902.0	6939.75	6866.75	6900.5	1571467
2026-01-05 00:00:00	6911.5	6963.5	6899.5	6943.75	1262018
2026-01-06 00:00:00	6945.5	6991.5	6931.0	6987.75	1192527
2026-01-07 00:00:00	6988.5	7006.75	6958.0	6963.25	1264816
2026-01-08 00:00:00	6967.5	6977.75	6935.25	6962.0	1303097
2026-01-09 00:00:00	6973.25	7017.5	6954.25	7005.0	1342341
2026-01-12 00:00:00	7007.0	7025.25	6950.0	7016.5	1063552
2026-01-13 00:00:00	7014.0	7036.25	6976.75	7001.75	1376658
2026-01-14 00:00:00	6998.5	7002.5	6923.25	6966.25	1768305
2026-01-15 00:00:00	6955.75	7017.25	6949.5	6981.75	1293668
2026-01-16 00:00:00	6986.75	7007.0	6960.5	6976.75	1297479
2026-01-20 00:00:00	6918.25	6935.0	6822.25	6829.5	2391547
2026-01-21 00:00:00	6839.0	6945.25	6814.5	6910.0	2200553
2026-01-22 00:00:00	6920.0	6969.0	6911.25	6945.0	1336659
2026-01-23 00:00:00	6938.0	6964.0	6924.75	6945.75	1221966
2026-01-26 00:00:00	6904.0	6995.5	6879.0	6981.25	1062544
2026-01-27 00:00:00	6977.0	7018.5	6972.0	7008.5	980139
2026-01-28 00:00:00	7010.25	7043.0	6977.25	7007.25	1187287
2026-01-29 00:00:00	7021.5	7029.5	6898.25	6992.75	1947645
2026-01-30 00:00:00	6992.75	6995.0	6917.5	6965.75	2046596
2026-02-02 00:00:00	6938.5	7017.25	6864.5	7002.5	1491899
2026-02-03 00:00:00	7004.25	7027.25	6886.25	6941.75	1942807
2026-02-04 00:00:00	6934.0	6965.75	6862.5	6906.25	2145116
2026-02-05 00:00:00	6915.5	6935.25	6785.0	6820.75	2107676
2026-02-06 00:00:00	6785.5	6965.5	6751.5	6952.75	1796075
2026-02-09 00:00:00	6960.25	7000.5	6921.0	6983.25	1198044
2026-02-10 00:00:00	6985.0	7006.5	6957.0	6961.5	1187062
2026-02-11 00:00:00	6971.5	7011.5	6931.0	6960.5	1498739
2026-02-12 00:00:00	6964.5	6992.75	6842.0	6851.0	2078744
2026-02-13 00:00:00	6865.5	6897.75	6808.75	6850.5	1803723
2026-02-17 00:00:00	6852.5	6885.5	6791.0	6860.5	1837384
2026-02-18 00:00:00	6862.75	6925.75	6848.75	6894.25	1346435
2026-02-19 00:00:00	6891.75	6912.5	6847.75	6877.0	1286455
2026-02-20 00:00:00	6874.25	6931.5	6847.25	6923.25	1816863
2026-02-23 00:00:00	6918.0	6930.25	6832.75	6851.5	1462094
2026-02-24 00:00:00	6858.25	6912.75	6828.5	6903.75	1335317
2026-02-25 00:00:00	6900.25	6983.75	6892.25	6959.75	1062293
2026-02-26 00:00:00	6965.0	6970.75	6870.75	6920.0	1548837
2026-02-27 00:00:00	6899.0	6915.5	6841.5	6889.0	1638910
2026-03-02 00:00:00	6820.0	6911.25	6768.5	6888.25	1844835
2026-03-03 00:00:00	6883.5	6886.0	6718.75	6824.75	2259359
2026-03-04 00:00:00	6813.25	6894.0	6773.5	6876.0	1546814
2026-03-05 00:00:00	6883.25	6900.75	6777.0	6835.25	1948470
2026-03-06 00:00:00	6826.0	6854.0	6715.75	6743.75	1940173
2026-03-09 00:00:00	6685.5	6818.5	6584.5	6801.0	2265287
2026-03-10 00:00:00	6800.75	6852.0	6762.5	6787.25	1893966
2026-03-11 00:00:00	6796.75	6822.5	6749.75	6779.5	1603374
2026-03-12 00:00:00	6766.0	6769.5	6671.75	6677.5	2042016
2026-03-13 00:00:00	6684.25	6737.5	6625.0	6636.0	2407679
2026-03-16 00:00:00	6608.5	6734.25	6608.5	6704.75	2025388
2026-03-17 00:00:00	6700.0	6757.5	6665.25	6721.75	834934
2026-03-18 00:00:00	6722.5	6762.25	6604.0	6626.0	501911
2026-03-19 00:00:00	6622.0	6644.5	6561.75	6609.25	450179
2026-03-20 00:00:00	6622.75	6635.0	6558.0	6594.6298828125	2011431
2026-03-23 00:00:00	6510.0	6748.0	6483.5	6634.75	2176195
2026-03-24 00:00:00	6635.0	6680.5	6573.5	6606.0	1924003
2026-03-25 00:00:00	6646.5	6684.75	6616.5	6640.75	1709266
2026-03-26 00:00:00	6641.5	6647.0	6517.0	6525.0	1689160
2026-03-27 00:00:00	6536.0	6568.5	6389.0	6412.25	1918291
2026-03-30 00:00:00	6380.0	6481.75	6359.5	6388.25	1793061
2026-03-31 00:00:00	6385.25	6583.25	6353.25	6570.75	2363577
2026-04-01 00:00:00	6562.0	6653.75	6561.0	6617.75	1752607
2026-04-02 00:00:00	6618.5	6644.5	6503.75	6622.25	1965184
2026-04-06 00:00:00	6590.0	6661.0	6567.0	6651.0	1103916
2026-04-07 00:00:00	6650.5	6673.5	6572.75	6656.75	1997800
2026-04-08 00:00:00	6689.0	6847.25	6652.25	6823.75	2199329
2026-04-09 00:00:00	6814.25	6876.0	6792.5	6863.25	1604541
2026-04-10 00:00:00	6858.0	6888.0	6846.25	6855.25	1312566
2026-04-13 00:00:00	6780.0	6928.25	6767.0	6922.75	1541313
2026-04-14 00:00:00	6925.25	7008.0	6920.25	7004.75	1356650
2026-04-15 00:00:00	7004.0	7064.5	6991.75	7060.5	1395387
2026-04-16 00:00:00	7057.25	7089.0	7046.5	7077.0	1360502
2026-04-17 00:00:00	7077.25	7185.75	7075.25	7161.5	1847098
2026-04-20 00:00:00	7102.5	7160.5	7085.0	7148.0	1374523
2026-04-21 00:00:00	7150.75	7183.0	7085.0	7100.0	1819102
2026-04-22 00:00:00	7125.0	7173.0	7121.25	7171.25	1185812
2026-04-23 00:00:00	7163.0	7181.5	7079.25	7143.5	1862446
2026-04-24 00:00:00	7143.0	7200.5	7135.5	7194.75	1463962
2026-04-27 00:00:00	7185.0	7211.25	7171.5	7206.0	1085690
2026-04-28 00:00:00	7204.75	7223.25	7146.25	7171.0	1361467
2026-04-29 00:00:00	7172.5	7190.75	7131.25	7168.0	1368362
2026-04-30 00:00:00	7150.0	7253.5	7133.75	7243.75	1732392
2026-05-01 00:00:00	7256.0	7300.75	7240.75	7258.0	1263615
2026-05-04 00:00:00	7276.25	7279.75	7199.5	7230.25	1581015
2026-05-05 00:00:00	7228.75	7304.25	7223.75	7287.25	1115385
2026-05-06 00:00:00	7300.5	7395.75	7293.5	7389.5	1631260
2026-05-07 00:00:00	7380.5	7410.5	7345.5	7363.0	1753384
2026-05-08 00:00:00	7340.0	7427.75	7336.25	7419.0	1312034
2026-05-11 00:00:00	7403.5	7454.75	7390.5	7436.75	1233354
2026-05-12 00:00:00	7435.5	7443.75	7363.25	7426.5	1625151
2026-05-13 00:00:00	7419.25	7483.75	7399.0	7469.5	1301334
2026-05-14 00:00:00	7477.5	7540.0	7471.0	7525.5	1371818
2026-05-15 00:00:00	7522.25	7528.25	7409.25	7432.25	1923350
2026-05-18 00:00:00	7410.0	7454.25	7373.5	7425.75	1983487
2026-05-19 00:00:00	7423.5	7440.75	7354.25	7378.0	1804940
2026-05-20 00:00:00	7377.0	7458.0	7356.0	7451.75	1585626
2026-05-21 00:00:00	7432.75	7486.75	7407.5	7466.0	1738205
2026-05-22 00:00:00	7467.0	7524.0	7466.75	7491.0	1242275
2026-05-26 00:00:00	7519.0	7569.75	7517.0	7537.0	1422109
2026-05-27 00:00:00	7533.0	7570.75	7515.0	7540.0	1291159
2026-05-28 00:00:00	7553.75	7590.75	7505.75	7581.75	1280521
2026-05-29 00:00:00	7587.5	7611.5	7572.75	7595.75	1581690
2026-06-01 00:00:00	7595.0	7632.25	7576.25	7613.25	1392611
2026-06-02 00:00:00	7612.0	7632.0	7576.5	7623.75	1086612
2026-06-03 00:00:00	7628.0	7628.5	7541.75	7571.75	1379991
2026-06-04 00:00:00	7539.75	7611.5	7524.5	7601.0	1242281
2026-06-05 00:00:00	7589.5	7591.0	7359.0	7400.5	2370312
2026-06-08 00:00:00	7368.0	7476.75	7355.5	7416.0	1821072
2026-06-09 00:00:00	7412.75	7491.0	7247.25	7392.75	2505679
2026-06-10 00:00:00	7380.0	7404.75	7256.0	7278.5	1851849
2026-06-11 00:00:00	7259.25	7420.0	7232.25	7396.0	2295133
2026-06-12 00:00:00	7397.5	7461.75	7366.5	7435.0	1864805
2026-06-15 00:00:00	7480.0	7584.5	7480.0	7561.25	1883235
2026-06-16 00:00:00	7560.75	7570.5	7509.75	7518.5	904077
2026-06-17 00:00:00	7514.5	7544.5	7405.0	7424.5	517609
2026-06-18 00:00:00	7440.5	7514.5	7436.25	7508.43017578125	1671842
2026-06-22 00:00:00	7543.25	7599.25	7513.0	7541.25	1582505
2026-06-23 00:00:00	7541.25	7549.5	7415.25	7437.5	1816290
2026-06-24 00:00:00	7449.25	7496.5	7404.25	7428.25	1864716
2026-06-25 00:00:00	7476.25	7496.0	7390.5	7423.25	1670252
2026-06-26 00:00:00	7431.0	7459.5	7357.25	7401.75	1514235
2026-06-29 00:00:00	7398.0	7505.0	7398.0	7500.25	1520958
2026-06-30 00:00:00	7495.5	7567.75	7481.75	7548.25	1347483
2026-07-01 00:00:00	7543.25	7579.0	7505.75	7543.5	1331380
2026-07-02 00:00:00	7536.0	7593.75	7479.5	7528.25	1766963
2026-07-06 00:00:00	7562.25	7602.5	7538.25	7591.5	1165299
2026-07-07 00:00:00	7597.0	7601.25	7529.5	7551.25	1259499
2026-07-08 00:00:00	7545.0	7563.0	7468.5	7528.75	1503496
2026-07-09 00:00:00	7517.25	7595.0	7516.25	7588.75	1080972
2026-07-10 00:00:00	7587.25	7628.75	7552.75	7620.25	1076448
2026-07-13 00:00:00	7607.0	7615.25	7547.25	7563.0	1272313
2026-07-14 00:00:00	7557.0	7613.75	7531.5	7591.25	1138130
2026-07-15 00:00:00	7589.75	7626.25	7571.75	7614.75	1313380
2026-07-16 00:00:00	7615.0	7632.0	7548.25	7577.75	1323663
2026-07-17 00:00:00	7572.75	7575.0	7473.0	7497.75	1710680
2026-07-20 00:00:00	7485.0	7552.0	7476.75	7484.25	1388418
2026-07-21 00:00:00	7484.0	7554.0	7473.0	7545.75	1038606
2026-07-22 00:00:00	7545.0	7563.5	7504.0	7540.25	1056769
2026-07-23 00:00:00	7530.25	7549.5	7411.75	7445.0	1650704
2026-07-24 00:00:00	7450.5	7496.5	7431.5	7447.5	1450023
2026-07-27 00:00:00	7490.0	7524.75	7416.25	7448.25	1468720
2026-07-28 00:00:00	7453.0	7485.75	7417.0	7465.25	1389750
2026-07-29 00:00:00	7464.0	7501.0	7324.0	7351.25	2067427
2026-07-30 00:00:00	7338.0	7498.0	7331.0	7472.5	1739568
2026-07-31 00:00:00	7479.5	7541.0	7427.5	7519.25	1831952
2026-08-03 00:00:00	7550.0	7637.75	7542.75	7628.25	1457022
2026-08-04 00:00:00	7631.0	7786.0	7629.0	7765.5	1724914
2026-08-05 00:00:00	7772.0	7820.25	7745.75	7749.5	1500673
2026-08-06 00:00:00	7756.75	7770.75	7724.25	7734.75	1253438
2026-08-07 00:00:00	7735.0	7786.75	7725.5	7779.75	1236073
2026-08-10 00:00:00	7776.75	7798.0	7763.0	7776.75	923190
2026-08-11 00:00:00	7778.25	7796.0	7738.0	7747.5	1010336
2026-08-12 00:00:00	7756.0	7794.0	7748.5	7770.5	944743
2026-08-13 00:00:00	7770.0	7838.5	7764.25	7822.5	1106913
2026-08-14 00:00:00	7825.0	7831.75	7796.5	7805.0	917625
2026-08-17 00:00:00	7809.25	7824.5	7763.5	7768.75	992564
2026-08-18 00:00:00	7766.0	7770.5	7710.25	7714.0	1277258
2026-08-19 00:00:00	7714.0	7764.75	7698.25	7729.0	1437865
2026-08-20 00:00:00	7733.0	7746.5	7657.75	7662.5	1468662
2026-08-21 00:00:00	7669.0	7714.0	7661.25	7691.25	1194104
2026-08-24 00:00:00	7693.5	7703.25	7655.0	7669.75	1088482
2026-08-25 00:00:00	7676.0	7714.0	7660.25	7692.0	1003461
2026-08-26 00:00:00	7691.5	7710.25	7670.75	7690.0	1083071
2026-08-27 00:00:00	7722.0	7755.5	7702.75	7742.5	1347688
2026-08-28 00:00:00	7733.75	7782.5	7711.75	7722.0	1520831
2026-08-31 00:00:00	7723.5	7724.0	7674.75	7699.0	1247996
2026-09-01 00:00:00	7701.25	7708.0	7621.5	7642.75	1599408
2026-09-02 00:00:00	7645.0	7691.25	7618.5	7676.5	1312751
2026-09-03 00:00:00	7673.5	7766.5	7661.25	7754.75	1466815
2026-09-04 00:00:00	7749.75	7764.5	7711.75	7722.0	1266711
2026-09-08 00:00:00	7715.5	7728.5	7672.25	7680.5	1541813
2026-09-09 00:00:00	7681.0	7691.25	7628.75	7643.75	1432203
2026-09-10 00:00:00	7646.5	7666.25	7585.5	7598.5	1713441
2026-09-11 00:00:00	7599.5	7683.5	7594.25	7659.5	2084922
2026-09-14 00:00:00	7609.25	7652.0	7593.75	7625.0	1925420
2026-09-15 00:00:00	7631.0	7633.25	7576.75	7589.25	943078
2026-09-16 00:00:00	7596.5	7632.0	7509.25	7556.5	487789
2026-09-17 00:00:00	7557.5	7654.5	7551.5	7640.0	285399
2026-09-18 00:00:00	7637.0	7670.25	7625.25	7657.35009765625	1470203
2026-09-21 00:00:00	7722.0	7847.25	7713.75	7833.5	1378280
2026-09-22 00:00:00	7830.0	7848.5	7810.5	7831.75	1342461
2026-09-23 00:00:00	7830.0	7843.25	7758.75	7772.5	1557112
2026-09-24 00:00:00	7774.75	7783.5	7707.25	7767.0	1741473
2026-09-25 00:00:00	7759.0	7814.75	7748.5	7803.75	1642370
2026-09-28 00:00:00	7796.0	7803.0	7726.0	7746.75	1768110
2026-09-29 00:00:00	7746.5	7770.75	7712.25	7732.0	1643532
2026-09-30 00:00:00	7739.0	7782.0	7705.5	7715.5	2017550
2026-10-01 00:00:00	7719.5	7767.75	7672.75	7724.0	2214495
2026-10-02 00:00:00	7724.0	7810.25	7723.25	7777.25	2214495
